text,clean,star,vader_compound,token_count,log_token_count,resid_m1,star_bin_1,star_bin_5
was working till update was gonna buy full version lucky me dont work any longer,was working till update was gonna buy full version lucky me dont work any longer,1,0.4215,11,2.4849066497880004,-2.389070537650223,1,0
When I open the game on it it says ppsspp has stopped working and it stops.,when i open the game on it it says ppsspp has stopped working and it stops,1,-0.3612,7,2.0794415416798357,-1.1318332149953054,1,0
Mission Just,mission just,1,0.0,1,0.6931471805599453,-1.7120224585662216,1,0
After few hours of installing when i again opened it . It is only showing connecting and connecting,after few hours of installing when i again opened it it is only showing connecting and connecting,1,0.0,6,1.9459101490553132,-1.7120224585662216,1,0
Don't have every song,don t have every song,1,0.0,2,1.0986122886681098,-1.7120224585662216,1,0
Taking too long n require constant updates,taking too long n require constant updates,1,0.0,5,1.791759469228055,-1.7120224585662216,1,0
Very biased news feed Bought and paid for by the Crooked Clinton campaign,very biased news feed bought and paid for by the crooked clinton campaign,1,-0.3384,8,2.1972245773362196,-1.1684564562838347,1,0
Useless The advertisements blocked the editor,useless the advertisements blocked the editor,1,-0.5994,4,1.6094379124341003,-0.7492167204809301,1,0
Buffer issues Rarely allows streaming news service. Worthless.,buffer issues rarely allows streaming news service worthless,1,-0.4404,8,2.1972245773362196,-1.0046156399930446,1,0
Very poooor Not a nice app,very poooor not a nice app,1,-0.3809,3,1.3862943611198906,-1.1001894494960056,1,0
Wow Honestly guys  if I can barely play pokemon or Kingdom Hearts with no volume and really slow frame rate  I might as well buy Drastic DS Emulator ????,wow honestly guys if i can barely play pokemon or kingdom hearts with no volume and really slow frame rate i might as well buy drastic ds emulator,1,0.8679,18,2.9444389791664403,-3.1061150512993283,1,0
I need google play revise,i need google play revise,1,0.34,4,1.6094379124341003,-2.258158512868856,1,0
It has many grafical problems in the zte meo smart p80,it has many grafical problems in the zte meo smart p,1,0.0,6,1.9459101490553132,-1.7120224585662216,1,0
Worstest App ever Have to update it hundred times,worstest app ever have to update it hundred times,1,0.0,6,1.9459101490553132,-1.7120224585662216,1,0
Loser This app is not help,loser this app is not help,1,-0.6866,3,1.3862943611198906,-0.609148885377431,1,0
When you update it keep on loading but nothing happens after that.,when you update it keep on loading but nothing happens after that,1,0.0,5,1.791759469228055,-1.7120224585662216,1,0
Lost backup!! I completely lost 8500 txt messages  can't be recovered! Thank you for nothing! Sh*t app!,lost backup i completely lost txt messages can t be recovered thank you for nothing sh t app,1,-0.8004,10,2.3978952727983707,-0.4263539354373138,1,0
New scrolling and selection is very buggy,new scrolling and selection is very buggy,1,0.0,4,1.6094379124341003,-1.7120224585662216,1,0
Copy to other phones Please add option to copy to other phones,copy to other phones please add option to copy to other phones,1,0.3182,7,2.0794415416798357,-2.2231415540929813,1,0
Opened one time and then won't anymore,opened one time and then won t anymore,1,0.0,4,1.6094379124341003,-1.7120224585662216,1,0
Forced updated sucks,forced updated sucks,1,-0.6705,3,1.3862943611198906,-0.6350100338311733,1,0
Plz I dont know hw to root my device,plz i dont know hw to root my device,1,0.0772,5,1.791759469228055,-1.8360274685431728,1,0
Not rejisterd,not rejisterd,1,0.0,1,0.6931471805599453,-1.7120224585662216,1,0
Bad services ! Bad ! I've waited to many hour for updating this services !,bad services bad i ve waited to many hour for updating this services,1,-0.8349,8,2.1972245773362196,-0.3709371887507231,1,0
Je voulais faire 0 étoile non mais je fais la mise a jour car c obligatoire pour certaines apps mais a mon avis je ne l'installe pas,je voulais faire toile non mais je fais la mise a jour car c obligatoire pour certaines apps mais a mon avis je ne l installe pas,1,0.0,18,2.9444389791664403,-1.7120224585662216,1,0
1 star A single star,star a single star,1,0.0,3,1.3862943611198906,-1.7120224585662216,1,0
Invalid SSL certificate Why is this? It only happens on this app. I am trying to sign in through my self-hosted sites. I must go through the browser  which renders the app useless.,invalid ssl certificate why is this it only happens on this app i am trying to sign in through my self hosted sites i must go through the browser which renders the app useless,1,-0.4215,15,2.772588722239781,-1.0349743794822204,1,0
Misrepresented. Runs on their servers only? It doesn't ask for network permission  but won't add 1+1 if network is disabled. Apparently does not run locally. As near as I can tell  you can't back your files up locally either unless you cut and paste. Crashes *any* time plot is called  etc. Last crash lost a couple hours of work and all the examples.,misrepresented runs on their servers only it doesn t ask for network permission but won t add if network is disabled apparently does not run locally as near as i can tell you can t back your files up locally either unless you cut and paste crashes any time plot is called etc last crash lost a couple hours of work and all the examples,1,-0.8462,33,3.5263605246161616,-0.3527861963577237,1,0
"It crash. Every time I click the file it always says """"""""""""""""""""""""""""""""unfortunately nds4droid has stopped"""""""""""""""""""""""""""""""" please fix this..""""",it crash every time i click the file it always says unfortunately nds droid has stopped please fix this,1,-0.1027,13,2.6390573296152584,-1.547057244516573,1,0
Not able to save work... Couldn't find in gallery. Otherwise it was easy and fun.. But no use in the end if not able to save.,not able to save work couldn t find in gallery otherwise it was easy and fun but no use in the end if not able to save,1,-0.7274,12,2.5649493574615367,-0.5436125588611147,1,0
So annoying I will keep updating and updating and yet it won't install It's useless,so annoying i will keep updating and updating and yet it won t install it s useless,1,-0.1682,7,2.0794415416798357,-1.441845739937683,1,0
Not able to install on my MI Max getting error,not able to install on my mi max getting error,1,-0.4019,5,1.791759469228055,-1.0664575167302548,1,0
Very poor Trash. Very dull of an app,very poor trash very dull of an app,1,-0.7496,4,1.6094379124341003,-0.5079530870801781,1,0
Intollerable Buffering Cozing Low Battery!!! I'm trying to Download GOOGLE PLAY App since last 1(one) Month into my MICROMAX A-28 BOLT ANDROID Handset. But till date  its Bufferring since a Huse Time grabbing my Phone's Battery & also Data Balance!!! Yet Neither its Downloading itself  Nor leting Download any Video/Mp3 Songs I wish to Download. So I Never found such a THIRD-CLASS & FAKE App till today!!! :-(,intollerable buffering cozing low battery i m trying to download google play app since last one month into my micromax a bolt android handset but till date its bufferring since a huse time grabbing my phone s battery also data balance yet neither its downloading itself nor leting download any video mp songs i wish to download so i never found such a third class fake app till today,1,-0.765,47,3.871201010907891,-0.48321633638529393,1,0
It stopped working,it stopped working,1,-0.2263,2,1.0986122886681098,-1.3485207259524388,1,0
Hates it Awful!,hates it awful,1,-0.7345,2,1.0986122886681098,-0.5322079530212656,1,0
The placement of the stars is backwards help,the placement of the stars is backwards help,1,0.4019,4,1.6094379124341003,-2.3575874004021884,1,0
No keypad Useless as there is no keypad to enter the new verification code in the Genesis app before playing a movie,no keypad useless as there is no keypad to enter the new verification code in the genesis app before playing a movie,1,-0.6597,11,2.4849066497880004,-0.6523578849678453,1,0
It was a 5 star app and then... Love this app... But recently  snooze stopped working. I almost missed work because the alarm did not go off after the initial alarm. I think it began around the time I updated my system software. If it's fixed  this will be a 5 star app again!,it was a star app and then love this app but recently snooze stopped working i almost missed work because the alarm did not go off after the initial alarm i think it began around the time i updated my system software if it s fixed this will be a star app again,1,-0.8226,24,3.2188758248682006,-0.39069446365637717,1,0
I like this app This app contains many specialities.,i like this app this app contains many specialities,1,0.3612,6,1.9459101490553132,-2.2922117021371378,1,0
Sucks,sucks,1,-0.3612,1,0.6931471805599453,-1.1318332149953054,1,0
Eat so much space,eat so much space,1,0.0,3,1.3862943611198906,-1.7120224585662216,1,0
It's large n hanged n virus,it s large n hanged n virus,1,0.0,3,1.3862943611198906,-1.7120224585662216,1,0
Doesn't save on SD card,doesn t save on sd card,1,-0.3875,2,1.0986122886681098,-1.0895879849124839,1,0
This app is always updating  not all of the people can upgrade their phones dont you think of that .Why this app alqays updating fuckyou,this app is always updating not all of the people can upgrade their phones dont you think of that why this app alqays updating fuckyou,1,0.0,12,2.5649493574615367,-1.7120224585662216,1,0
.. Um  just downloaded it and I can't even type into the search bar to find a song. Great app???? Not.,um just downloaded it and i can t even type into the search bar to find a song great app not,1,0.7236,9,2.302585092994046,-2.8743284847232404,1,0
Waste of an app What a waste of time and space! This app is a useless joke. You can't do anything on it at all. Uninstalling.,waste of an app what a waste of time and space this app is a useless joke you can t do anything on it at all uninstalling,1,-0.7574,10,2.3978952727983707,-0.4954240834814707,1,0
Hate this app,hate this app,1,-0.5719,2,1.0986122886681098,-0.7933894895789373,1,0
It takes for every to download,it takes for every to download,1,0.0,3,1.3862943611198906,-1.7120224585662216,1,0
Stopped Working Won't connect.,stopped working won t connect,1,-0.2263,3,1.3862943611198906,-1.3485207259524388,1,0
Sucks,sucks,1,-0.3612,1,0.6931471805599453,-1.1318332149953054,1,0
Crashed my galaxy S7 and when it rebooted my sd card wasn't recognized and required formatting. Luckily I just uninstalled the app  rebooted  and everything went back to normal,crashed my galaxy s and when it rebooted my sd card wasn t recognized and required formatting luckily i just uninstalled the app rebooted and everything went back to normal,1,0.5106,15,2.772588722239781,-2.532190309527766,1,0
Hai shame ngiyabonga! The codes that i was given were are not working  ive been unable to login for days now. M so unistalling thank u,hai shame ngiyabonga the codes that i was given were are not working ive been unable to login for days now m so unistalling thank u,1,-0.1565,12,2.5649493574615367,-1.4606392453357442,1,0
Soheb It required permission dn't know what to do??? Plz guide,soheb it required permission dn t know what to do plz guide,1,0.212,6,1.9459101490553132,-2.0525543512490407,1,0
USELESS APP. NOT EVEN USING IT. Why cant other apps function without it. Tsk... Stupidest app ever. Dont even know what its for... Rate 0 stars if possible but nope... Update it anyway. Since cant use other apps without it being updated... 😠,useless app not even using it why cant other apps function without it tsk stupidest app ever dont even know what its for rate stars if possible but nope update it anyway since cant use other apps without it being updated,1,-0.0973,27,3.332204510175204,-1.555731170084909,1,0
Bekar not update,bekar not update,1,0.0,2,1.0986122886681098,-1.7120224585662216,1,0
It takes forever,it takes forever,1,0.0,2,1.0986122886681098,-1.7120224585662216,1,0
Waiting for verification. Verification code not arrive in India.,waiting for verification verification code not arrive in india,1,0.0,6,1.9459101490553132,-1.7120224585662216,1,0
fack not work,fack not work,1,0.0,2,1.0986122886681098,-1.7120224585662216,1,0
Sad Hate it everyday. Always updsting and giving errors etc. Fix it! I deserve to use other apps,sad hate it everyday always updsting and giving errors etc fix it i deserve to use other apps,1,-0.7959,12,2.5649493574615367,-0.4335822067442605,1,0
Fuuk youuuuu Fufuuuuk you,fuuk youuuuu fufuuuuk you,1,0.0,3,1.3862943611198906,-1.7120224585662216,1,0
Awsome Its work,awsome its work,1,0.0,2,1.0986122886681098,-1.7120224585662216,1,0
Disaster,disaster,1,-0.6249,1,0.6931471805599453,-0.7082565164082326,1,0
Hate it LOW BATTERY. I'M DONE WITH THIS CRAP,hate it low battery i m done with this crap,1,-0.871,5,1.791759469228055,-0.3129503900438846,1,0
I think most of the apps are useless to me.,i think most of the apps are useless to me,1,-0.4215,3,1.3862943611198906,-1.0349743794822204,1,0
It won't go away! I can not remove from my phone and since I downloaded it my phone has not worked right at all,it won t go away i can not remove from my phone and since i downloaded it my phone has not worked right at all,1,0.0,8,2.1972245773362196,-1.7120224585662216,1,0
Bad Bad,bad bad,1,-0.7906,2,1.0986122886681098,-0.442095504061331,1,0
New interface changes need work Seriously  the main reason I was using this app was because of the black background. Not cool  man. Give us an option to at least invert the scheme. Also give an option to disable swipe. I've deleted dozens of puzzles on accident. It is way too touchy.,new interface changes need work seriously the main reason i was using this app was because of the black background not cool man give us an option to at least invert the scheme also give an option to disable swipe i ve deleted dozens of puzzles on accident it is way too touchy,1,-0.6968,30,3.4339872044851463,-0.5927648037483519,1,0
menganjing semua aplikasi mesti perlukan apps ni...kuat menganjing betollah,menganjing semua aplikasi mesti perlukan apps ni kuat menganjing betollah,1,0.0,9,2.302585092994046,-1.7120224585662216,1,0
Can't play my games now. After the latest update I am not able to play any of my games and the browsing speed has also reduced a lot.,can t play my games now after the latest update i am not able to play any of my games and the browsing speed has also reduced a lot,1,-0.4717,12,2.5649493574615367,-0.9543389973469489,1,0
ERROR On average it will be stopped by an error and there is nothing in the troubleshooting section that even remotely helps me fix it,error on average it will be stopped by an error and there is nothing in the troubleshooting section that even remotely helps me fix it,1,-0.7141,11,2.4849066497880004,-0.5649761162794238,1,0
Too slow to download Tried multiple times,too slow to download tried multiple times,1,0.0,5,1.791759469228055,-1.7120224585662216,1,0
Setting not working Poor app.,setting not working poor app,1,0.3724,4,1.6094379124341003,-2.3102020662788716,1,0
No need.. Please stop updating this in my phone!!!,no need please stop updating this in my phone,1,-0.4545,5,1.791759469228055,-0.9819670565646117,1,0
Waste of data,waste of data,1,-0.4215,2,1.0986122886681098,-1.0349743794822204,1,0
Please Erase the annoying notification,please erase the annoying notification,1,-0.1027,4,1.6094379124341003,-1.547057244516573,1,0
rubbish,rubbish,1,0.0,1,0.6931471805599453,-1.7120224585662216,1,0
Good May be good.,good may be good,1,0.7003,3,1.3862943611198906,-2.8369021021783833,1,0
Won't download songs,won t download songs,1,0.0,2,1.0986122886681098,-1.7120224585662216,1,0
Unable to search file / further subfolder names in subfolders! After cut-paste  the operation process name is stuck at the notification bar for ever.. How to customise menu layout?,unable to search file further subfolder names in subfolders after cut paste the operation process name is stuck at the notification bar for ever how to customise menu layout,1,-0.3164,18,2.9444389791664403,-1.2037946715622407,1,0
Sivakumar Kumar,sivakumar kumar,1,0.0,2,1.0986122886681098,-1.7120224585662216,1,0
I hate stickers in this app...... Please urge your company to remove the stickers as insulting to buddhisam here. And indeed woried about what to include such Please  remove buddhisam stickers,i hate stickers in this app please urge your company to remove the stickers as insulting to buddhisam here and indeed woried about what to include such please remove buddhisam stickers,1,-0.5106,17,2.8903717578961645,-0.8918546076046769,1,0
Siam sim,siam sim,1,0.0,2,1.0986122886681098,-1.7120224585662216,1,0
Need update !!!!,need update,1,0.0,2,1.0986122886681098,-1.7120224585662216,1,0
Eunice Wao,eunice wao,1,0.0,2,1.0986122886681098,-1.7120224585662216,1,0
Dakument,dakument,1,0.0,1,0.6931471805599453,-1.7120224585662216,1,0
Too much hassle Plugin needed for every next feature.,too much hassle plugin needed for every next feature,1,0.0,7,2.0794415416798357,-1.7120224585662216,1,0
Doesn't sync ALL photos & Ads I use to love this app. Used it for years. However  now it does not sync all my contacts that are in my phone and there is no way to manually select either. Also  the ads are annoying. Uninstalling until it's fixed.,doesn t sync all photos ads i use to love this app used it for years however now it does not sync all my contacts that are in my phone and there is no way to manually select either also the ads are annoying uninstalling until it s fixed,1,0.0772,21,3.091042453358316,-1.8360274685431728,1,0
Not restoring anymore. Used to be good app.,not restoring anymore used to be good app,1,0.2528,5,1.791759469228055,-2.1180906777653568,1,0
It not respond Solve this problem it doesn't respond on my Qmobile I5I,it not respond solve this problem it doesn t respond on my qmobile i i,1,-0.5743,5,1.791759469228055,-0.7895344115485656,1,0
It WAS an amazing game but... I changed the GUI size once and instead of making it bigger  it made the GUI super small. So small to the point I could not start anything. I could not fix it's I tried reinstalling even! Please fix it...,it was an amazing game but i changed the gui size once and instead of making it bigger it made the gui super small so small to the point i could not start anything i could not fix it s i tried reinstalling even please fix it,1,0.8832,24,3.2188758248682006,-3.1306911737429477,1,0
Super Assom,super assom,1,0.5994,2,1.0986122886681098,-2.674828196651513,1,0
Used to work okay I have always had some complaints about this app  but now it's just unusable. The sound skips backwards frequently. Adding this complaint to obsolete content and the very annoying twenty minute cutoff for shows that are longer than twenty minutes  and I am uninstalling.,used to work okay i have always had some complaints about this app but now it s just unusable the sound skips backwards frequently adding this complaint to obsolete content and the very annoying twenty minute cutoff for shows that are longer than twenty minutes and i am uninstalling,1,-0.887,24,3.2188758248682006,-0.28724986984140743,1,0
I wish the cached music I set. Wouldn't delete it self. Please keep the downloaded music on the app.,i wish the cached music i set wouldn t delete it self please keep the downloaded music on the app,1,0.6124,11,2.4849066497880004,-2.6957098693160257,1,0
I lost my keys after update Thank you  Google :(,i lost my keys after update thank you google,1,-0.4019,5,1.791759469228055,-1.0664575167302548,1,0
Uses up too many resources.,uses up too many resources,1,0.0,3,1.3862943611198906,-1.7120224585662216,1,0
Awesome and reliable! Update Jan 2016: NO LONGER SILENCES AT NIGHT. Old review:I have used this with three devices. It has never crashed or caused an issue for the four years I have used it.,awesome and reliable update jan no longer silences at night old review i have used this with three devices it has never crashed or caused an issue for the four years i have used it,1,0.3525,19,2.995732273553991,-2.278237044277041,1,0
Stop this nonsense Google please stop this it uses more RAM,stop this nonsense google please stop this it uses more ram,1,-0.5859,7,2.0794415416798357,-0.77090153440177,1,0
It sucks It never saved correctly  it was way to slow and kept on freezing.i also couldn't see any Pokemon during battles,it sucks it never saved correctly it was way to slow and kept on freezing i also couldn t see any pokemon during battles,1,-0.753,12,2.5649493574615367,-0.5024917265371518,1,0
Crash Crash Crash whenever I try to start a blog it crashes. Fix it plzzz asap. :),crash crash crash whenever i try to start a blog it crashes fix it plzzz asap,1,-0.6249,11,2.4849066497880004,-0.7082565164082326,1,0
wish all of google wasnt mandatory stock apps.,wish all of google wasnt mandatory stock apps,1,0.3565,6,1.9459101490553132,-2.2846621743276603,1,0
It won't update,it won t update,1,0.0,1,0.6931471805599453,-1.7120224585662216,1,0
Good I want it,good i want it,1,0.4939,2,1.0986122886681098,-2.505365391566431,1,0
This used to be great  now I get invalid qt version. My app is qt4.8,this used to be great now i get invalid qt version my app is qt,1,0.7845,6,1.9459101490553132,-2.972151089743918,1,0
Google Talk Back this is not a cool application,google talk back this is not a cool application,1,-0.2411,5,1.791759469228055,-1.3247477447651477,1,0
Cant use on android 5.0 Just white screen appear,cant use on android just white screen appear,1,0.0,6,1.9459101490553132,-1.7120224585662216,1,0
"This is a program  not a service or place of business for illegal telepathy and craft to be conduct """"""""""""""""""""""""""""""""cles'"""""""""""""""""""""""""""""""" I am not pleased with such carelessness. Think about your mother..""""",this is a program not a service or place of business for illegal telepathy and craft to be conduct cles i am not pleased with such carelessness think about your mother,1,-0.8129,13,2.6390573296152584,-0.40627540402912876,1,0
I.m time updeating a was problem me,i m time updeating a was problem me,1,-0.4019,3,1.3862943611198906,-1.0664575167302548,1,0
Pokemon dont save itself. Always crashing.,pokemon dont save itself always crashing,1,-0.3875,5,1.791759469228055,-1.0895879849124839,1,0
Cant be removed,cant be removed,1,0.0,2,1.0986122886681098,-1.7120224585662216,1,0
Need big memory,need big memory,1,0.0,3,1.3862943611198906,-1.7120224585662216,1,0
Games Games,games games,1,0.0,2,1.0986122886681098,-1.7120224585662216,1,0
It doesn't have most of the songs I was looking for,it doesn t have most of the songs i was looking for,1,0.0,2,1.0986122886681098,-1.7120224585662216,1,0
Too much time wasting,too much time wasting,1,-0.4019,3,1.3862943611198906,-1.0664575167302548,1,0
"Constant error message. """"""""""""""""Unfortunately Google Play services has stopped"""""""""""""""". Who cares ???""""",constant error message unfortunately google play services has stopped who cares,1,0.5007,9,2.302585092994046,-2.5162881126524836,1,0
Ha 12,ha,1,0.34,0,0.0,-2.258158512868856,1,0
Sabc F*** you,sabc f you,1,0.0,1,0.6931471805599453,-1.7120224585662216,1,0
This app. Will brick your phone By enabling this application I almost bricked my phone it takes me hrs. to bring back the phone to normal condition,this app will brick your phone by enabling this application i almost bricked my phone it takes me hrs to bring back the phone to normal condition,1,0.0,15,2.772588722239781,-1.7120224585662216,1,0
Bad Won't come on and keeps saying error,bad won t come on and keeps saying error,1,-0.7351,5,1.791759469228055,-0.5312441835136728,1,0
Sucks I think its for the blind,sucks i think its for the blind,1,-0.6369,3,1.3862943611198906,-0.6889811262563748,1,0
So irritated,so irritated,1,-0.5095,1,0.6931471805599453,-0.8936215183685974,1,0
NTEGE GERALD Hello,ntege gerald hello,1,0.0,3,1.3862943611198906,-1.7120224585662216,1,0
Usefull,usefull,1,0.0,1,0.6931471805599453,-1.7120224585662216,1,0
Annoying popup The pop up that shows when I open remote is too annoying. Possibly because I am using an older version,annoying popup the pop up that shows when i open remote is too annoying possibly because i am using an older version,1,-0.6597,11,2.4849066497880004,-0.6523578849678453,1,0
Stinks,stinks,1,-0.25,1,0.6931471805599453,-1.3104518304025197,1,0
Weak  garbage Calibration is off  like stupid off,weak garbage calibration is off like stupid off,1,-0.5859,5,1.791759469228055,-0.77090153440177,1,0
Devil It just sucks,devil it just sucks,1,-0.7845,2,1.0986122886681098,-0.45189382738852535,1,0
This app sucks. It will not find any songs I want.,this app sucks it will not find any songs i want,1,-0.296,5,1.791759469228055,-1.2365628348203987,1,0
I hated it,i hated it,1,-0.6369,1,0.6931471805599453,-0.6889811262563748,1,0
my carefully aquired playlists have just disappeared  beware ! buggy software!,my carefully aquired playlists have just disappeared beware buggy software,1,-0.2462,7,2.0794415416798357,-1.3165557039506082,1,0
Uses more battery than it said it would Not a very good passive app. Didn't seem to have a setting to passively collect data. Also couldn't delete my recorded data in the app.,uses more battery than it said it would not a very good passive app didn t seem to have a setting to passively collect data also couldn t delete my recorded data in the app,1,-0.6274,17,2.8903717578961645,-0.7042408101265956,1,0
Hate this app Horrible first impression  doesn't even work,hate this app horrible first impression doesn t even work,1,-0.743,7,2.0794415416798357,-0.5185545516636998,1,0
I just dont need it Just like the google text to speech i do not need this app... i cant get rid of it cause its a permanent app on my phone and its just annoying!! It should be an optional decision for the user to download it or not!!,i just dont need it just like the google text to speech i do not need this app i cant get rid of it cause its a permanent app on my phone and its just annoying it should be an optional decision for the user to download it or not,1,-0.3331,20,3.044522437723423,-1.1769697536009054,1,0
POOR UI it's 2016,poor ui it s,1,-0.5904,1,0.6931471805599453,-0.7636732630948233,1,0
lakhan,lakhan,1,0.0,1,0.6931471805599453,-1.7120224585662216,1,0
Garbage... Not even worth 1 star!,garbage not even worth star,1,-0.2401,4,1.6094379124341003,-1.3263540272778025,1,0
It won't up date iv tried and tried and not going to try again!,it won t up date iv tried and tried and not going to try again,1,0.0,5,1.791759469228055,-1.7120224585662216,1,0
App is junk. Locks all other apps if errors occur with it. To bad no zero stars,app is junk locks all other apps if errors occur with it to bad no zero stars,1,-0.7964,9,2.302585092994046,-0.4327790654879331,1,0
So boring Its so hard to control,so boring its so hard to control,1,-0.5083,3,1.3862943611198906,-0.895549057383783,1,0
Crashes instantly every time that I try to connect it to a standard rtorrent server  can't even open the anymore.,crashes instantly every time that i try to connect it to a standard rtorrent server can t even open the anymore,1,0.0,12,2.5649493574615367,-1.7120224585662216,1,0
Keeps shutting down Since the update it shuts down everytime I try to start it on my galaxy tab A,keeps shutting down since the update it shuts down everytime i try to start it on my galaxy tab a,1,0.0,10,2.3978952727983707,-1.7120224585662216,1,0
Good for the first like three times playing it,good for the first like three times playing it,1,0.7351,6,1.9459101490553132,-2.8928007336187704,1,0
Horrible No coming back to life,horrible no coming back to life,1,-0.6908,4,1.6094379124341003,-0.6024024988242809,1,0
What does please configure a games directory mean,what does please configure a games directory mean,1,0.3182,5,1.791759469228055,-2.2231415540929813,1,0
Bad Ak baar update karo to hota Hindi,bad ak baar update karo to hota hindi,1,-0.5423,6,1.9459101490553132,-0.8409354519535195,1,0
Didn't scan and didn't open any files.,didn t scan and didn t open any files,1,0.0,3,1.3862943611198906,-1.7120224585662216,1,0
no? wor? on ?o?o g 3,no wor on o o g,1,-0.4871,1,0.6931471805599453,-0.929602246652065,1,0
Can't use my phone  try to install but won't work.,can t use my phone try to install but won t work,1,0.0,5,1.791759469228055,-1.7120224585662216,1,0
Like It's is a good app,like it s is a good app,1,0.6597,3,1.3862943611198906,-2.771687032164598,1,0
Bbbb Ha,bbbb ha,1,0.34,1,0.6931471805599453,-2.258158512868856,1,0
Pointless.,pointless,1,0.0,1,0.6931471805599453,-1.7120224585662216,1,0
I think that it is annoying because when i try to open a page it says Sorry we cannot find a matching file😴😴😴,i think that it is annoying because when i try to open a page it says sorry we cannot find a matching file,1,-0.4588,10,2.3978952727983707,-0.975060041760196,1,0
Playlist doesn't work If you make a playlist when it jumps to the next article it either starts in the middle or just before the end. This is extremely annoying - please fix ASAP!,playlist doesn t work if you make a playlist when it jumps to the next article it either starts in the middle or just before the end this is extremely annoying please fix asap,1,-0.1795,16,2.833213344056216,-1.4236947475446837,1,0
Why do we even have to install this,why do we even have to install this,1,0.0,2,1.0986122886681098,-1.7120224585662216,1,0
Upsate 59 60 time but not work. I can't installe??,upsate time but not work i can t installe,1,0.0,4,1.6094379124341003,-1.7120224585662216,1,0
poor to no documentation. certificates are non-existant. hours wasted,poor to no documentation certificates are non existant hours wasted,1,-0.8176,7,2.0794415416798357,-0.3987258762196513,1,0
locked out of files & won't update database I am locked out of my files. I apply my password  and then am told to update. It never updates and then tells me I applied the wrong password. Backups fail too. Reported to helpdesk four days ago and no response. Uninstalled it to free the files to the root directory and moved them to my PC-they were corrupted and unopenable. Reinstalled it but couldn't move the files back to the phone. Now what? Hey  thanks for nothing!,locked out of files won t update database i am locked out of my files i apply my password and then am told to update it never updates and then tells me i applied the wrong password backups fail too reported to helpdesk four days ago and no response uninstalled it to free the files to the root directory and moved them to my pc they were corrupted and unopenable reinstalled it but couldn t move the files back to the phone now what hey thanks for nothing,1,0.3382,40,3.713572066704308,-2.2552672043460773,1,0
Emir SARAFOLU,emir sarafolu,1,0.0,2,1.0986122886681098,-1.7120224585662216,1,0
Little Net,little net,1,0.0,2,1.0986122886681098,-1.7120224585662216,1,0
time waste. it does nothing.only show permissions which already app manager shows. just go to app manager to see permissions.,time waste it does nothing only show permissions which already app manager shows just go to app manager to see permissions,1,-0.4215,13,2.6390573296152584,-1.0349743794822204,1,0
Why these update eats up phone's app storage These updates are very huge in size and I m having trouble in installing other apps,why these update eats up phone s app storage these updates are very huge in size and i m having trouble in installing other apps,1,-0.0276,11,2.4849066497880004,-1.667689061216949,1,0
P O S NEVER DOWNLOAD THIS TRASH!!!!!,p o s never download this trash,1,0.0,3,1.3862943611198906,-1.7120224585662216,1,0
Useless,useless,1,-0.4215,1,0.6931471805599453,-1.0349743794822204,1,0
Useless,useless,1,-0.4215,1,0.6931471805599453,-1.0349743794822204,1,0
'Cause of the folder that it creates in the storage It can't be deleted. Apparently  I do not have permission to edit anything in it. I wonder why that is.,cause of the folder that it creates in the storage it can t be deleted apparently i do not have permission to edit anything in it i wonder why that is,1,0.2732,10,2.3978952727983707,-2.1508588410235148,1,0
******* little app This app is nonsense dont ever install it. I used it on clash of clans but after that the game never ever opened even after uninstalling this app and again downloading clash of clans,little app this app is nonsense dont ever install it i used it on clash of clans but after that the game never ever opened even after uninstalling this app and again downloading clash of clans,1,-0.2144,20,3.044522437723423,-1.3676354878530308,1,0
Amazing Khan,amazing khan,1,0.5859,2,1.0986122886681098,-2.653143382730673,1,0
I install and can't even open,i install and can t even open,1,0.0,3,1.3862943611198906,-1.7120224585662216,1,0
Always need update and make my storage full!,always need update and make my storage full,1,0.0,6,1.9459101490553132,-1.7120224585662216,1,0
SAMIM samim,samim samim,1,0.0,2,1.0986122886681098,-1.7120224585662216,1,0
Not working Not working in redmi note 3. Android L. Useless apps. Don't download.,not working not working in redmi note android l useless apps don t download,1,-0.4215,8,2.1972245773362196,-1.0349743794822204,1,0
Don't install! Crashes device by freezing the screen  torch can't be switched off. Only a couple of reboots fixed the problem.,don t install crashes device by freezing the screen torch can t be switched off only a couple of reboots fixed the problem,1,-0.5255,11,2.4849066497880004,-0.8679209981661204,1,0
Thanks for making it worse I live this app because it is easy to use and simple. When I open a file it crashes. It's very annoying. You have to fix it,thanks for making it worse i live this app because it is easy to use and simple when i open a file it crashes it s very annoying you have to fix it,1,-0.0754,13,2.6390573296152584,-1.5909087571120493,1,0
Doesn't install. Even tried downloading the superuser.zip and installing via recovery. Getting a footer length error and verification error. Back to SuperSU I guess... ;(,doesn t install even tried downloading the superuser zip and installing via recovery getting a footer length error and verification error back to supersu i guess,1,-0.6597,18,2.9444389791664403,-0.6523578849678453,1,0
Tippanna Tippann,tippanna tippann,1,0.0,2,1.0986122886681098,-1.7120224585662216,1,0
Not Working on Lollipop I just updated my Samsung Galaxy S4 (I9500) to Android 5.01 (Lollipop)  and now DashClock no longer works...,not working on lollipop i just updated my samsung galaxy s i to android lollipop and now dashclock no longer works,1,-0.296,10,2.3978952727983707,-1.2365628348203987,1,0
Require much ram It uses a lot of ram and I cannot play YouTube without it .,require much ram it uses a lot of ram and i cannot play youtube without it,1,-0.2584,9,2.302585092994046,-1.2969590572962195,1,0
Big Time Garbage Google play total lack of service. Can't get this to install. Can't install anything else without it. Did a factory reset. Now have no apps. It won't load anything. Does anyone know how to get this piece of crap to install?,big time garbage google play total lack of service can t get this to install can t install anything else without it did a factory reset now have no apps it won t load anything does anyone know how to get this piece of crap to install,1,-0.5719,25,3.258096538021482,-0.7933894895789373,1,0
Junk application I really hate this app... Crushing my phone..,junk application i really hate this app crushing my phone,1,-0.7574,7,2.0794415416798357,-0.4954240834814707,1,0
Dgh,dgh,1,0.0,1,0.6931471805599453,-1.7120224585662216,1,0
It can not be used,it can not be used,1,0.0,1,0.6931471805599453,-1.7120224585662216,1,0
Not working good,not working good,1,-0.3412,2,1.0986122886681098,-1.1639588652484014,1,0
Its not good Its not good,its not good its not good,1,-0.5875,2,1.0986122886681098,-0.7683314823815222,1,0
Doesn't work I can open the app at all.,doesn t work i can open the app at all,1,0.0,3,1.3862943611198906,-1.7120224585662216,1,0
They get much space,they get much space,1,0.0,3,1.3862943611198906,-1.7120224585662216,1,0
Very nice,very nice,1,0.4754,1,0.6931471805599453,-2.475649165082317,1,0
TMGR Good,tmgr good,1,0.4404,2,1.0986122886681098,-2.4194292771393986,1,0
Moved song then try playing it and comes up can't find file 😁,moved song then try playing it and comes up can t find file,1,0.2023,7,2.0794415416798357,-2.036973410876289,1,0
Garbage,garbage,1,0.0,1,0.6931471805599453,-1.7120224585662216,1,0
L a g g y,l a g g y,1,0.0,0,0.0,-1.7120224585662216,1,0
आईची गांड download करु नका,download,1,0.0,1,0.6931471805599453,-1.7120224585662216,1,0
Eww Didnt work on poot. Says invalid qt version,eww didnt work on poot says invalid qt version,1,0.4215,7,2.0794415416798357,-2.389070537650223,1,0
What expect but TRASH Its a Google app,what expect but trash its a google app,1,0.0,4,1.6094379124341003,-1.7120224585662216,1,0
Comsumes a lot of memory,comsumes a lot of memory,1,0.0,3,1.3862943611198906,-1.7120224585662216,1,0
Noob You are 1st Stupid at world,noob you are st stupid at world,1,-0.5574,3,1.3862943611198906,-0.816680586012432,1,0
It sucks. I can't open my Gmail up due to its update. I wish it won't affect my other apps.,it sucks i can t open my gmail up due to its update i wish it won t affect my other apps,1,0.0516,8,2.1972245773362196,-1.7949066362192099,1,0
"Doesn't work fails to access my GPS """"""""""""""""""""""""""""""""waiting for GPS sync""""""""""""""""""""""""""""""""""""",doesn t work fails to access my gps waiting for gps sync,1,0.3252,7,2.0794415416798357,-2.234385531681565,1,0
Wasting time and wasting the kuota,wasting time and wasting the kuota,1,-0.6597,4,1.6094379124341003,-0.6523578849678453,1,0
Kunal Kunalkumar,kunal kunalkumar,1,0.0,2,1.0986122886681098,-1.7120224585662216,1,0
Not loading I can't download it hard,not loading i can t download it hard,1,0.0762,3,1.3862943611198906,-1.834421186030518,1,0
IT WON'T LET ME UPDATE MY DEVICE!😭😭😭,it won t let me update my device,1,0.0,3,1.3862943611198906,-1.7120224585662216,1,0
Can't remove lockscreen info This app has a lockscreen notification which cannot be removed. I uninstalled it because I find it extremely annoying.,can t remove lockscreen info this app has a lockscreen notification which cannot be removed i uninstalled it because i find it extremely annoying,1,-0.4576,11,2.4849066497880004,-0.9769875807753818,1,0
Haty Xxxgift ,haty xxxgift,1,0.0,2,1.0986122886681098,-1.7120224585662216,1,0
No File Explorer. It used to work on my old phone but now with my Kyocera Hydro Vibe it Crashes. If it wernt for this it would work because I have more than the recommended specs.,no file explorer it used to work on my old phone but now with my kyocera hydro vibe it crashes if it wernt for this it would work because i have more than the recommended specs,1,0.249,15,2.772588722239781,-2.1119868042172687,1,0
Many words are missing Having no updates makes this app a limited reliable source. No words are being updated to the database. Pathetic. I am giving just a star for this app,many words are missing having no updates makes this app a limited reliable source no words are being updated to the database pathetic i am giving just a star for this app,1,-0.8316,16,2.833213344056216,-0.37623792104248377,1,0
No BIOS works Tried various BIOS versions and copied to the correct directory. Reicast either cannot find the loader or if if does the application crashes out each time you load.,no bios works tried various bios versions and copied to the correct directory reicast either cannot find the loader or if if does the application crashes out each time you load,1,-0.296,17,2.8903717578961645,-1.2365628348203987,1,0
Is not good to use my youtube cannot be play,is not good to use my youtube cannot be play,1,-0.5334,4,1.6094379124341003,-0.8552313663161475,1,0
Brıng back reboot recovery why you removed reboot section it was very helpful for me pls bring it back it is hard to reboot to recovery on lg phones. not hard but annoying,br ng back reboot recovery why you removed reboot section it was very helpful for me pls bring it back it is hard to reboot to recovery on lg phones not hard but annoying,1,0.5695,16,2.833213344056216,-2.6268003495231342,1,0
Completely red world ripoff no mods verison of Minecraft. Litterly have to download another app for mods. No basic fly button  junkyiest inventory screen ever  crafting = Horrible  ripped off Minecraft  and has some lame ore called Mesa  also same dam seed over and over.,completely red world ripoff no mods verison of minecraft litterly have to download another app for mods no basic fly button junkyiest inventory screen ever crafting horrible ripped off minecraft and has some lame ore called mesa also same dam seed over and over,1,-0.8658,30,3.4339872044851463,-0.3213030591096895,1,0
What. Seriously  it just jumps out when I try to open it. On an LG LTE phone. If someone helps  I'll raise the rating.,what seriously it just jumps out when i try to open it on an lg lte phone if someone helps i ll raise the rating,1,0.2263,10,2.3978952727983707,-2.0755241911800044,1,0
Sensitive Very sensitive,sensitive very sensitive,1,0.0,2,1.0986122886681098,-1.7120224585662216,1,0
What to do ? Please tell what do to downld my game i m new to this,what to do please tell what do to downld my game i m new to this,1,0.3182,5,1.791759469228055,-2.2231415540929813,1,0
👎👎Boreing❗ annoying app.❗❗ Totally took over my phone like avirus TERRIBLE!!!! Pre installed on Android and had take battery out then still wouldn't shut off locked up my screen. Then my entire phone. Beta testers sucked on this app. Virus acting!!!!,boreing annoying app totally took over my phone like avirus terrible pre installed on android and had take battery out then still wouldn t shut off locked up my screen then my entire phone beta testers sucked on this app virus acting,1,-0.6562,26,3.295836866004329,-0.657979873762137,1,0
new error after ur latest update. when I choose a video file from gallery and send it to someone . he/she cant play that file or in some devices it played very bad with no quality and like a break down cd.,new error after ur latest update when i choose a video file from gallery and send it to someone he she cant play that file or in some devices it played very bad with no quality and like a break down cd,1,-0.7263,19,2.995732273553991,-0.5453794696250351,1,0
Good Very nice,good very nice,1,0.7178,2,1.0986122886681098,-2.8650120461498423,1,0
How many hours does this take,how many hours does this take,1,0.0,3,1.3862943611198906,-1.7120224585662216,1,0
I was using this app but recently it crashes all the time  photo and video. I've sent reports for the past month  nothing. I'm using Samsung S5 up to date.,i was using this app but recently it crashes all the time photo and video i ve sent reports for the past month nothing i m using samsung s up to date,1,0.0,15,2.772588722239781,-1.7120224585662216,1,0
Terrible. Hate it. App won't even open. Crashes as soon as I click on it. What a waste of data.,terrible hate it app won t even open crashes as soon as i click on it what a waste of data,1,-0.8625,10,2.3978952727983707,-0.32660379140145035,1,0
Shit Bull shit,shit bull shit,1,-0.802,3,1.3862943611198906,-0.4237838834170662,1,0
Orbot is starting...............,orbot is starting,1,0.0,2,1.0986122886681098,-1.7120224585662216,1,0
Crappy Crap,crappy crap,1,-0.7351,2,1.0986122886681098,-0.5312441835136728,1,0
Getting -505 Error I have a OnePlus One with Cyanogenmod 12S OEM factory version installed and trying to install it  getting a -505 error. Getting same error when trying to push the install to the phone from my desktop. Other forums indicate same error on other Oneplus phones with Cyanogenmod 12S.,getting error i have a oneplus one with cyanogenmod s oem factory version installed and trying to install it getting a error getting same error when trying to push the install to the phone from my desktop other forums indicate same error on other oneplus phones with cyanogenmod s,1,-0.8689,26,3.295836866004329,-0.3163235833204596,1,0
Suck this apps.. It doesn't update I been try many times to update but it didnt work... My phone CNT update my google play service,suck this apps it doesn t update i been try many times to update but it didnt work my phone cnt update my google play service,1,0.2846,15,2.772588722239781,-2.16917046166778,1,0
Worked on first try but then..... Then after 1st ring tone it would only load 5.92 seconds of every song. Useless. I have a Galaxy Note II & I would think it would be common enough to work with most apps but apparently not this one. If the folks who made the app have any suggestions & can make it work I will be happy to change my rating,worked on first try but then then after st ring tone it would only load seconds of every song useless i have a galaxy note ii i would think it would be common enough to work with most apps but apparently not this one if the folks who made the app have any suggestions can make it work i will be happy to change my rating,1,0.3291,31,3.4657359027997265,-2.2406500334809185,1,0
Drains battery,drains battery,1,0.0,2,1.0986122886681098,-1.7120224585662216,1,0
This app used to be the one app I recommended to everyone  but it said I needed to update and when I did it quit working. I uninstalled / reinstalled to no avail. I disabled screen overlay for everything and made sure location permissions were on. It doesn't show me what I'm looking at anymore just random OR I can manually input something general. But I can no longer point it at something and identify. They ruined it.,this app used to be the one app i recommended to everyone but it said i needed to update and when i did it quit working i uninstalled reinstalled to no avail i disabled screen overlay for everything and made sure location permissions were on it doesn t show me what i m looking at anymore just random or i can manually input something general but i can no longer point it at something and identify they ruined it,1,-0.7506,35,3.58351893845611,-0.5063468045675232,1,0
Great app. Have used it for some time. Unfortunately  started crashing every minute. So frustrating. Had to finally uninstall. Can't give higher rating until latest updates get fixed.,great app have used it for some time unfortunately started crashing every minute so frustrating had to finally uninstall can t give higher rating until latest updates get fixed,1,-0.1263,19,2.995732273553991,-1.5091489772179196,1,0
Didn't read epub files I have on my phone. This app claims to be a reader however I cannot take in files you already have on your phone.,didn t read epub files i have on my phone this app claims to be a reader however i cannot take in files you already have on your phone,1,0.0,12,2.5649493574615367,-1.7120224585662216,1,0
Cannot perform initial setup After clicking connect to Facebook and clicking OK  app loops back to prompt asking if I want to connect to Facebook... Can't setup,cannot perform initial setup after clicking connect to facebook and clicking ok app loops back to prompt asking if i want to connect to facebook can t setup,1,0.4995,16,2.833213344056216,-2.5143605736372976,1,0
Never Performs Right Reported problems on Asus tablet back in April  I see nothing has been fixed.,never performs right reported problems on asus tablet back in april i see nothing has been fixed,1,-0.4019,12,2.5649493574615367,-1.0664575167302548,1,0
Boos athui,boos athui,1,0.0,2,1.0986122886681098,-1.7120224585662216,1,0
Doesn't work with passcode I have my device secured with encryption and a password. This just doesn't work unless you have swipe to unlock :(,doesn t work with passcode i have my device secured with encryption and a password this just doesn t work unless you have swipe to unlock,1,-0.0516,10,2.3978952727983707,-1.6291382809132333,1,0
Does not work Says that it can't find Kodi anywhere on my network and yet I'm watching it as I type this review. Seriously?,does not work says that it can t find kodi anywhere on my network and yet i m watching it as i type this review seriously,1,-0.1779,11,2.4849066497880004,-1.4262647995649314,1,0
Voice capture does not work! Every time I use the voice capture function it stops working and kicks me out of the app. Sucks!,voice capture does not work every time i use the voice capture function it stops working and kicks me out of the app sucks,1,-0.5696,14,2.70805020110221,-0.7970839393580433,1,0
No info found Went to Dropbox & wasn't able to see my information,no info found went to dropbox wasn t able to see my information,1,-0.296,7,2.0794415416798357,-1.2365628348203987,1,0
I THINK THIS APP IS REALLY STUPID LIKE I DON'T KNOW HOW TO REALLY DOWNLOAD GAMES I WANT RESIDENT EVIL 4 BUT THE STUPID PPSSPP EMU PARADISE WON'T DOWNLOAD IT THIS APP NEEDS A LOT OF IMPROVING TO DO BEFORE IT GETS MY ATTENTION.,i think this app is really stupid like i don t know how to really download games i want resident evil but the stupid ppsspp emu paradise won t download it this app needs a lot of improving to do before it gets my attention,1,0.3788,23,3.1780538303479458,-2.3204822743598625,1,0
Hate it Installed  synced multiple times. Codes never accepted.,hate it installed synced multiple times codes never accepted,1,-0.672,8,2.1972245773362196,-0.632600610062191,1,0
Junk Did fix anything,junk did fix anything,1,0.0,3,1.3862943611198906,-1.7120224585662216,1,0
Dar essalaam,dar essalaam,1,0.0,2,1.0986122886681098,-1.7120224585662216,1,0
Good Good,good good,1,0.7003,2,1.0986122886681098,-2.8369021021783833,1,0
YOU DON'T EVEN DESERVE 1 STAR FAKE FAKE FAKE FAKE FAKE FAKE FAKE FAKE FAKE FAKE FAKE FAKE FAKE FAKE FAKE FAKE FAKE FAKE FAKE FAKE FAKE FAKE FAKE FAKE,you don t even deserve star fake fake fake fake fake fake fake fake fake fake fake fake fake fake fake fake fake fake fake fake fake fake fake fake,1,-0.9971,27,3.332204510175204,-0.11039816519811341,1,0
Pablo u need to filter ur contact list to show only those from ur google account. Its in contact settings. Otherwise awesome app dev! Hope u got my feedback suggestion,pablo u need to filter ur contact list to show only those from ur google account its in contact settings otherwise awesome app dev hope u got my feedback suggestion,1,0.807,18,2.9444389791664403,-3.0082924462786513,1,0
I do not like it It is stupid and foolish,i do not like it it is stupid and foolish,1,-0.7657,3,1.3862943611198906,-0.4820919386264355,1,0
bal bal,bal bal,1,0.0,2,1.0986122886681098,-1.7120224585662216,1,0
Dood app not sogood,dood app not sogood,1,0.0,3,1.3862943611198906,-1.7120224585662216,1,0
"Wtf game I got this message that said """"""""""""""""""""""""""""""""it's just like minecraft"""""""""""""""""""""""""""""""" than it exited out Same thing happened again !""""",wtf game i got this message that said it s just like minecraft than it exited out same thing happened again,1,-0.3802,10,2.3978952727983707,-1.1013138472548638,1,0
Money School fee,money school fee,1,0.0,3,1.3862943611198906,-1.7120224585662216,1,0
It better,it better,1,0.4404,1,0.6931471805599453,-2.4194292771393986,1,0
Terrible Looks very amateur  considering it's from Google. Why not a mobile version of the Sky feature from Google Earth with high definition images instead of that plain blue background with dots on it?,terrible looks very amateur considering it s from google why not a mobile version of the sky feature from google earth with high definition images instead of that plain blue background with dots on it,1,-0.4767,19,2.995732273553991,-0.9463075847836748,1,0
I can't even update the app on my phone,i can t even update the app on my phone,1,0.0,4,1.6094379124341003,-1.7120224585662216,1,0
Wahiyaaat yakkkk,wahiyaaat yakkkk,1,0.0,2,1.0986122886681098,-1.7120224585662216,1,0
Baddest Baddest emulator ever multi touch is not working in this app. Delete this app from playstore,baddest baddest emulator ever multi touch is not working in this app delete this app from playstore,1,0.0,11,2.4849066497880004,-1.7120224585662216,1,0
Its not working,its not working,1,0.0,1,0.6931471805599453,-1.7120224585662216,1,0
Going to view messages crashes the app Used to work  doesn't anymore,going to view messages crashes the app used to work doesn t anymore,1,0.0,8,2.1972245773362196,-1.7120224585662216,1,0
It's not working in my phone it's a bulshit all fake,it s not working in my phone it s a bulshit all fake,1,-0.4767,4,1.6094379124341003,-0.9463075847836748,1,0
Hated it Hated it crashes all the time,hated it hated it crashes all the time,1,-0.8555,4,1.6094379124341003,-0.3378477689900339,1,0
I don't use it and it keeps popping up to make me set it up. No way to stop it trying to set up for use.,i don t use it and it keeps popping up to make me set it up no way to stop it trying to set up for use,1,-0.5267,10,2.3978952727983707,-0.8659934591509346,1,0
Piece of * Consuming all my storages,piece of consuming all my storages,1,0.0,3,1.3862943611198906,-1.7120224585662216,1,0
Really It consumes a lot of RAM...if it could be improved to a stage were RAM consumption is little,really it consumes a lot of ram if it could be improved to a stage were ram consumption is little,1,0.4767,10,2.3978952727983707,-2.4777373323487684,1,0
It doesn't register as even being on the phone so when I find it in the bin strait away,it doesn t register as even being on the phone so when i find it in the bin strait away,1,0.0,7,2.0794415416798357,-1.7120224585662216,1,0
PPSSPP The best,ppsspp the best,1,0.6369,2,1.0986122886681098,-2.7350637908760684,1,0
Troubleshooting- can't deactivate once activated I have trouble with removing this app please fix. I need to deactivate it first  but when I want to deactivate it from settings&gt;lock screen and security&gt;device administrators&gt;Ac display  it always crashes. I already tried restarting my phone (Samsung S7),troubleshooting can t deactivate once activated i have trouble with removing this app please fix i need to deactivate it first but when i want to deactivate it from settings gt lock screen and security gt device administrators gt ac display it always crashes i already tried restarting my phone samsung s,1,0.1531,27,3.332204510175204,-1.9579443112536725,1,0
I cannot open YouTube app it's closing unfortunately . even sync error all the time . my device destroyed already with it dmn,i cannot open youtube app it s closing unfortunately even sync error all the time my device destroyed already with it dmn,1,-0.8074,13,2.6390573296152584,-0.4151099578487303,1,0
Does not work correctly on edge 7,does not work correctly on edge,1,0.0,3,1.3862943611198906,-1.7120224585662216,1,0
Cant download n install it,cant download n install it,1,0.0,3,1.3862943611198906,-1.7120224585662216,1,0
bad,bad,1,-0.5423,1,0.6931471805599453,-0.8409354519535195,1,0
Doesn't work,doesn t work,1,0.0,1,0.6931471805599453,-1.7120224585662216,1,0
Randomly f's up most of your apps,randomly f s up most of your apps,1,0.0,2,1.0986122886681098,-1.7120224585662216,1,0
Because it keeps on downloading every song from the artist it's b.s. only downloaded two song from the artist and it downloads every song,because it keeps on downloading every song from the artist it s b s only downloaded two song from the artist and it downloads every song,1,0.0,12,2.5649493574615367,-1.7120224585662216,1,0
Always says 403 forbidden. what happened? I can't open my account! I have already linked it to my gmail  but nothing happened always says 403 error,always says forbidden what happened i can t open my account i have already linked it to my gmail but nothing happened always says error,1,-0.6948,14,2.70805020110221,-0.5959773687736616,1,0
Chhotelalbind421@g mail.come Amit kumar,chhotelalbind g mail come amit kumar,1,0.0,5,1.791759469228055,-1.7120224585662216,1,0
Oho Thats so good,oho thats so good,1,0.5777,3,1.3862943611198906,-2.6399718661269036,1,0
"Latest update broke the ability to download any apps either by Wi-Fi or wireless. Just hangs and says """"Waiting for network"""" on ZTE Axon 7 with latest Nougat upgrade",latest update broke the ability to download any apps either by wi fi or wireless just hangs and says waiting for network on zte axon with latest nougat upgrade,1,-0.128,17,2.8903717578961645,-1.5064182969464062,1,0
Note 3 This app is way too complicated its not even worth it,note this app is way too complicated its not even worth it,1,-0.1695,6,1.9459101490553132,-1.4397575726712315,1,0
i hate this stiker Please urge your company to remove the stickers as insulting to Buddhism here. And indeed worried about what to include such,i hate this stiker please urge your company to remove the stickers as insulting to buddhism here and indeed worried about what to include such,1,-0.7783,12,2.5649493574615367,-0.46185277896698507,1,0
Very bad app Worst ....,very bad app worst,1,-0.8464,3,1.3862943611198906,-0.35246493985519267,1,0
"I hate sticker in this """"""""""""""""Please urge your company to remove the sticker as insulting to Buddhism here. And indeed worried about what to include such""""""""""""""""""""",i hate sticker in this please urge your company to remove the sticker as insulting to buddhism here and indeed worried about what to include such,1,-0.8442,12,2.5649493574615367,-0.3559987613830333,1,0
Dat bullshit,dat bullshit,1,-0.5859,2,1.0986122886681098,-0.77090153440177,1,0
Pshhhh I have a Samsung S6 and everything is an error!,pshhhh i have a samsung s and everything is an error,1,-0.4574,4,1.6094379124341003,-0.9773088372779128,1,0
Worst Don't download... Waste of time,worst don t download waste of time,1,-0.4153,4,1.6094379124341003,-1.04493333106068,1,0
Not running in my device,not running in my device,1,0.0,2,1.0986122886681098,-1.7120224585662216,1,0
Does not boot or open games Tried booting up the bios  but it crashed. Same thing happened when I tried to play Seaman,does not boot or open games tried booting up the bios but it crashed same thing happened when i tried to play seaman,1,0.4767,12,2.5649493574615367,-2.4777373323487684,1,0
Does not work Widget just brings up settings menu when added to page,does not work widget just brings up settings menu when added to page,1,0.0,7,2.0794415416798357,-1.7120224585662216,1,0
Hated it this app,hated it this app,1,-0.6369,2,1.0986122886681098,-0.6889811262563748,1,0
Can't stall! Error unable to stall superuser. There's no currently superuser apps policies.,can t stall error unable to stall superuser there s no currently superuser apps policies,1,0.3682,9,2.302585092994046,-2.3034556797257215,1,0
Update trouble Reduce the size of this useless but essential app,update trouble reduce the size of this useless but essential app,1,-0.4543,7,2.0794415416798357,-0.9822883130671427,1,0
2013: loved it  can't wait for it to be finished...5 stars 2017: wow  still an incomplete game...glad I lost hope back in 2014,loved it can t wait for it to be finished stars wow still an incomplete game glad i lost hope back in,1,0.8519,12,2.5649493574615367,-3.080414531096852,1,0
I don't know What is a zim and how to download the offline read please reply,i don t know what is a zim and how to download the offline read please reply,1,0.2023,7,2.0794415416798357,-2.036973410876289,1,0
Takes up to much space on phone thust slowing it down,takes up to much space on phone thust slowing it down,1,0.0,6,1.9459101490553132,-1.7120224585662216,1,0
Werdo berdo app DUMB DO NOT USE IT,werdo berdo app dumb do not use it,1,-0.6166,5,1.791759469228055,-0.7215886612632674,1,0
Its sucks Make it work on my hp,its sucks make it work on my hp,1,-0.3612,3,1.3862943611198906,-1.1318332149953054,1,0
It doesn't let me update apps Can't find why & how.,it doesn t let me update apps can t find why how,1,0.0,4,1.6094379124341003,-1.7120224585662216,1,0
Where did Samba support go?? I used to be able to access my network shares through amaze  now I don't see any such option or setting anywhere  did you guys remove it for some reason?,where did samba support go i used to be able to access my network shares through amaze now i don t see any such option or setting anywhere did you guys remove it for some reason,1,0.8377,15,2.772588722239781,-3.0576053194171537,1,0
It's not good,it s not good,1,-0.3412,1,0.6931471805599453,-1.1639588652484014,1,0
Doesn't work couldn't even press finish once I opened the app,doesn t work couldn t even press finish once i opened the app,1,0.0,6,1.9459101490553132,-1.7120224585662216,1,0
All false predictions. Hello owners of this app....i want to talk to u..,all false predictions hello owners of this app i want to talk to u,1,0.0772,7,2.0794415416798357,-1.8360274685431728,1,0
Good features (in theory)  but not much use when it crashes so frequently.,good features in theory but not much use when it crashes so frequently,1,0.2382,7,2.0794415416798357,-2.0946389530805964,1,0
Boooring Its content is blank,boooring its content is blank,1,0.0,3,1.3862943611198906,-1.7120224585662216,1,0
broken i installed it along with orfox  and a few alternate browsers that offer tor integration  but it won't even allow me to open any website or link,broken i installed it along with orfox and a few alternate browsers that offer tor integration but it won t even allow me to open any website or link,1,-0.4676,14,2.70805020110221,-0.9609247556488336,1,0
Hate it! Why do I need your messaging app? Why do I need to download your messaging app to replace my stock one to restore my sms backed up in gmail.. carp!,hate it why do i need your messaging app why do i need to download your messaging app to replace my stock one to restore my sms backed up in gmail carp,1,-0.4559,16,2.833213344056216,-0.9797182610468949,1,0
Ranjeet Chauhn,ranjeet chauhn,1,0.0,2,1.0986122886681098,-1.7120224585662216,1,0
Nice Good,nice good,1,0.6908,2,1.0986122886681098,-2.821642418308162,1,0
Didn't solve the issue When I get connected to WiFi but no internet  this app should solve the problems but nothing seem to work,didn t solve the issue when i get connected to wifi but no internet this app should solve the problems but nothing seem to work,1,-0.8193,12,2.5649493574615367,-0.39599519594813803,1,0
This app s***s Don't even recognize the barcode,this app s s don t even recognize the barcode,1,0.0,4,1.6094379124341003,-1.7120224585662216,1,0
Waste of installing Playstore is waste fit for nothing,waste of installing playstore is waste fit for nothing,1,-0.4767,6,1.9459101490553132,-0.9463075847836748,1,0
I have a question Does this work for 5.1.1 androids or a LG k7?,i have a question does this work for androids or a lg k,1,0.0,3,1.3862943611198906,-1.7120224585662216,1,0
I hated because I kept dying for no reason and it's just not fun at all.,i hated because i kept dying for no reason and it s just not fun at all,1,-0.8443,5,1.791759469228055,-0.3558381331317677,1,0
Rating down till addition of feature Really appreciable work.. there should be option to input consumed minutes in plan setting. Also option to select multiple numbers at a time/ select contact group in number groups needed,rating down till addition of feature really appreciable work there should be option to input consumed minutes in plan setting also option to select multiple numbers at a time select contact group in number groups needed,1,0.0772,25,3.258096538021482,-1.8360274685431728,1,0
Update broke it,update broke it,1,-0.4215,2,1.0986122886681098,-1.0349743794822204,1,0
How to remove the error,how to remove the error,1,-0.4019,2,1.0986122886681098,-1.0664575167302548,1,0
App filter my channels  I'm 30y  I know what to do Not protect my privacy :(,app filter my channels i m y i know what to do not protect my privacy,1,-0.6229,6,1.9459101490553132,-0.711469081433542,1,0
cant log in 😤,cant log in,1,0.0,2,1.0986122886681098,-1.7120224585662216,1,0
Nice try FBI,nice try fbi,1,0.4215,3,1.3862943611198906,-2.389070537650223,1,0
Why is this tsking so long,why is this tsking so long,1,0.0,2,1.0986122886681098,-1.7120224585662216,1,0
No good,no good,1,0.1779,1,0.6931471805599453,-1.9977801175675118,1,0
Pathetic,pathetic,1,-0.5719,1,0.6931471805599453,-0.7933894895789373,1,0
A lot of pauses in the system,a lot of pauses in the system,1,0.0,3,1.3862943611198906,-1.7120224585662216,1,0
Unuseful This app is very unuseful app.dont download it.this app made idiot,unuseful this app is very unuseful app dont download it this app made idiot,1,-0.5106,9,2.302585092994046,-0.8918546076046769,1,0
Nhi app is working,nhi app is working,1,0.0,3,1.3862943611198906,-1.7120224585662216,1,0
Ruined!!!! Looking for another shopping list app now. Worked great until the update.,ruined looking for another shopping list app now worked great until the update,1,0.7405,9,2.302585092994046,-2.901474659187106,1,0
Poor....,poor,1,0.0,1,0.6931471805599453,-1.7120224585662216,1,0
Ketan,ketan,1,0.0,1,0.6931471805599453,-1.7120224585662216,1,0
Widget broken Doesn't update,widget broken doesn t update,1,-0.4767,3,1.3862943611198906,-0.9463075847836748,1,0
Reinstalls itself after deletion thanks for taking up space google!,reinstalls itself after deletion thanks for taking up space google,1,0.4926,6,1.9459101490553132,-2.5032772242999797,1,0
Consumes high battery After update battery reaches to 15% earlier by 2 hour,consumes high battery after update battery reaches to earlier by hour,1,0.0516,8,2.1972245773362196,-1.7949066362192099,1,0
What on earth is going on with the new layout/design of this app? It's been materialised.. however.. theres now TINY text  and MASSIVE spaces of nothing-ness for now reason.. I have like 25 codes.. and can now see 5 at a time.. Can someone at google actually try installing the app and do a quick test before releasing it? Its terrible now.. It was fine before. Please put it back to closer to what it looked like before  as the current version is a mess.,what on earth is going on with the new layout design of this app it s been materialised however theres now tiny text and massive spaces of nothing ness for now reason i have like codes and can now see at a time can someone at google actually try installing the app and do a quick test before releasing it its terrible now it was fine before please put it back to closer to what it looked like before as the current version is a mess,1,0.4329,40,3.713572066704308,-2.407382158294488,1,0
Slow,slow,1,0.0,1,0.6931471805599453,-1.7120224585662216,1,0
Eh One of the enemies is from hexen,eh one of the enemies is from hexen,1,-0.4939,3,1.3862943611198906,-0.9186795255660123,1,0
Useless daily update just hate it,useless daily update just hate it,1,-0.7579,4,1.6094379124341003,-0.4946209422251431,1,0
Glupost,glupost,1,0.0,1,0.6931471805599453,-1.7120224585662216,1,0
Just a crap app Google should improve this ugly big monstrous app or drop it,just a crap app google should improve this ugly big monstrous app or drop it,1,-0.6883,9,2.302585092994046,-0.6064182051059177,1,0
Tweaking and tinkering needed. Doesn't work straight out of the box. For a paid application  my expectations are that everything works 100 percent. This is not the case here. Most features won't work unless I configure the app in a special way  and/or root,tweaking and tinkering needed doesn t work straight out of the box for a paid application my expectations are that everything works percent this is not the case here most features won t work unless i configure the app in a special way and or root,1,0.2579,21,3.091042453358316,-2.1262827185798963,1,0
This is not working in Moto z play Plss. Query why it is not working,this is not working in moto z play plss query why it is not working,1,0.34,6,1.9459101490553132,-2.258158512868856,1,0
Very slow You cant even play pokemon,very slow you cant even play pokemon,1,-0.2584,5,1.791759469228055,-1.2969590572962195,1,0
Stopped working after update Screen frozen,stopped working after update screen frozen,1,-0.2263,5,1.791759469228055,-1.3485207259524388,1,0
App do nothing App do nothing,app do nothing app do nothing,1,0.0,4,1.6094379124341003,-1.7120224585662216,1,0
S5 Doesn't work on S5.,s doesn t work on s,1,0.0,1,0.6931471805599453,-1.7120224585662216,1,0
SUCKS!! It fixes the wifi for the use of other devices  but stops the wifi from working on your device it sucks !,sucks it fixes the wifi for the use of other devices but stops the wifi from working on your device it sucks,1,-0.7988,10,2.3978952727983707,-0.42892398745756166,1,0
How to use I have s5 and i dont know how to enable this,how to use i have s and i dont know how to enable this,1,0.0,4,1.6094379124341003,-1.7120224585662216,1,0
"New version not working After a long time of great results using this app it has now suddenly become useless! Permanently stuck """"""""""""""""upgrading database""""""""""""""""""""",new version not working after a long time of great results using this app it has now suddenly become useless permanently stuck upgrading database,1,0.1511,16,2.833213344056216,-1.9547317462283629,1,0
Hang after installed,hang after installed,1,0.0,2,1.0986122886681098,-1.7120224585662216,1,0
Can't install app. Like wtf bad update,can t install app like wtf bad update,1,-0.8559,6,1.9459101490553132,-0.3372052559849721,1,0
It is stupid,it is stupid,1,-0.5267,1,0.6931471805599453,-0.8659934591509346,1,0
Hogs up a lot of internal memory Takes up over 250MB of memory.,hogs up a lot of internal memory takes up over mb of memory,1,0.0,6,1.9459101490553132,-1.7120224585662216,1,0
what? Why is it so hard to play games Why Can't This Be a normal emulator where you find the ROM why do I have to create a folder and then put another folder in that folder and then put something in that folder and then put the rom somewhere in that folder it's so confusing definitely not using this app 0 Stars,what why is it so hard to play games why can t this be a normal emulator where you find the rom why do i have to create a folder and then put another folder in that folder and then put something in that folder and then put the rom somewhere in that folder it s so confusing definitely not using this app stars,1,0.5243,25,3.258096538021482,-2.554196379951137,1,0
How does this work,how does this work,1,0.0,1,0.6931471805599453,-1.7120224585662216,1,0
Balaji Cumbum,balaji cumbum,1,0.0,2,1.0986122886681098,-1.7120224585662216,1,0
Stop giving inbuilt compulsory apps,stop giving inbuilt compulsory apps,1,0.0516,5,1.791759469228055,-1.7949066362192099,1,0
It crashed Right in a middle of a good comic it crashed:-( :-( :-( :-( :-( :-( :-( :-( :-( :-( :-( :-( :-( :-( :-( :-( :-( :-( :-( :-( :-( :-( :-( :-( :-( :-( :-( :-( :-( :-( :-( :-( :-( :-( :-( :-( :-( :-( :-( :-( :-( :-( :-( :-( :-( :-( :-( :-( :-( :-( :-( :-( :-( :-( :-( :-( :-( :-( :-( :-( :-( :-( :-( :-( :-( :-( :-( :-( :-( :-( :-( :-( :-( :-( :-( :-( :-( :-( :-( :-( :-( :-( :-( :-( :-( :-( :-( :-( :-( :-( :-( :-( :-( :-( :-( :-( :-( :-( :-( :-( :-( :-( :-( :-( :-( :-( :-( :-( :-( :-( :-( :-( :-( :-( :-( :-( :-(,it crashed right in a middle of a good comic it crashed,1,-0.9997,6,1.9459101490553132,-0.10622183066521074,1,0
The game is too hard to beat.,the game is too hard to beat,1,-0.1027,3,1.3862943611198906,-1.547057244516573,1,0
I use to love this app but once I got a new phone  it became a pain in the @#$! Its been 3 months and im STILL getting booted out of it,i use to love this app but once i got a new phone it became a pain in the its been months and im still getting booted out of it,1,-0.484,12,2.5649493574615367,-0.9345817224412949,1,0
I liked it before it started pushing news notifications. Now  yeah  I'll just get NPR News through my browser. Applications and services need to learn the difference between marketing themselves and being overbearing.,i liked it before it started pushing news notifications now yeah i ll just get npr news through my browser applications and services need to learn the difference between marketing themselves and being overbearing,1,0.6124,17,2.8903717578961645,-2.6957098693160257,1,0
No,no,1,-0.296,0,0.0,-1.2365628348203987,1,0
This app is bad it teaches kids to talk back that's bad😥😷😭😲🤐😴I started throwing up everywhere when I was using because it is so bad.,this app is bad it teaches kids to talk back that s bad i started throwing up everywhere when i was using because it is so bad,1,-0.7906,12,2.5649493574615367,-0.442095504061331,1,0
Not working,not working,1,0.0,1,0.6931471805599453,-1.7120224585662216,1,0
Fxcking permissions are ridiculous!,fxcking permissions are ridiculous,1,-0.4199,3,1.3862943611198906,-1.037544431502468,1,0
I think it is so slow,i think it is so slow,1,0.0,2,1.0986122886681098,-1.7120224585662216,1,0
Bad app It's too slow the mobile speed like hanging fast,bad app it s too slow the mobile speed like hanging fast,1,-0.25,8,2.1972245773362196,-1.3104518304025197,1,0
Waste of time! Always crashes!,waste of time always crashes,1,-0.5242,4,1.6094379124341003,-0.8700091654325717,1,0
Bekar hai .... bilkul bajwaas no working app for any peoole,bekar hai bilkul bajwaas no working app for any peoole,1,-0.296,7,2.0794415416798357,-1.2365628348203987,1,0
No seeds and almost no peers so I can never download a single movie even new or kinda old popular ones  also ads everytime I leave is making this app really avoidable and time consuming.,no seeds and almost no peers so i can never download a single movie even new or kinda old popular ones also ads everytime i leave is making this app really avoidable and time consuming,1,-0.1987,23,3.1780538303479458,-1.3928541233017113,1,0
bql,bql,1,0.0,1,0.6931471805599453,-1.7120224585662216,1,0
Could not browse for files on note 4. useless app.,could not browse for files on note useless app,1,-0.4215,6,1.9459101490553132,-1.0349743794822204,1,0
I can't install google play service!!!!,i can t install google play service,1,-0.4946,4,1.6094379124341003,-0.9175551278071539,1,0
Update runs in background I don't like non essential apps running in the background at all times. Uninstalled.,update runs in background i don t like non essential apps running in the background at all times uninstalled,1,-0.2755,11,2.4849066497880004,-1.2694916263298222,1,0
Very hate this Google Apps Tnx for this fake products,very hate this google apps tnx for this fake products,1,-0.7178,6,1.9459101490553132,-0.5590328709826009,1,0
Not that good at all 😠 Barley has music that u want 😑 there's no albums no nothing not even new songs that just came out like starboy -.-,not that good at all barley has music that u want there s no albums no nothing not even new songs that just came out like starboy,1,-0.4599,12,2.5649493574615367,-0.9732931309962758,1,0
Lel,lel,1,0.0,1,0.6931471805599453,-1.7120224585662216,1,0
What the fuck,what the fuck,1,-0.5423,1,0.6931471805599453,-0.8409354519535195,1,0
Useless SMH,useless smh,1,-0.7034,2,1.0986122886681098,-0.5821633391648302,1,0
Bar bar uptad nhi chalga Teri maka bhosda,bar bar uptad nhi chalga teri maka bhosda,1,0.0,8,2.1972245773362196,-1.7120224585662216,1,0
Doesn't work,doesn t work,1,0.0,1,0.6931471805599453,-1.7120224585662216,1,0
very bad bad bad bad,very bad bad bad bad,1,-0.9448,4,1.6094379124341003,-0.19440674060995966,1,0
Not workable Doesn't work for messenger and few apps. I use this app to avoid facebook msg and notification while doing some work on my phone  but still able to get the fb message. Using rooted note 4. Sometimes it completely blocked the Internet access for all applications. Installed external busy box but still not usable.,not workable doesn t work for messenger and few apps i use this app to avoid facebook msg and notification while doing some work on my phone but still able to get the fb message using rooted note sometimes it completely blocked the internet access for all applications installed external busy box but still not usable,1,-0.5704,31,3.4657359027997265,-0.7957989133479195,1,0
Cannot be used,cannot be used,1,0.0,1,0.6931471805599453,-1.7120224585662216,1,0
Oi safe It is next to impossible to backup or export the files. I will be dumping this app for anything that is easier to use.,oi safe it is next to impossible to backup or export the files i will be dumping this app for anything that is easier to use,1,0.5267,11,2.4849066497880004,-2.5580514579815086,1,0
Nobody tells me what stories to read. Won't allow push notifications to be disabled  so this app is being uninstalled. It's a shame  too  because NPR is one of the few decent news sources left. Get it together  developers.,nobody tells me what stories to read won t allow push notifications to be disabled so this app is being uninstalled it s a shame too because npr is one of the few decent news sources left get it together developers,1,-0.5812,20,3.044522437723423,-0.7784510622112475,1,0
Drops connected Frequently stops playing and has to be manually restarted.,drops connected frequently stops playing and has to be manually restarted,1,0.0516,7,2.0794415416798357,-1.7949066362192099,1,0
Interrupted some other more important things,interrupted some other more important things,1,-0.0276,3,1.3862943611198906,-1.667689061216949,1,0
Kill yourselves,kill yourselves,1,-0.6908,1,0.6931471805599453,-0.6024024988242809,1,0
It takes up too much space.,it takes up too much space,1,0.0,3,1.3862943611198906,-1.7120224585662216,1,0
Can't Enable No setting in security to enable widgets. How do you enable on lock screen??? Only got it to work on one of my pages,can t enable no setting in security to enable widgets how do you enable on lock screen only got it to work on one of my pages,1,0.5897,12,2.5649493574615367,-2.6592472562787615,1,0
Devendra Yadav,devendra yadav,1,0.0,2,1.0986122886681098,-1.7120224585662216,1,0
Bad R (hold) + circle button . Don't work ...,bad r hold circle button don t work,1,-0.5423,5,1.791759469228055,-0.8409354519535195,1,0
Hardly worked at all for me. WiFi Keyboard+Screen Capture does much more.,hardly worked at all for me wifi keyboard screen capture does much more,1,0.0,7,2.0794415416798357,-1.7120224585662216,1,0
Very bad,very bad,1,-0.5849,1,0.6931471805599453,-0.7725078169144248,1,0
What happened? Where is search by adress? I can't search by adress like I used to. It's all POI. Please  help me find normal search by adress! The way it is  the search is useless! OMG  why did I update this app? It used to be so good!,what happened where is search by adress i can t search by adress like i used to it s all poi please help me find normal search by adress the way it is the search is useless omg why did i update this app it used to be so good,1,0.8707,22,3.1354942159291497,-3.110612642334763,1,0
FAKE,fake,1,-0.4767,1,0.6931471805599453,-0.9463075847836748,1,0
Bad user interface Hi there  I tried to use your app on an S6 when I really need an app like this for a small home project but yours was hardly usable due to colors. You shoud make that buble white  or other color  so it should be contrasted with that blunt gray backgound. Because the buble has no evident color I eas strugling to see how acurate is its position. One star  because I couldn't use your app when I need it for the purpose it was built.,bad user interface hi there i tried to use your app on an s when i really need an app like this for a small home project but yours was hardly usable due to colors you shoud make that buble white or other color so it should be contrasted with that blunt gray backgound because the buble has no evident color i eas strugling to see how acurate is its position one star because i couldn t use your app when i need it for the purpose it was built,1,-0.5106,41,3.7376696182833684,-0.8918546076046769,1,0
Mmm I don'nt like to update,mmm i don nt like to update,1,0.3612,3,1.3862943611198906,-2.2922117021371378,1,0
Please Fix Pictures that are picked are not centering properly. Please fix was working great not too long ago. Nexus 5 (latest build),please fix pictures that are picked are not centering properly please fix was working great not too long ago nexus latest build,1,0.8271,15,2.772588722239781,-3.0405787247830123,1,0
Inconvenient update. Update won't process .,inconvenient update update won t process,1,-0.34,4,1.6094379124341003,-1.165886404263587,1,0
Useless,useless,1,-0.4215,1,0.6931471805599453,-1.0349743794822204,1,0
No need for upgrading this app...still have to....makes me frustrated,no need for upgrading this app still have to makes me frustrated,1,-0.6808,6,1.9459101490553132,-0.6184653239508289,1,0
Like Shit,like shit,1,-0.2732,2,1.0986122886681098,-1.2731860761089284,1,0
Snooze doesn't work Whenever I hit snooze it merely resets the alarm to the next day rather than 10 minutes later. Useless.,snooze doesn t work whenever i hit snooze it merely resets the alarm to the next day rather than minutes later useless,1,-0.6369,14,2.70805020110221,-0.6889811262563748,1,0
Can't save attachments,can t save attachments,1,-0.5334,2,1.0986122886681098,-0.8552313663161475,1,0
I hate it,i hate it,1,-0.5719,1,0.6931471805599453,-0.7933894895789373,1,0
trash overly complicated install  not user friendly at all.,trash overly complicated install not user friendly at all,1,-0.3875,6,1.9459101490553132,-1.0895879849124839,1,0
V bad,v bad,1,-0.5423,1,0.6931471805599453,-0.8409354519535195,1,0
LOCK screen doesn't mean leave it unlocked The Lock Screen is there for a reason. To LOCK the screen. Anyone leaving their device unlocked is asking for their information to be stolen. Not happening with my device!,lock screen doesn t mean leave it unlocked the lock screen is there for a reason to lock the screen anyone leaving their device unlocked is asking for their information to be stolen not happening with my device,2,-0.5178,19,2.995732273553991,0.11971062648643782,0,0
Limited No tabs. Can't keep track of passwords. Slow. One shot deal for one machine. Start Page gives better results. Your ISP  OS and apps track you  so don't think that this is going to protect your privacy. OK for Tor  but might as well use Orbot if you know the URL.,limited no tabs can t keep track of passwords slow one shot deal for one machine start page gives better results your isp os and apps track you so don t think that this is going to protect your privacy ok for tor but might as well use orbot if you know the url,2,0.6504,30,3.4339872044851463,-1.7567486047969085,0,0
Nice  but Cannot write on SD Card  you should use the damn Android APIs for this  they ask the user to authorise SD writing and then it should work.,nice but cannot write on sd card you should use the damn android apis for this they ask the user to authorise sd writing and then it should work,2,-0.3919,12,2.5649493574615367,-0.08252034185680257,0,0
Didn't work for me... Promise,didn t work for me promise,2,0.3182,2,1.0986122886681098,-1.2231415540929813,0,0
This application is really cool.,this application is really cool,2,0.3804,3,1.3862943611198906,-1.3230523263801102,0,0
Not showing graphic  very poor version of PPSSPP Extreme poverty and not working according to which we love download PPSSPP gold version from Google APK mod h*** get the description in the given link this is very poor S first of all and hated it because it does not show graphical anything vs black screen and some buttons nothing else,not showing graphic very poor version of ppsspp extreme poverty and not working according to which we love download ppsspp gold version from google apk mod h get the description in the given link this is very poor s first of all and hated it because it does not show graphical anything vs black screen and some buttons nothing else,2,-0.8775,32,3.4965075614664802,0.6974904462883718,0,0
It,it,2,0.0,0,0.0,-0.7120224585662216,0,0
Google user,google user,2,0.0,2,1.0986122886681098,-0.7120224585662216,0,0
App is not working after restarting device,app is not working after restarting device,2,0.0,4,1.6094379124341003,-0.7120224585662216,0,0
Cant figure it out yet,cant figure it out yet,2,0.0,3,1.3862943611198906,-0.7120224585662216,0,0
1 problem Can I change permalink of post in free wordpress blog?,problem can i change permalink of post in free wordpress blog,2,0.1531,7,2.0794415416798357,-0.9579443112536725,0,0
Help Need help with the bios,help need help with the bios,2,0.6597,4,1.6094379124341003,-1.771687032164598,0,0
Weak app U need to visit your graphics,weak app u need to visit your graphics,2,-0.4404,5,1.791759469228055,-0.004615639993044596,0,0
What happened? Used to be real great.,what happened used to be real great,2,0.6249,4,1.6094379124341003,-1.7157884007242106,0,0
Problem I can't add image from my album,problem i can t add image from my album,2,-0.4019,4,1.6094379124341003,-0.0664575167302548,0,0
This is not working properly,this is not working properly,2,0.0,2,1.0986122886681098,-0.7120224585662216,0,0
Good,good,2,0.4404,1,0.6931471805599453,-1.4194292771393986,0,0
I cant figure out how to add the rage faces. If you can help with this I will rate 5.,i cant figure out how to add the rage faces if you can help with this i will rate,2,-0.2263,7,2.0794415416798357,-0.34852072595243877,0,0
Where is kashmir???,where is kashmir,2,0.0,1,0.6931471805599453,-0.7120224585662216,0,0
The stupid app download things. The app things on the bottom of the screen covers the menu button :-( :-( :-(,the stupid app download things the app things on the bottom of the screen covers the menu button,2,-0.872,11,2.4849066497880004,0.6886558924687702,0,0
It didnt update when i tried to update it,it didnt update when i tried to update it,2,0.0,4,1.6094379124341003,-0.7120224585662216,0,0
Cant Save or open settings,cant save or open settings,2,-0.3875,4,1.6094379124341003,-0.08958798491248388,0,0
Mamo Ami thikh hai ap apna khail rakha karay,mamo ami thikh hai ap apna khail rakha karay,2,0.0,8,2.1972245773362196,-0.7120224585662216,0,0
Having issues App keeps crashing  just out of nowhere,having issues app keeps crashing just out of nowhere,2,0.0,5,1.791759469228055,-0.7120224585662216,0,0
Functionality Problem First  I absolutely LOVE npr. I usually listen twice a day for an hour both times. This app  however  has some serious functionality problems with streaming/buffering. I take the bus to work every day and it is constantly stopping to buffer even when I have almost full bars of 4-g service.,functionality problem first i absolutely love npr i usually listen twice a day for an hour both times this app however has some serious functionality problems with streaming buffering i take the bus to work every day and it is constantly stopping to buffer even when i have almost full bars of g service,2,-0.0191,32,3.4965075614664802,-0.6813424625745146,0,0
Aqua Q7,aqua q,2,0.0,1,0.6931471805599453,-0.7120224585662216,0,0
There's not really any songs on here,there s not really any songs on here,2,0.0,2,1.0986122886681098,-0.7120224585662216,0,0
I used to love it  but it is broken in Marshmallow.,i used to love it but it is broken in marshmallow,2,-0.3716,4,1.6094379124341003,-0.11512787686369519,0,0
I lyk it,i lyk it,2,0.0,1,0.6931471805599453,-0.7120224585662216,0,0
For now I don't know what's happening because I update this everyday but non of my apps working,for now i don t know what s happening because i update this everyday but non of my apps working,2,0.0,7,2.0794415416798357,-0.7120224585662216,0,0
No keyboard Was the only reason i downloaded it,no keyboard was the only reason i downloaded it,2,-0.296,3,1.3862943611198906,-0.23656283482039875,0,0
Still struggling to find all pictures and folders. Sort by date not working. Love the concept and the minimal permissions. This would be the replacement for QuickPic except for one issue - it doesn't display all of my photos - about a third of my pictures are missing from their folders  (.jpg and .png). They are shown by other galleries  and shown by Simple File Manager from the same developer. EDIT▶v2.2.1 shows missing pictures  but the folder picture counts are incorrect - they're not equal to the number of pictures displayed in each folder  but show the same number as before this update. Also some folders are not shown. EDIT▶v2.2.2 Retrograde step - back to missing at least ⅓ of pictures. EDIT▶v2.3.0 Now finding all the pictures in each visible folder  with correct picture counts  but not showing all folders (they have not been hidden). Sort by date not working. EDIT▶v2.3.1 no improvement.,still struggling to find all pictures and folders sort by date not working love the concept and the minimal permissions this would be the replacement for quickpic except for one issue it doesn t display all of my photos about a third of my pictures are missing from their folders jpg and png they are shown by other galleries and shown by simple file manager from the same developer edit v shows missing pictures but the folder picture counts are incorrect they re not equal to the number of pictures displayed in each folder but show the same number as before this update also some folders are not shown edit v retrograde step back to missing at least of pictures edit v now finding all the pictures in each visible folder with correct picture counts but not showing all folders they have not been hidden sort by date not working edit v no improvement,2,0.0382,75,4.330733340286331,-0.7733824505496352,0,0
Nice,nice,2,0.4215,1,0.6931471805599453,-1.3890705376502228,0,0
Put,put,2,0.0,1,0.6931471805599453,-0.7120224585662216,0,0
Wordpress App is bad. There's no comfort in posting through it. Most of the times  you can't even see your draft  sometimes your draft gets automatically disappeared after you have written 4-5 paragraphs. The team seriously needs to work on it as mobile posting is no longer a privilege  it's a need.,wordpress app is bad there s no comfort in posting through it most of the times you can t even see your draft sometimes your draft gets automatically disappeared after you have written paragraphs the team seriously needs to work on it as mobile posting is no longer a privilege it s a need,2,-0.6705,25,3.258096538021482,0.36498996616882673,0,0
Why do you treat different countries differently? It's not fair.,why do you treat different countries differently it s not fair,2,0.1872,5,1.791759469228055,-1.0127185449352014,0,0
Terrible routes From hackney wick to Limehouse you cannot not suggest the canals tow path. Tried to plan from there to the Thames barriers and what suggested cannot be the best route.,terrible routes from hackney wick to limehouse you cannot not suggest the canals tow path tried to plan from there to the thames barriers and what suggested cannot be the best route,2,-0.7556,16,2.833213344056216,0.5016846079957509,0,0
Possible overpermissioned app creates security and privacy issues ... App requires permissions not required for app function. App acquires perms for PRECISE GPS LOCATION and PHONE STATUS & IDENTITY INFO (call logs etc)!!! Why??? DEVELOPER NEEDS TO EXPLAIN NEED/USE OF ALL PRIVACY SENSITIVE PERMS!!!,possible overpermissioned app creates security and privacy issues app requires permissions not required for app function app acquires perms for precise gps location and phone status identity info call logs etc why developer needs to explain need use of all privacy sensitive perms,2,0.7358,34,3.5553480614894135,-1.893925131377629,0,0
Error Error 507 😰😢,error error,2,-0.6597,2,1.0986122886681098,0.3476421150321547,0,0
Eh Er,eh er,2,0.0,0,0.0,-0.7120224585662216,0,0
Always crash When renaming & deleting a file  it always crashes,always crash when renaming deleting a file it always crashes,2,-0.4019,7,2.0794415416798357,-0.0664575167302548,0,0
Rana Friend,rana friend,2,0.4939,2,1.0986122886681098,-1.5053653915664311,0,0
Its not instoled when i want to instole i dont know the problems.,its not instoled when i want to instole i dont know the problems,2,0.2584,6,1.9459101490553132,-1.1270858598362237,0,0
Talkback It was too much into things. Loud and constant. After 10 minutes of use it was gone. Would like if only talked when you asked for info or when needs arise,talkback it was too much into things loud and constant after minutes of use it was gone would like if only talked when you asked for info or when needs arise,2,0.3612,15,2.772588722239781,-1.2922117021371378,0,0
Meh,meh,2,-0.0772,1,0.6931471805599453,-0.5880174485892704,0,0
great app try to add picture.. but got error result... 😭😭,great app try to add picture but got error result,2,-0.25,8,2.1972245773362196,-0.31045183040251967,0,0
Keeps crashing I couldn't make the app work on my device  I encountered constant crashes.,keeps crashing i couldn t make the app work on my device i encountered constant crashes,2,0.0,9,2.302585092994046,-0.7120224585662216,0,0
Pls release update ver. ASAP. The switching button won't working and THAT IS VERY IMPORTANT FEATURE AND VERY VERY FREQUENTLY USING ONE..SO DON'T MAKE DELAY TO SOLVE THE ISSUE... waiting for the reply.,pls release update ver asap the switching button won t working and that is very important feature and very very frequently using one so don t make delay to solve the issue waiting for the reply,2,0.8358,19,2.995732273553991,-2.0545533826431095,0,0
This app worked for awhile and then totally stopped,this app worked for awhile and then totally stopped,2,-0.2944,5,1.791759469228055,-0.23913288684064637,0,0
It is very good,it is very good,2,0.4927,1,0.6931471805599453,-1.503437852551245,0,0
No cloud sync  not that useful.,no cloud sync not that useful,2,-0.5583,3,1.3862943611198906,0.18476506824895722,0,0
Needs permission from all Facebook friends to gain access. Nope,needs permission from all facebook friends to gain access nope,2,0.7579,7,2.0794415416798357,-1.9294239749073,0,0
Not want I wanted Disappointed,not want i wanted disappointed,2,0.3252,3,1.3862943611198906,-1.234385531681565,0,0
Pretty good Works well for the most part  but playback during downloading causes the songs to stop and start over from the beginning. HTC One M8. Edit 5/9/14: now downloads two copies of the first and last track of every album to my device. Annoying. SD card problems still not fixed.,pretty good works well for the most part but playback during downloading causes the songs to stop and start over from the beginning htc one m edit now downloads two copies of the first and last track of every album to my device annoying sd card problems still not fixed,2,-0.2733,29,3.4011973816621555,-0.2730254478576626,0,0
Was great to use but now it keeps crashing.,was great to use but now it keeps crashing,2,0.3716,4,1.6094379124341003,-1.308917040268748,0,0
After 5 minutes i couldnt take it any more. Unbearably slow,after minutes i couldnt take it any more unbearably slow,2,0.0,5,1.791759469228055,-0.7120224585662216,0,0
Okay,okay,2,0.2263,1,0.6931471805599453,-1.0755241911800044,0,0
Not nice,not nice,2,-0.3252,1,0.6931471805599453,-0.18965938545087813,0,0
Happy,happy,2,0.5719,1,0.6931471805599453,-1.630655427553506,0,0
Works fine initially  but doesn't seem to play well with all of my apps and sometimes needs to be turned off so that I can connect to the internet at all  which is rather frustrating  as I still appear to be connected to the internet.,works fine initially but doesn t seem to play well with all of my apps and sometimes needs to be turned off so that i can connect to the internet at all which is rather frustrating as i still appear to be connected to the internet,2,-0.5194,18,2.9444389791664403,0.12228067850668523,0,0
Minta puji 😑,minta puji,2,0.0,2,1.0986122886681098,-0.7120224585662216,0,0
pdate every now and then!,pdate every now and then,2,0.0,2,1.0986122886681098,-0.7120224585662216,0,0
Functional at Best. Use Authy app instead This app is the minimum you would expect. It's functional  but that's it. If you want cloud sync to your computer  or just a backup of your codes in case your phone is stolen  or you want to switch phones without resetting your two factor authentication codes for every account  use Authy app instead. I also prefer Authy's UI  but that comes down to personal preference. Google Authenticator would have a smaller learning curve.,functional at best use authy app instead this app is the minimum you would expect it s functional but that s it if you want cloud sync to your computer or just a backup of your codes in case your phone is stolen or you want to switch phones without resetting your two factor authentication codes for every account use authy app instead i also prefer authy s ui but that comes down to personal preference google authenticator would have a smaller learning curve,2,-0.2023,47,3.871201010907891,-0.38707150625615405,0,0
It is missing the dc_boot.bin Missing the dc_boot.bin,it is missing the dc boot bin missing the dc boot bin,2,-0.5267,6,1.9459101490553132,0.13400654084906538,0,0
300M Home Wifi to download OSM Map data 94MB for 1 hour!!!!!,m home wifi to download osm map data mb for hour,2,0.0,7,2.0794415416798357,-0.7120224585662216,0,0
I have been updating this app for more than 8 times it can't install n my data is gone.this new version of urs is killing me cz it blocks most of the apps in my tablet after updating it shows an error sign on top of the screen,i have been updating this app for more than times it can t install n my data is gone this new version of urs is killing me cz it blocks most of the apps in my tablet after updating it shows an error sign on top of the screen,2,-0.802,19,2.995732273553991,0.5762161165829338,0,0
Vijaya,vijaya,2,0.0,1,0.6931471805599453,-0.7120224585662216,0,0
They r showing many times the msg which r causing lot of disturbance,they r showing many times the msg which r causing lot of disturbance,2,-0.3818,7,2.0794415416798357,-0.09874379523461618,0,0
Difficult to use for new users,difficult to use for new users,2,-0.3612,4,1.6094379124341003,-0.13183321499530543,0,0
Bad app.,bad app,2,-0.5423,2,1.0986122886681098,0.15906454804648051,0,0
"Content is nothing but """"""""""""""""progressive"""""""""""""""" manipulatory propaganda. I have better things to do. Uninstalling.""""",content is nothing but progressive manipulatory propaganda i have better things to do uninstalling,2,0.3291,8,2.1972245773362196,-1.2406500334809185,0,0
Torify doesn't work [Model: Zenfone 2 ZE551ML] Tried to connect using VPN. Sadly the service just hangs and doesn't find nodes. Oddly  it otherwise works on Marshmallow. Reverted to Lollipop and the problem appeared.,torify doesn t work model zenfone ze ml tried to connect using vpn sadly the service just hangs and doesn t find nodes oddly it otherwise works on marshmallow reverted to lollipop and the problem appeared,2,-0.6705,21,3.091042453358316,0.36498996616882673,0,0
Nice but... Sometimes it takes a while to show the notifications after the swiping effect. And I would like an option for it to automatically swipe when a certain notification comes.,nice but sometimes it takes a while to show the notifications after the swiping effect and i would like an option for it to automatically swipe when a certain notification comes,2,0.7506,15,2.772588722239781,-1.9176981125649197,0,0
SAMADHAN BHAU Best app 200 mb,samadhan bhau best app mb,2,0.6369,4,1.6094379124341003,-1.7350637908760684,0,0
Gulabsha,gulabsha,2,0.0,1,0.6931471805599453,-0.7120224585662216,0,0
Soooo sloooow.:( Even on tegra note 7 tablet.,soooo sloooow even on tegra note tablet,2,0.0,6,1.9459101490553132,-0.7120224585662216,0,0
Please add parameter to the new habbit  called minimum count of hours before next repeat.,please add parameter to the new habbit called minimum count of hours before next repeat,2,0.3182,11,2.4849066497880004,-1.2231415540929813,0,0
Awful 90% of what I search is not found. This app used to be pretty good now it's so aggravating. After reading reviews I see developer only responds to high raters. Offering no help. Well done ass.,awful of what i search is not found this app used to be pretty good now it s so aggravating after reading reviews i see developer only responds to high raters offering no help well done ass,2,-0.1695,20,3.044522437723423,-0.4397575726712315,0,0
Siraj,siraj,2,0.0,1,0.6931471805599453,-0.7120224585662216,0,0
Prime Example of What's Wrong with IT No user documentation in android app. I'm sure it's a powerful math processor for GEEKS AT GITHUB  but distinctly unfriendly to the average consumer.,prime example of what s wrong with it no user documentation in android app i m sure it s a powerful math processor for geeks at github but distinctly unfriendly to the average consumer,2,-0.6016,17,2.8903717578961645,0.2543171010469105,0,0
Fails to update binary. Says something about signature not valid on reboot.,fails to update binary says something about signature not valid on reboot,2,-0.4215,8,2.1972245773362196,-0.034974379482220375,0,0
Too difficult to understand This was too much information and very difficult to use,too difficult to understand this was too much information and very difficult to use,2,-0.6124,6,1.9459101490553132,0.27166495218358255,0,0
Best wikipedia,best wikipedia,2,0.6369,2,1.0986122886681098,-1.7350637908760684,0,0
Looks good...but Have to keep calibrating. Not sure what the sound icon does???,looks good but have to keep calibrating not sure what the sound icon does,2,-0.3616,7,2.0794415416798357,-0.1311907019902434,0,0
Hi. .. Thanx for your reply.. I've tried reinstalling but it still doesn't auto restart.. I need to open the app each time to activate.. 😢.. Hopefully it'll work on the next update.. 😀,hi thanx for your reply i ve tried reinstalling but it still doesn t auto restart i need to open the app each time to activate hopefully it ll work on the next update,2,0.5499,16,2.833213344056216,-1.5953172122751003,0,0
Isn't working Currently crashes when booting the DC bios,isn t working currently crashes when booting the dc bios,2,0.0,5,1.791759469228055,-0.7120224585662216,0,0
Decent It works okay  but very choppy video and there isn't a setting to fast forward the gameplay.,decent it works okay but very choppy video and there isn t a setting to fast forward the gameplay,2,0.1154,9,2.302585092994046,-0.8973874605265864,0,0
Not fast,not fast,2,0.0,1,0.6931471805599453,-0.7120224585662216,0,0
Not working any more Is it just me?,not working any more is it just me,2,0.0,1,0.6931471805599453,-0.7120224585662216,0,0
Mapurisa Today wry wwsr,mapurisa today wry wwsr,2,0.0,4,1.6094379124341003,-0.7120224585662216,0,0
Backed up message email recipients wrong Each message I send and receive gets backed up  but the emails that are created don't show the correct recipients. How do I get you more bug information? Galaxy S6  Android 5.0,backed up message email recipients wrong each message i send and receive gets backed up but the emails that are created don t show the correct recipients how do i get you more bug information galaxy s android,2,0.1406,20,3.044522437723423,-0.9378657798454877,0,0
App keeps crashing  wallpaper apply button doesn't respond. app is restarting all the time. Please fix this issue. Im LG-K220 (X-Power) running Android 6.0.1,app keeps crashing wallpaper apply button doesn t respond app is restarting all the time please fix this issue im lg k x power running android,2,0.3182,16,2.833213344056216,-1.2231415540929813,0,0
No retrieving options The only thing it really moved was the camera photos. Once they are moved there is no way to retrieve or view them. Might as well just delete them.,no retrieving options the only thing it really moved was the camera photos once they are moved there is no way to retrieve or view them might as well just delete them,2,-0.3182,14,2.70805020110221,-0.20090336303946188,0,0
Barcode scanner is FAIL Couldn't ever managed to scan barcode from my laptop,barcode scanner is fail couldn t ever managed to scan barcode from my laptop,2,-0.6408,8,2.1972245773362196,0.3172833755429789,0,0
The songs will not download anymore. It used to work fine. Please reply and I will Rate 5 stars if problem is fixed,the songs will not download anymore it used to work fine please reply and i will rate stars if problem is fixed,2,0.1027,12,2.5649493574615367,-0.8769876726158703,0,0
I'm not getting notifications,i m not getting notifications,2,0.0,2,1.0986122886681098,-0.7120224585662216,0,0
Can be better Patterns are meh and majority of pictures have blue color:/,can be better patterns are meh and majority of pictures have blue color,2,0.3818,7,2.0794415416798357,-1.325301121897827,0,0
Selling Perfumes,selling perfumes,2,0.0,2,1.0986122886681098,-0.7120224585662216,0,0
Key pad is screwed up.,key pad is screwed up,2,-0.4939,3,1.3862943611198906,0.08132047443398771,0,0
Problems syncing with multiples email and game accounts,problems syncing with multiples email and game accounts,2,-0.4019,6,1.9459101490553132,-0.0664575167302548,0,0
WTF!! Can't download a game!!!,wtf can t download a game,2,-0.7718,3,1.3862943611198906,0.5277063847007588,0,0
Abdirashiid Maxamad,abdirashiid maxamad,2,0.0,2,1.0986122886681098,-0.7120224585662216,0,0
Sad It used to back up all sent as well as received now it's just received,sad it used to back up all sent as well as received now it s just received,2,-0.25,7,2.0794415416798357,-0.31045183040251967,0,0
WHY Do I Need This App? To Open My G MAIL. LOCKED ME OUT DUE TO A REQUIRED UPDATE.,why do i need this app to open my g mail locked me out due to a required update,2,0.0,8,2.1972245773362196,-0.7120224585662216,0,0
Gud,gud,2,0.0,1,0.6931471805599453,-0.7120224585662216,0,0
Used to like it Crashes constantly. I also don't understand why i cannot move emails in trash (deleted in error) back into my inbox! Its just not possible and should be! In the trash can they cannot be fully loaded or replied to.,used to like it crashes constantly i also don t understand why i cannot move emails in trash deleted in error back into my inbox its just not possible and should be in the trash can they cannot be fully loaded or replied to,2,0.4738,18,2.9444389791664403,-1.4730791130620693,0,0
Editor is missing not even half the functionality as the one in the web browser. You can't even add a heading or set the font size. The only way to do it is by going to the HTML editor and add a tag that way. The only good thing about this is being able to manage posts  pages and comments (move or remove them). If you want to edit posts or page on your phone or tablet  you're better to do it another one and copy + paste it in using the web browser admin panel.,editor is missing not even half the functionality as the one in the web browser you can t even add a heading or set the font size the only way to do it is by going to the html editor and add a tag that way the only good thing about this is being able to manage posts pages and comments move or remove them if you want to edit posts or page on your phone or tablet you re better to do it another one and copy paste it in using the web browser admin panel,2,0.5994,46,3.8501476017100584,-1.674828196651513,0,0
Annoying,annoying,2,-0.4019,1,0.6931471805599453,-0.0664575167302548,0,0
Very annoying Every time youtube or something updates i have to update this and this takes a lot of storage!,very annoying every time youtube or something updates i have to update this and this takes a lot of storage,2,-0.5081,10,2.3978952727983707,0.104129686113686,0,0
Mi4i Uploading very very slow,mi i uploading very very slow,2,0.0,2,1.0986122886681098,-0.7120224585662216,0,0
The editor is very poor. I cannot add links and I cannot upload audio files,the editor is very poor i cannot add links and i cannot upload audio files,2,-0.5256,7,2.0794415416798357,0.13223963008514517,0,0
Killing my battery on Pixel XL,killing my battery on pixel xl,2,-0.6597,3,1.3862943611198906,0.3476421150321547,0,0
kolay kolay,kolay kolay,2,0.0,2,1.0986122886681098,-0.7120224585662216,0,0
My posts are not getting uploaded in it,my posts are not getting uploaded in it,2,0.0,3,1.3862943611198906,-0.7120224585662216,0,0
Not accurate Not sure what algorithm they're using  but a habit is known to take about a month to develop - this takes far  far longer. On day 43 of one and only at 90%  and based on the rate it's slowed down to I expect another month at least until I get to 100%,not accurate not sure what algorithm they re using but a habit is known to take about a month to develop this takes far far longer on day of one and only at and based on the rate it s slowed down to i expect another month at least until i get to,2,0.0915,23,3.1780538303479458,-0.8589973084741365,0,0
Updates every 24hrs? Daily updates??? Seriously what has the dev been doing for 2 years prior to this. XDA holds the key. Legacy.,updates every hrs daily updates seriously what has the dev been doing for years prior to this xda holds the key legacy,2,-0.3939,13,2.6390573296152584,-0.07930777683149293,0,0
Log Need some bug fixes,log need some bug fixes,2,0.0,4,1.6094379124341003,-0.7120224585662216,0,0
Loved is app was run good I liked,loved is app was run good i liked,2,0.8625,5,1.791759469228055,-2.0974411257309926,0,0
Notification Problem After recent update  the message notification and the message itself loaded into my phone only after i turn on/taps the apps. I hope the message problem could be resolved ASAP.,notification problem after recent update the message notification and the message itself loaded into my phone only after i turn on taps the apps i hope the message problem could be resolved asap,2,-0.2023,18,2.9444389791664403,-0.38707150625615405,0,0
I would give a higher rating if it had a compare method for weapons  a visual look of the weapons and if! If the armour maximum of all pieces wasn't so incorrect.,i would give a higher rating if it had a compare method for weapons a visual look of the weapons and if if the armour maximum of all pieces wasn t so incorrect,2,-0.7263,14,2.70805020110221,0.45462053037496486,0,0
I go storage/emulated/0/ and look for the downloads folder only to find its not there. What's up with that? My file manager finds it just fine. Useless app for me.,i go storage emulated and look for the downloads folder only to find its not there what s up with that my file manager finds it just fine useless app for me,2,-0.25,12,2.5649493574615367,-0.31045183040251967,0,0
12 I like this Google services best app,i like this google services best app,2,0.7717,5,1.791759469228055,-1.9515906735819364,0,0
Not functioning properly Ever since i rooted pjone the app is not working at all....my background shows black screen only....and the app says retry....but there is no connectivity issue as well,not functioning properly ever since i rooted pjone the app is not working at all my background shows black screen only and the app says retry but there is no connectivity issue as well,2,-0.0258,18,2.9444389791664403,-0.6705803697397275,0,0
R Rk,r rk,2,0.0,0,0.0,-0.7120224585662216,0,0
Has no irc command Or autocomplete,has no irc command or autocomplete,2,-0.296,3,1.3862943611198906,-0.23656283482039875,0,0
I downloaded a few songs that I wanted to download from my favorite band but after I downloaded those songs it started to download songs from said favorite band that I didn't want to download fix it and maybe I'll reinstall it,i downloaded a few songs that i wanted to download from my favorite band but after i downloaded those songs it started to download songs from said favorite band that i didn t want to download fix it and maybe i ll reinstall it,2,0.6875,19,2.995732273553991,-1.8163416860164014,0,0
Bad,bad,2,-0.5423,1,0.6931471805599453,0.15906454804648051,0,0
Absolutely slowest camera I've used. Seemingly no auto focus  camera takes 3-5 seconds after pressing the button to actually take pictures. Other than that this app has great potential,absolutely slowest camera i ve used seemingly no auto focus camera takes seconds after pressing the button to actually take pictures other than that this app has great potential,2,0.4404,18,2.9444389791664403,-1.4194292771393986,0,0
cant find clash of clan sv,cant find clash of clan sv,2,0.0,4,1.6094379124341003,-0.7120224585662216,0,0
Doesn't work on KitKat Doesn't work with Galaxy S5 KitKat 4.4.2. It will only state 1mA if charging and 0mA if not charging.,doesn t work on kitkat doesn t work with galaxy s kitkat it will only state ma if charging and ma if not charging,2,0.0,8,2.1972245773362196,-0.7120224585662216,0,0
The Books' stories are Interesting But the puzzles and controls are too difficult even for the Tutorial Book. I found all the masks expect the black one  I've tried everything but there is no way I can retrieve it from the edge of the mountain. The controls are confusing but still I tried Everything  but I am STILL stuck in all the stories I've read: Tutorial book  Medium tutorial book  and the Detective book. I dunno what's wrong but I can't solve them  So I'm Uninstalling this app.,the books stories are interesting but the puzzles and controls are too difficult even for the tutorial book i found all the masks expect the black one i ve tried everything but there is no way i can retrieve it from the edge of the mountain the controls are confusing but still i tried everything but i am still stuck in all the stories i ve read tutorial book medium tutorial book and the detective book i dunno what s wrong but i can t solve them so i m uninstalling this app,2,-0.9336,41,3.7376696182833684,0.7876028952483065,0,0
Khienandab Khien12345,khienandab khien,2,0.0,2,1.0986122886681098,-0.7120224585662216,0,0
Google Team can you please tell what does it do,google team can you please tell what does it do,2,0.3182,4,1.6094379124341003,-1.2231415540929813,0,0
Not a fan Not a fan of this. My all day events dont show up on the correct days. Tried changing settings and keep re checking ive entered the date correctly but somehow the dates are still not right. Was looking forward to using it. But not now if my dates cant even be corrected.,not a fan not a fan of this my all day events dont show up on the correct days tried changing settings and keep re checking ive entered the date correctly but somehow the dates are still not right was looking forward to using it but not now if my dates cant even be corrected,2,-0.2411,28,3.367295829986474,-0.3247477447651477,0,0
Functionality lie. It doesnt scan the barcode it just google searches the number under the barcode. Usefull when lazy.,functionality lie it doesnt scan the barcode it just google searches the number under the barcode usefull when lazy,2,-0.296,11,2.4849066497880004,-0.23656283482039875,0,0
Notification issue on nougat. After the update no notifications show up on my oneplus3,notification issue on nougat after the update no notifications show up on my oneplus,2,-0.296,7,2.0794415416798357,-0.23656283482039875,0,0
Can't do ad hoc mesh connections without Root  not going to risk rooting and bricking my phone.,can t do ad hoc mesh connections without root not going to risk rooting and bricking my phone,2,0.2057,10,2.3978952727983707,-1.0424347714193156,0,0
My. Sim phone contact neembars,my sim phone contact neembars,2,0.0,4,1.6094379124341003,-0.7120224585662216,0,0
Seems to be a good app for the people who are using it. We that do not find it useless but we are not allowed to remove it. For cheap Android devices like mine  every MB is valuable and this app uses too many!,seems to be a good app for the people who are using it we that do not find it useless but we are not allowed to remove it for cheap android devices like mine every mb is valuable and this app uses too many,2,0.8836,19,2.995732273553991,-2.1313336867480093,0,0
Good  but needs filtering options Works really well  but is a bit annoying how it lumps in composers  conductors and bands (orchestras) in with the Artists. These are separate fields for a reason  and to lump them all together makes searches longer and annoying. This app needs to allow filtering of what appears in the Artist list. UPDATE: I couldn't stand the endless searching through reams of conductors and composers  etc  so finally took the plunge to buy Squeeze Ctrl. Problem solved. Shame they couldn't fix something so simple  but hey  you get what you pay for  and this is free.,good but needs filtering options works really well but is a bit annoying how it lumps in composers conductors and bands orchestras in with the artists these are separate fields for a reason and to lump them all together makes searches longer and annoying this app needs to allow filtering of what appears in the artist list update i couldn t stand the endless searching through reams of conductors and composers etc so finally took the plunge to buy squeeze ctrl problem solved shame they couldn t fix something so simple but hey you get what you pay for and this is free,2,-0.4424,55,4.02535169073515,-0.0014030749677349519,0,0
Emoji Harrow right now Emoji Harrow right now,emoji harrow right now emoji harrow right now,2,0.0,6,1.9459101490553132,-0.7120224585662216,0,0
What is this ??????? It is a junk,what is this it is a junk,2,0.0,1,0.6931471805599453,-0.7120224585662216,0,0
Worst thing of google,worst thing of google,2,-0.6249,3,1.3862943611198906,0.2917434835917674,0,0
Unexpected dungeon review Just unappealing and uninteresting  I need a game that keeps me focused and entertained,unexpected dungeon review just unappealing and uninteresting i need a game that keeps me focused and entertained,2,0.6486,10,2.3978952727983707,-1.7538572962741297,0,0
I dont now Is loading and open one screen and I click start but isnt open.i dont know what I can do?,i dont now is loading and open one screen and i click start but isnt open i dont know what i can do,2,0.0,11,2.4849066497880004,-0.7120224585662216,0,0
Its eats my memory and battery.it need lots of improment,its eats my memory and battery it need lots of improment,2,0.0,6,1.9459101490553132,-0.7120224585662216,0,0
Update brings major bugs  please bring back old version 1. If switching from portrait to landscape and back half of the page becomes blank 2. Search function does not work anymore 3. External links don't open in browser,update brings major bugs please bring back old version if switching from portrait to landscape and back half of the page becomes blank search function does not work anymore external links don t open in browser,2,0.3182,25,3.258096538021482,-1.2231415540929813,0,0
Aa,aa,2,0.0,0,0.0,-0.7120224585662216,0,0
Crashes when trying to message Crashes everytime when I click on message. Otherwise 5 star. So please fix.,crashes when trying to message crashes everytime when i click on message otherwise star so please fix,2,0.3804,11,2.4849066497880004,-1.3230523263801102,0,0
Used to run great  now doesn't work on lollipop Please fix it I love this thing but cannot get it to work after upgrading to lollipop,used to run great now doesn t work on lollipop please fix it i love this thing but cannot get it to work after upgrading to lollipop,2,0.7003,13,2.6390573296152584,-1.8369021021783833,0,0
Google play services App needed to b updated but wouldn't update.what a waste of battery trying to get it to update,google play services app needed to b updated but wouldn t update what a waste of battery trying to get it to update,2,0.5716,12,2.5649493574615367,-1.6301735427997093,0,0
I can't get bios help Five stars if helped,i can t get bios help five stars if helped,2,-0.3089,6,1.9459101490553132,-0.21584179040715146,0,0
Telegram is not a Indian app,telegram is not a indian app,2,0.0,3,1.3862943611198906,-0.7120224585662216,0,0
Nice,nice,2,0.4215,1,0.6931471805599453,-1.3890705376502228,0,0
Thanks for this Very nice,thanks for this very nice,2,0.7178,2,1.0986122886681098,-1.8650120461498423,0,0
This is pagol marka,this is pagol marka,2,0.0,2,1.0986122886681098,-0.7120224585662216,0,0
Can't load config Why i can't load config (.ovpn),can t load config why i can t load config ovpn,2,0.0,5,1.791759469228055,-0.7120224585662216,0,0
Fairly Good,fairly good,2,0.4404,2,1.0986122886681098,-1.4194292771393986,0,0
Why mess up with a good thing All got screwed. No zoom  long hangs.. It is unbelievable how such a broken version is released...,why mess up with a good thing all got screwed no zoom long hangs it is unbelievable how such a broken version is released,2,-0.743,12,2.5649493574615367,0.4814454483363002,0,0
"Unhelpful error messages Getting """"""""""""""""transport exception error occurred"""""""""""""""" I know it's not my credentials because I'm able to use the command section of the app just fine. Would be nice to have more info to troubleshoot""""",unhelpful error messages getting transport exception error occurred i know it s not my credentials because i m able to use the command section of the app just fine would be nice to have more info to troubleshoot,2,-0.2023,20,3.044522437723423,-0.38707150625615405,0,0
View site button is gone? I use this app all the time. After the last update I can't view my blog anymore. Frustrating  I hope you fix it really soon.,view site button is gone i use this app all the time after the last update i can t view my blog anymore frustrating i hope you fix it really soon,2,0.0,17,2.8903717578961645,-0.7120224585662216,0,0
Got to do better Does not launch. Samsung Galaxy S5,got to do better does not launch samsung galaxy s,2,0.4404,5,1.791759469228055,-1.4194292771393986,0,0
Doesn't provide any more info than device itself,doesn t provide any more info than device itself,2,0.0,3,1.3862943611198906,-0.7120224585662216,0,0
App balloon or number badges damaged I don't know why  but my app badge only show 2 notification on homescreen instead of real messages.,app balloon or number badges damaged i don t know why but my app badge only show notification on homescreen instead of real messages,2,-0.2023,14,2.70805020110221,-0.38707150625615405,0,0
Only Bad!!!,only bad,2,-0.6571,1,0.6931471805599453,0.34346578049925225,0,0
Not working? Says cannot link executable. Did the nmap download... Still not working,not working says cannot link executable did the nmap download still not working,2,0.0,8,2.1972245773362196,-0.7120224585662216,0,0
how whenever I open this app  its completely blank what should I do,how whenever i open this app its completely blank what should i do,2,0.0,5,1.791759469228055,-0.7120224585662216,0,0
No safe,no safe,2,0.1779,1,0.6931471805599453,-0.9977801175675118,0,0
Sethi Pinku,sethi pinku,2,0.0,2,1.0986122886681098,-0.7120224585662216,0,0
Almost there Buggy page turning  no pinch zooming. However  what is making me start looking for other is that it was reading the contents in the wrong order for this last book.,almost there buggy page turning no pinch zooming however what is making me start looking for other is that it was reading the contents in the wrong order for this last book,2,-0.6486,16,2.833213344056216,0.32981237914168626,0,0
Nice Of course,nice of course,2,0.4215,2,1.0986122886681098,-1.3890705376502228,0,0
Won't allow me 2 update,won t allow me update,2,-0.1695,2,1.0986122886681098,-0.4397575726712315,0,0
I would like it more if the app would update and let me see my emails,i would like it more if the app would update and let me see my emails,2,0.3612,8,2.1972245773362196,-1.2922117021371378,0,0
This new update is terrible. App crashes before it opens. Please do something about it.,this new update is terrible app crashes before it opens please do something about it,2,-0.2023,8,2.1972245773362196,-0.38707150625615405,0,0
Boring,boring,2,-0.3182,1,0.6931471805599453,-0.20090336303946188,0,0
I hope I hope it can be used as background sound with any kind of app we running  cause sometimes it is forcestop when I am studying with my gadget  using wakefulness relaxation for studying  which  of course I will open up file manager  plus browser for searching informations on my study program.,i hope i hope it can be used as background sound with any kind of app we running cause sometimes it is forcestop when i am studying with my gadget using wakefulness relaxation for studying which of course i will open up file manager plus browser for searching informations on my study program,2,0.8481,27,3.332204510175204,-2.0743106575487635,0,0
"TOO MANY ADS I've been using FrostWire for 4 years  2 years ago I said it was """"""""""""""""the best thing that happen on the internet"""""""""""""""" but now it's just like BitTorrent with a tons more ads. My question is what have change from a free app with no ads to being ads app and pay for app""""",too many ads i ve been using frostwire for years years ago i said it was the best thing that happen on the internet but now it s just like bittorrent with a tons more ads my question is what have change from a free app with no ads to being ads app and pay for app,2,0.7845,25,3.258096538021482,-1.9721510897439178,0,0
Anuj poonia,anuj poonia,2,0.0,2,1.0986122886681098,-0.7120224585662216,0,0
As Yes,as yes,2,0.4019,1,0.6931471805599453,-1.3575874004021884,0,0
What happened? Only word are being loaded and refreshing doesn't fix anything.,what happened only word are being loaded and refreshing doesn t fix anything,2,0.0,6,1.9459101490553132,-0.7120224585662216,0,0
pdjose@gmailcom 19560113panji,pdjose gmailcom panji,2,0.0,3,1.3862943611198906,-0.7120224585662216,0,0
Very slow became,very slow became,2,0.0,2,1.0986122886681098,-0.7120224585662216,0,0
Won't get messages. It won't show all texts. Have switch between this and the stock SMS app.,won t get messages it won t show all texts have switch between this and the stock sms app,2,0.0,8,2.1972245773362196,-0.7120224585662216,0,0
Can't Play Any Games! God! Can't Play Any Games Like House Of The Dead 2 'cause The .cdi Can't Accept It In The System! And Also Has A Hassle! Can You Just Change On How It Goes... How About Just Directly Play Any Zipped Dreamcast Games Or .bin Filed Dreamcast Games On This Emulator!,can t play any games god can t play any games like house of the dead cause the cdi can t accept it in the system and also has a hassle can you just change on how it goes how about just directly play any zipped dreamcast games or bin filed dreamcast games on this emulator,2,-0.8466,26,3.295836866004329,0.6478563166473383,0,0
Overrun by adverts Unusuable now due to ads shame use to be great,overrun by adverts unusuable now due to ads shame use to be great,2,0.25,8,2.1972245773362196,-1.1135930867299235,0,0
the only best problem is that of crashing it crashed when reache to a particular place,the only best problem is that of crashing it crashed when reache to a particular place,2,0.3612,7,2.0794415416798357,-1.2922117021371378,0,0
Needs a remodel.,needs a remodel,2,0.0,2,1.0986122886681098,-0.7120224585662216,0,0
Horrible theme settings,horrible theme settings,2,-0.5423,3,1.3862943611198906,0.15906454804648051,0,0
Sort of annoying It is useful for communication not much else  secure communication is not one thing I would use this for,sort of annoying it is useful for communication not much else secure communication is not one thing i would use this for,2,-0.211,12,2.5649493574615367,-0.3730968483960573,0,0
Its not better,its not better,2,-0.3412,1,0.6931471805599453,-0.16395886524840142,0,0
Good apps I want to use,good apps i want to use,2,0.4939,4,1.6094379124341003,-1.5053653915664311,0,0
Still soooo slow. It would be a great app (especially with this minimum permission) but speed is still an issue. Sometimes only a grey background is shown for seconds  could not load pictures quick enough.,still soooo slow it would be a great app especially with this minimum permission but speed is still an issue sometimes only a grey background is shown for seconds could not load pictures quick enough,2,0.431,22,3.1354942159291497,-1.4043302215204436,0,0
This time the emu is not working on KitKat 4.4.2 why,this time the emu is not working on kitkat why,2,0.0,4,1.6094379124341003,-0.7120224585662216,0,0
Useless without the extensive instructions on the webpage The app doesn't look very complicated but it is impossible to configure without having studied the instructions on the webpage! The UI and descriptions of options are confusing and everything but helpful :-(,useless without the extensive instructions on the webpage the app doesn t look very complicated but it is impossible to configure without having studied the instructions on the webpage the ui and descriptions of options are confusing and everything but helpful,2,-0.4753,19,2.995732273553991,0.051443619698608334,0,0
Still don't get my notifications until I actually open the app. Never had to do that before,still don t get my notifications until i actually open the app never had to do that before,2,0.0,7,2.0794415416798357,-0.7120224585662216,0,0
About updates Because you removed the speak announcer day by day you update more but do not remove previous updates,about updates because you removed the speak announcer day by day you update more but do not remove previous updates,2,0.0,10,2.3978952727983707,-0.7120224585662216,0,0
Chutia application hai. Sala 350mb space kha leta he.,chutia application hai sala mb space kha leta he,2,0.0,7,2.0794415416798357,-0.7120224585662216,0,0
No sound No sound!!,no sound no sound,2,-0.6103,2,1.0986122886681098,0.26829175890700707,0,0
Good enough... Really good enough as according to the space of this app....,good enough really good enough as according to the space of this app,2,0.7264,8,2.1972245773362196,-1.8788260757586737,0,0
Will not download songs someone needs to fix this,will not download songs someone needs to fix this,2,0.0,5,1.791759469228055,-0.7120224585662216,0,0
Big issues Can't zoom in/out when reading pages are not centered.can't go to next page and sometimes it gets stuck in the middle of both pages.,big issues can t zoom in out when reading pages are not centered can t go to next page and sometimes it gets stuck in the middle of both pages,2,-0.25,13,2.6390573296152584,-0.31045183040251967,0,0
Doesn't work Cant connect to VPN,doesn t work cant connect to vpn,2,0.0,4,1.6094379124341003,-0.7120224585662216,0,0
ADD MORE SONGS,add more songs,2,0.0,2,1.0986122886681098,-0.7120224585662216,0,0
How do i do the bios i already downloaded games Pls help me icant play,how do i do the bios i already downloaded games pls help me icant play,2,0.6597,8,2.1972245773362196,-1.771687032164598,0,0
Doesn't always work. It scans but nothing shows up  which is annoying.,doesn t always work it scans but nothing shows up which is annoying,2,-0.5499,6,1.9459101490553132,0.17127229514265707,0,0
Won't work,won t work,2,0.0,1,0.6931471805599453,-0.7120224585662216,0,0
It's gotten so bad with to many notifications  plus it's running the battery down which I don't remember it doing that in the past. It's sad bc it didn't used to act like this & I really like most Google anything. 😡,it s gotten so bad with to many notifications plus it s running the battery down which i don t remember it doing that in the past it s sad bc it didn t used to act like this i really like most google anything,2,-0.5561,17,2.8903717578961645,0.1812312467211168,0,0
Abandoned Says updated biweekly but hasn't received update since March 2015. Plays music but lacking in basic features such as lockscreen controls. Widget does not update as track changes.,abandoned says updated biweekly but hasn t received update since march plays music but lacking in basic features such as lockscreen controls widget does not update as track changes,2,0.128,19,2.995732273553991,-0.917626620186037,0,0
Nice,nice,2,0.4215,1,0.6931471805599453,-1.3890705376502228,0,0
Hinby Rate this,hinby rate this,2,0.0,2,1.0986122886681098,-0.7120224585662216,0,0
But it's not on Amazon... Dependent on Amazon's database. Books by other publishers only scan ISBN number but give no information.,but it s not on amazon dependent on amazon s database books by other publishers only scan isbn number but give no information,2,-0.3291,11,2.4849066497880004,-0.18339488365152468,0,0
Photos vs videos Photos are very good. But video recording is very bad. :/,photos vs videos photos are very good but video recording is very bad,2,-0.823,7,2.0794415416798357,0.6099480493486846,0,0
Recycling the Same Photos Why does it only recycle through the same few photos?,recycling the same photos why does it only recycle through the same few photos,2,0.0,4,1.6094379124341003,-0.7120224585662216,0,0
Update,update,2,0.0,1,0.6931471805599453,-0.7120224585662216,0,0
I don't even. Use it,i don t even use it,2,0.0,2,1.0986122886681098,-0.7120224585662216,0,0
brysnm good,brysnm good,2,0.4404,2,1.0986122886681098,-1.4194292771393986,0,0
app this app so easily hac by another app soch as teletak.خیلی راحت توسط اپلیکیشان های دیگه هک میشه مثل تله تاک,app this app so easily hac by another app soch as teletak,2,0.4795,8,2.1972245773362196,-1.4822349233842016,0,0
Men Cool man Happy father Happy father Happy father Happy father Happy father Happy father Happy father Happy father Happy father Happy father Happy s Happy father Happy father Happy father Happy father,men cool man happy father happy father happy father happy father happy father happy father happy father happy father happy father happy father happy s happy father happy father happy father happy father,2,0.9957,32,3.4965075614664802,-2.311397956416613,0,0
SGN3 w/KK4.4: Won't write/paste to external sd (browse/copy only - which is functionally useless). If you took the kitkat update  don't bother looking here for a solution.,sgn w kk won t write paste to external sd browse copy only which is functionally useless if you took the kitkat update don t bother looking here for a solution,2,0.5165,14,2.70805020110221,-1.5416673763524296,0,0
Use to backup automatically but since long time now auto back up is not at all working .need to do it each and every time manually. Try to fix it asap. or we need to look for others,use to backup automatically but since long time now auto back up is not at all working need to do it each and every time manually try to fix it asap or we need to look for others,2,0.0,19,2.995732273553991,-0.7120224585662216,0,0
Goodbutnot perfect,goodbutnot perfect,2,0.5719,2,1.0986122886681098,-1.630655427553506,0,0
Its not working I dislike it because it sucks like hell it didn't capshin my face right an it sucks,its not working i dislike it because it sucks like hell it didn t capshin my face right an it sucks,2,-0.711,9,2.302585092994046,0.43004440793134635,0,0
could not connect rx100-m3 connection fails when trying to use from within blackberry os v10.3. query for network password comes up but nothing happens after entering the password. note that the rx100 m3 doesn't seem to have an option like 'control with smartphone' so i've tried other options like smart remote...,could not connect rx m connection fails when trying to use from within blackberry os v query for network password comes up but nothing happens after entering the password note that the rx m doesn t seem to have an option like control with smartphone so i ve tried other options like smart remote,2,0.8462,27,3.332204510175204,-2.0712587207747193,0,0
Plz add audio call,plz add audio call,2,0.0772,4,1.6094379124341003,-0.8360274685431728,0,0
You tube won't run unless I update it,you tube won t run unless i update it,2,0.0,4,1.6094379124341003,-0.7120224585662216,0,0
Fps I tried to use pokemon blaze black but it WAS giving me like 12 fps! Please fix,fps i tried to use pokemon blaze black but it was giving me like fps please fix,2,0.8622,11,2.4849066497880004,-2.0969592409771964,0,0
Its hard It feels like the game is just trying to kill me because I either die from enemies or lack of essential items,its hard it feels like the game is just trying to kill me because i either die from enemies or lack of essential items,2,-0.9186,12,2.5649493574615367,0.7635086575584844,0,0
It is not downliading,it is not downliading,2,0.0,1,0.6931471805599453,-0.7120224585662216,0,0
No HD channel number entry Can't manually enter US ATSC channels like 2.1,no hd channel number entry can t manually enter us atsc channels like,2,0.1531,8,2.1972245773362196,-0.9579443112536725,0,0
I can't select the music I want it to transfer from my phone. It shows the files and opens them  but not the contents.,i can t select the music i want it to transfer from my phone it shows the files and opens them but not the contents,2,0.0387,9,2.302585092994046,-0.7741855918059626,0,0
Not deleting old episodes UPDATE: Dec 27 - The problem I had was that new episodes weren't being DL because the old ones weren't actually being deleted from my phone. Even tho I set it to delete played episodes and they were still on my phone but not available through this app unless i re-DL the file. Need to manually delete the files using a file manager. *****DEC 26 2016. It's not downloading new episodes suddenly. I thought I should update it but that didn't help.,not deleting old episodes update dec the problem i had was that new episodes weren t being dl because the old ones weren t actually being deleted from my phone even tho i set it to delete played episodes and they were still on my phone but not available through this app unless i re dl the file need to manually delete the files using a file manager dec it s not downloading new episodes suddenly i thought i should update it but that didn t help,2,-0.4655,40,3.713572066704308,0.035702051074591346,0,0
"This is a great source of information. I would consider some changes in it:- 1. When the page doesn't exist  then please make it as soon as possible. Also if the page is not there  the app should inform that it is not there. There are many blue links but the page doesn't exist and when it is opened  only buffering circle can be seen there. 2. Please provide all the services of wikimedia  if not able  please provide the most essential in this app itself  like wikitionary  wikiquotes  wikisource  etc. Please provide them as widgets or try any other thing that would let the user use all of the wikimedia services in the same app. 3. Please provide the """"categories"""" pages. I have surfed through many pages where category is written. The page has always opened blank. Please provide the categories pages in the app as you have done it on the browser. 4. I love to read articles and gain knowledge. I liked the concept of reading list but I would appreciate it if you please provide a backup in google drive so that whatever article I have saved under the given caption  they should be saved as it is in google drive under same caption as they are given under the Wikipedia folder in google drive. 5. Please provide reliable links for the books. In some articles  the link goes to that page where either the there is no access or there is no book as promised by the link. 6. Please link google id to the wikipedia so that users don't have to make wikipedia. This would also serve the purpose of google drive backup. 7. This is very important. Many books are not available on wikibooks. Please consider to upload the books that can be uploaded in wikibooks as soon as possible. It is really disappointing that after we open a link and we find either no book or some chapters are missing or some pages are missing. 8. I would highly consider to make the wikipedia search engine better. Please provide wide range of keywords so that the desired article can be accessed. These are some generous suggestions to the wikipedia team. I would be extremely happy to know that you would have considered my suggestions. If you have a better option to make available these services  then please do it. The efforts that you have made to available the world's knowledge at doorstep is highly appreciating. I just wanted to make it a little better.",this is a great source of information i would consider some changes in it when the page doesn t exist then please make it as soon as possible also if the page is not there the app should inform that it is not there there are many blue links but the page doesn t exist and when it is opened only buffering circle can be seen there please provide all the services of wikimedia if not able please provide the most essential in this app itself like wikitionary wikiquotes wikisource etc please provide them as widgets or try any other thing that would let the user use all of the wikimedia services in the same app please provide the categories pages i have surfed through many pages where category is written the page has always opened blank please provide the categories pages in the app as you have done it on the browser i love to read articles and gain knowledge i liked the concept of reading list but i would appreciate it if you please provide a backup in google drive so that whatever article i have saved under the given caption they should be saved as it is in google drive under same caption as they are given under the wikipedia folder in google drive please provide reliable links for the books in some articles the link goes to that page where either the there is no access or there is no book as promised by the link please link google id to the wikipedia so that users don t have to make wikipedia this would also serve the purpose of google drive backup this is very important many books are not available on wikibooks please consider to upload the books that can be uploaded in wikibooks as soon as possible it is really disappointing that after we open a link and we find either no book or some chapters are missing or some pages are missing i would highly consider to make the wikipedia search engine better please provide wide range of keywords so that the desired article can be accessed these are some generous suggestions to the wikipedia team i would be extremely happy to know that you would have considered my suggestions if you have a better option to make available these services then please do it the efforts that you have made to available the world s knowledge at doorstep is highly appreciating i just wanted to make it a little better,2,0.9966,198,5.293304824724492,-2.3128436106780024,0,0
Notification issues Can getting notifications to work,notification issues can getting notifications to work,2,0.0,5,1.791759469228055,-0.7120224585662216,0,0
A lot of viruses. Also  only works half the time on mobile devices.,a lot of viruses also only works half the time on mobile devices,2,0.0,8,2.1972245773362196,-0.7120224585662216,0,0
Cant publish my blog! Always saved as draft,cant publish my blog always saved as draft,2,0.4753,6,1.9459101490553132,-1.4754885368310515,0,0
I can't upload pictures to my posts.,i can t upload pictures to my posts,2,0.0,3,1.3862943611198906,-0.7120224585662216,0,0
Didnt worked on Asus Zenfone 3,didnt worked on asus zenfone,2,0.0,4,1.6094379124341003,-0.7120224585662216,0,0
support for oneplus one please add support for oneplus one thanks.,support for oneplus one please add support for oneplus one thanks,2,0.8625,9,2.302585092994046,-2.0974411257309926,0,0
"sync troubles Synchronisation will randomly switch off and be """"""""""""""""disabled"""""""""""""""" until I go into the settings and turn background synchronisation from """"""""""""""""always"""""""""""""""" to """"""""""""""""never"""""""""""""""" and back to """"""""""""""""always"""""""""""""""". WTF?!""""",sync troubles synchronisation will randomly switch off and be disabled until i go into the settings and turn background synchronisation from always to never and back to always wtf,2,-0.5093,15,2.772588722239781,0.10605722512887183,0,0
Worked for years but not anymore,worked for years but not anymore,2,0.0,3,1.3862943611198906,-0.7120224585662216,0,0
Afsal p.u Bad,afsal p u bad,2,-0.5423,2,1.0986122886681098,0.15906454804648051,0,0
Useful but... Please tell me how to back up my side of the text conversation.,useful but please tell me how to back up my side of the text conversation,2,0.6369,7,2.0794415416798357,-1.7350637908760684,0,0
Fun but WAYYY too hard,fun but wayyy too hard,2,0.1406,3,1.3862943611198906,-0.9378657798454877,0,0
Stays at a blue screen Please help the game just sits at a blue screen,stays at a blue screen please help the game just sits at a blue screen,2,0.6124,9,2.302585092994046,-1.6957098693160257,0,0
Can make it main lockscreen htc one (m7) I don't know how to make it as my main lock screen it shows up as a widget and I have to scroll over to it if I want to use it. Any help on fixing this issue would be much appreciated,can make it main lockscreen htc one m i don t know how to make it as my main lock screen it shows up as a widget and i have to scroll over to it if i want to use it any help on fixing this issue would be much appreciated,2,0.743,21,3.091042453358316,-1.9054903654687436,0,0
Too slow and won't level up pokemom Too slow and when I play pokemon black 2 my pokemon won't gain xp,too slow and won t level up pokemom too slow and when i play pokemon black my pokemon won t gain xp,2,-0.3736,9,2.302585092994046,-0.11191531183838554,0,0
Not have auto reading Sad,not have auto reading sad,2,-0.4767,3,1.3862943611198906,0.05369241521632517,0,0
Improve more.it is not working proper.,improve more it is not working proper,2,0.4404,3,1.3862943611198906,-1.4194292771393986,0,0
Great app but has no sync of saved generators  which renders it useless.,great app but has no sync of saved generators which renders it useless,2,-0.0644,7,2.0794415416798357,-0.6085778647512519,0,0
LG G4 Worked very slowly. Gave up before it even finished,lg g worked very slowly gave up before it even finished,2,0.0,5,1.791759469228055,-0.7120224585662216,0,0
Needs guided view like other comic apps.,needs guided view like other comic apps,2,0.3612,6,1.9459101490553132,-1.2922117021371378,0,0
All,all,2,0.0,0,0.0,-0.7120224585662216,0,0
Doesn't work for remote files! Keeps saving a new local copy and loses the last change I made.,doesn t work for remote files keeps saving a new local copy and loses the last change i made,2,-0.3802,12,2.5649493574615367,-0.10131384725486381,0,0
Skips or restarts songs I bought the license and have an excellent connection  but it still has a hard time streaming mp3s. I can play music flawlessly with Google with half the signal. And pinning the music first doesn't seem to help... Wish this was a little more polished.,skips or restarts songs i bought the license and have an excellent connection but it still has a hard time streaming mp s i can play music flawlessly with google with half the signal and pinning the music first doesn t seem to help wish this was a little more polished,2,0.8625,25,3.258096538021482,-2.0974411257309926,0,0
Just a shortcut to the browser This ask for permission for your camera and your location but it doesn't give you the same thing you can get off of Google Chrome by just going to the Facebook website this app is merely BS while trying to tell you it's protecting you it's not giving you any more options you are just using the website so basically you're downloading a crappy browser!,just a shortcut to the browser this ask for permission for your camera and your location but it doesn t give you the same thing you can get off of google chrome by just going to the facebook website this app is merely bs while trying to tell you it s protecting you it s not giving you any more options you are just using the website so basically you re downloading a crappy browser,2,-0.8292,27,3.332204510175204,0.6199070009271446,0,0
Laxmi lal,laxmi lal,2,0.0,2,1.0986122886681098,-0.7120224585662216,0,0
Nice Beautyfull Apk..thanks by bdfixed24.wapka.mobi,nice beautyfull apk thanks by bdfixed wapka mobi,2,0.4215,7,2.0794415416798357,-1.3890705376502228,0,0
I'M FROM ENGLAND!!! NOT USA!!!!! I want to love the product and can't stand Google BUT STOP GIVING ME C#$P FROM AMERICA!!!! I've changed every setting I can but all it seems to do it pull stuff from the USA. Grrrrr,i m from england not usa i want to love the product and can t stand google but stop giving me c p from america i ve changed every setting i can but all it seems to do it pull stuff from the usa grrrrr,2,0.6068,18,2.9444389791664403,-1.6867146872451588,0,0
Was good  but lack of updates killed it. This was my favorite browser  but it no longer receives updates and has too many bugs to be useful.,was good but lack of updates killed it this was my favorite browser but it no longer receives updates and has too many bugs to be useful,2,-0.4939,12,2.5649493574615367,0.08132047443398771,0,0
Crashes everything I saved in-game Work okay for a little while  then it closed as soon as I tried to save in the game. Saving states worked for a little while  until the game I was playing required in-game saving. Fix this.,crashes everything i saved in game work okay for a little while then it closed as soon as i tried to save in the game saving states worked for a little while until the game i was playing required in game saving fix this,2,0.8271,22,3.1354942159291497,-2.0405787247830123,0,0
New update sucks... After update.. WordPress site and admin panel is opening in a browser. Every time I need to login.. So why I use WordPress mobile app. now there is no need to use the app. Old version is better.,new update sucks after update wordpress site and admin panel is opening in a browser every time i need to login so why i use wordpress mobile app now there is no need to use the app old version is better,2,0.1779,24,3.2188758248682006,-0.9977801175675118,0,0
Nice Good,nice good,2,0.6908,2,1.0986122886681098,-1.821642418308162,0,0
Don't download,don t download,2,0.0,1,0.6931471805599453,-0.7120224585662216,0,0
It won't update I tried a million times but nothing,it won t update i tried a million times but nothing,2,0.0,5,1.791759469228055,-0.7120224585662216,0,0
Kaloma Very good app,kaloma very good app,2,0.4927,3,1.3862943611198906,-1.503437852551245,0,0
I have been using this app for a long time actually across a few different phones  but recently it seems to be broken. It only registers about half the tracks I play. It used to work fine though.,i have been using this app for a long time actually across a few different phones but recently it seems to be broken it only registers about half the tracks i play it used to work fine though,2,0.0387,19,2.995732273553991,-0.7741855918059626,0,0
Does not clean Cache. It shows how much but does not clean. I run scan then go in app..still has cache?,does not clean cache it shows how much but does not clean i run scan then go in app still has cache,2,-0.5448,10,2.3978952727983707,0.16308025432811735,0,0
Htc user Please check urdu  all alphabet on wrong keys,htc user please check urdu all alphabet on wrong keys,2,-0.2023,8,2.1972245773362196,-0.38707150625615405,0,0
Jamal,jamal,2,0.0,1,0.6931471805599453,-0.7120224585662216,0,0
"Help Please. My Nickname contains """"""""""""""""""""""""""""""""[ ]"""""""""""""""""""""""""""""""" and it's saying the nickname is invalid! Is there a chance to fix that??""""",help please my nickname contains and it s saying the nickname is invalid is there a chance to fix that,2,0.7685,9,2.302585092994046,-1.9464505695414411,0,0
"Sammy S5 Worked well for about 2 weeks  then started to show WiFi """"""""""""""""""""""""""""""""disconnected"""""""""""""""""""""""""""""""" and in the notification bar it tells me I am connected to mobile network  but when I check my WiFi settings I am actually connected via WiFi. What happened? Why did it change?""""",sammy s worked well for about weeks then started to show wifi disconnected and in the notification bar it tells me i am connected to mobile network but when i check my wifi settings i am actually connected via wifi what happened why did it change,2,0.2287,23,3.1780538303479458,-1.079379269210376,0,0
Whenever I play my game the screen turn black and come to menu every time i play.,whenever i play my game the screen turn black and come to menu every time i play,2,0.5859,11,2.4849066497880004,-1.653143382730673,0,0
Doesn't save over original file As said in other reviews  this app saves edits in another place  with no customization options s to where our gets saved. I want an ODT editor that works  this wasn't it. Uninstalled.,doesn t save over original file as said in other reviews this app saves edits in another place with no customization options s to where our gets saved i want an odt editor that works this wasn t it uninstalled,2,-0.3999,19,2.995732273553991,-0.06967008175556444,0,0
It is not very bad,it is not very bad,2,0.4708,1,0.6931471805599453,-1.4682602655241048,0,0
It didnt works on lenovo vibe z..fix please.,it didnt works on lenovo vibe z fix please,2,0.3182,6,1.9459101490553132,-1.2231415540929813,0,0
Not working on nexus 6 Not very reliable on lollipop... Or I haven't set something up right,not working on nexus not very reliable on lollipop or i haven t set something up right,2,0.0,7,2.0794415416798357,-0.7120224585662216,0,0
Again and again update error,again and again update error,2,-0.4019,2,1.0986122886681098,-0.0664575167302548,0,0
Piece an Board style There is no option to select different piece and board styles,piece an board style there is no option to select different piece and board styles,2,-0.296,9,2.302585092994046,-0.23656283482039875,0,0
Not working on nexus 7 with lollipop,not working on nexus with lollipop,2,0.0,3,1.3862943611198906,-0.7120224585662216,0,0
No menu button Menu buttons are Android standard at this point  bad dev practice here,no menu button menu buttons are android standard at this point bad dev practice here,2,-0.6908,10,2.3978952727983707,0.3975975011757191,0,0
"Geht nicht für die TU Dortmund Die App kann leider nicht die Karte der TU Dortmund auslesen. Es steht nur """"""""""""""""Communication with Card failed""""""""""""""""""""",geht nicht f r die tu dortmund die app kann leider nicht die karte der tu dortmund auslesen es steht nur communication with card failed,2,-0.9136,19,2.995732273553991,0.7554772449952103,0,0
Wtf Could be a great game but takes to long to get anywhere. Can't buy gold and as you only earn small amounts it takes for ever to buy healing potions. Boring and very frustrating. If iam wrong please point out why and I may amend my view.,wtf could be a great game but takes to long to get anywhere can t buy gold and as you only earn small amounts it takes for ever to buy healing potions boring and very frustrating if iam wrong please point out why and i may amend my view,2,-0.8515,27,3.332204510175204,0.6557271009593468,0,0
Terrible Lags for no reason get DraStic,terrible lags for no reason get drastic,2,-0.7783,5,1.791759469228055,0.5381472210330149,0,0
"Says """"this version is deprecated  please upgrade"""" and no longer scrobbles. Help please",says this version is deprecated please upgrade and no longer scrobbles help please,2,0.6249,9,2.302585092994046,-1.7157884007242106,0,0
It was great before the newest update. I Loved this app until today's New update. The pictures are huge and you can't see half of it. Seems like it is not working at all. It has gone crazy and rogue on me.,it was great before the newest update i loved this app until today s new update the pictures are huge and you can t see half of it seems like it is not working at all it has gone crazy and rogue on me,2,0.886,18,2.9444389791664403,-2.1351887647783805,0,0
Abdul Razzaq Dsdf,abdul razzaq dsdf,2,0.0,3,1.3862943611198906,-0.7120224585662216,0,0
Live stream gone Live radio stream of Wisconsin Public Radio's Idea Network was removed from the app. Bad idea. I uninstalled.,live stream gone live radio stream of wisconsin public radio s idea network was removed from the app bad idea i uninstalled,2,-0.5423,16,2.833213344056216,0.15906454804648051,0,0
Won't save Its 2 stars cause it downloads and plays fine but after a little time of being downloaded  the songs wont play and it says media not supported,won t save its stars cause it downloads and plays fine but after a little time of being downloaded the songs wont play and it says media not supported,2,-0.6008,15,2.772588722239781,0.2530320750367867,0,0
Samsung galaxy tab 3 sm-t210r It does nkt work at all i press poot and ut says error if you guys make a root app then make it root and if not metaselo a sus pretinas,samsung galaxy tab sm t r it does nkt work at all i press poot and ut says error if you guys make a root app then make it root and if not metaselo a sus pretinas,2,-0.4019,18,2.9444389791664403,-0.0664575167302548,0,0
Cool this app useful thank,cool this app useful thank,2,0.7717,4,1.6094379124341003,-1.9515906735819364,0,0
Ismail I think its slow,ismail i think its slow,2,0.0,3,1.3862943611198906,-0.7120224585662216,0,0
Uhh I can't find it I down loaded it now it is gone and it won't let me open it from here,uhh i can t find it i down loaded it now it is gone and it won t let me open it from here,2,0.0,6,1.9459101490553132,-0.7120224585662216,0,0
Not impressed,not impressed,2,-0.3724,1,0.6931471805599453,-0.1138428508535716,0,0
Broken Worked fine but recently it's been messing around with other apps and the boarders are broken.,broken worked fine but recently it s been messing around with other apps and the boarders are broken,2,-0.7003,9,2.302585092994046,0.41285718504593993,0,0
Not good at all,not good at all,2,-0.3412,1,0.6931471805599453,-0.16395886524840142,0,0
Problem with update The update is giving me problem. The app stops working when updated and keeps on popping up.,problem with update the update is giving me problem the app stops working when updated and keeps on popping up,2,-0.5574,11,2.4849066497880004,0.18331941398756801,0,0
Ok Good,ok good,2,0.6249,1,0.6931471805599453,-1.7157884007242106,0,0
Old content Hourly news stream is 20 hours old.,old content hourly news stream is hours old,2,0.0,7,2.0794415416798357,-0.7120224585662216,0,0
I should have a choice to uninstall if I want,i should have a choice to uninstall if i want,2,0.0772,3,1.3862943611198906,-0.8360274685431728,0,0
Right 😂,right,2,0.0,1,0.6931471805599453,-0.7120224585662216,0,0
wa,wa,2,0.0,0,0.0,-0.7120224585662216,0,0
Loved it but now it won't let me download anything. Please fix.,loved it but now it won t let me download anything please fix,2,0.6597,6,1.9459101490553132,-1.771687032164598,0,0
Will not start It was great at first  but now it just does not work. When ever i go into the app the screen always goes black and then goes back to my home screen.,will not start it was great at first but now it just does not work when ever i go into the app the screen always goes black and then goes back to my home screen,2,0.3716,14,2.70805020110221,-1.308917040268748,0,0
Nice .....,nice,2,0.4215,1,0.6931471805599453,-1.3890705376502228,0,0
Has potential Touch sensitivity is awful  lack of options  no zoom.,has potential touch sensitivity is awful lack of options no zoom,2,-0.7579,7,2.0794415416798357,0.5053790577748569,0,0
Battery drain again when not using my phone.,battery drain again when not using my phone,2,0.0,4,1.6094379124341003,-0.7120224585662216,0,0
gusar,gusar,2,0.0,1,0.6931471805599453,-0.7120224585662216,0,0
Weather bug It's good but the weather is still not working :/,weather bug it s good but the weather is still not working,2,0.5429,6,1.9459101490553132,-1.5840732346865165,0,0
Getting there The viewer seems to work well  but I can't get the editor to play ball,getting there the viewer seems to work well but i can t get the editor to play ball,2,0.5647,9,2.302585092994046,-1.6190901934623914,0,0
Devastated. This is why I avoid updating favorite apps. Latest update wiped all of my downloaded puzzles - I checked all files on my phone and they're just gone. This was a 5-star app. Maybe I'll add stars back when I'm feeling better. So disappointing.,devastated this is why i avoid updating favorite apps latest update wiped all of my downloaded puzzles i checked all files on my phone and they re just gone this was a star app maybe i ll add stars back when i m feeling better so disappointing,2,-0.5095,23,3.1780538303479458,0.10637848163140262,0,0
Mulki elaw,mulki elaw,2,0.0,2,1.0986122886681098,-0.7120224585662216,0,0
Constantly force closing. App force closes and when you try to reactivate the app it stops. Cool app when it worked so I will wait for an update and try again.,constantly force closing app force closes and when you try to reactivate the app it stops cool app when it worked so i will wait for an update and try again,2,0.1779,16,2.833213344056216,-0.9977801175675118,0,0
Meh Meh,meh meh,2,-0.1531,2,1.0986122886681098,-0.46610060587877067,0,0
Ok,ok,2,0.296,0,0.0,-1.1874820823120444,0,0
Better then old version,better then old version,2,0.4404,3,1.3862943611198906,-1.4194292771393986,0,0
Can't Update Told me I had to update Google Play after phone did an upgrade  but there isn't an option to update.,can t update told me i had to update google play after phone did an upgrade but there isn t an option to update,2,0.1779,9,2.302585092994046,-0.9977801175675118,0,0
New design update is absolutely disgusting,new design update is absolutely disgusting,2,-0.5709,5,1.791759469228055,0.2050042279084079,0,0
نوشتارتبدیل به گفتارTalkbak خسته نباشید.این برنامه اصلان درست کارنمیکنه.خواهشن راهنمایی کنید.خسته شدم.,talkbak,2,0.0,1,0.6931471805599453,-0.7120224585662216,0,0
Like it,like it,2,0.3612,1,0.6931471805599453,-1.2922117021371378,0,0
It takes up too much memory please make it lighter on memory,it takes up too much memory please make it lighter on memory,2,0.3182,7,2.0794415416798357,-1.2231415540929813,0,0
Fixes Locked notes keep unlocking themselves  notes keep rearranging themselves  and I keep getting archived notes showing back up in my lists frequently. This app was high on my list  but its beginning to get annoying.,fixes locked notes keep unlocking themselves notes keep rearranging themselves and i keep getting archived notes showing back up in my lists frequently this app was high on my list but its beginning to get annoying,2,-0.5499,22,3.1354942159291497,0.17127229514265707,0,0
Good idea but app needs improvement Wish there was an option to change camera settings.,good idea but app needs improvement wish there was an option to change camera settings,2,0.8591,10,2.3978952727983707,-2.0919797651879666,0,0
Wow,wow,2,0.5859,1,0.6931471805599453,-1.653143382730673,0,0
Bummer WTF? As of yesterday (3/7/14) the best weekly crossword  The Wall Street Journal  no longer downloads  or rather it shows it downloaded but the file is nowhere... so now  the best xword program for Android  bar none  RUINED...Sucks...,bummer wtf as of yesterday the best weekly crossword the wall street journal no longer downloads or rather it shows it downloaded but the file is nowhere so now the best xword program for android bar none ruined sucks,2,0.6409,24,3.2188758248682006,-1.7414889209266873,0,0
I dont like Bekar,i dont like bekar,2,-0.2755,3,1.3862943611198906,-0.26949162632982215,0,0
Lame No Fahrenheit  no temp at screen top  no real Noaa alert config or alerts.,lame no fahrenheit no temp at screen top no real noaa alert config or alerts,2,-0.6597,10,2.3978952727983707,0.3476421150321547,0,0
App crash All the planets went white and I can't use the app,app crash all the planets went white and i can t use the app,2,-0.4019,7,2.0794415416798357,-0.0664575167302548,0,0
Flawed update. Downgraded for now. Very slow to load tabs  and switch between my site  reader and settings. Sometimes it just fails to respond and stays where it is. (All this on a good internet connection that loads everything well in another web browser app). It ultimately just refused to let me go back to 'view site'. Please fix. Reverted to v4.0  which doesn't look as nice but does the work.,flawed update downgraded for now very slow to load tabs and switch between my site reader and settings sometimes it just fails to respond and stays where it is all this on a good internet connection that loads everything well in another web browser app it ultimately just refused to let me go back to view site please fix reverted to v which doesn t look as nice but does the work,2,-0.0041,36,3.6109179126442243,-0.7054367002643369,0,0
Could be better I made ONE. Then I deleted it because I didn't like it. Now it won't let me make any others. Going to uninstall.,could be better i made one then i deleted it because i didn t like it now it won t let me make any others going to uninstall,2,0.1999,11,2.4849066497880004,-1.0331183328459175,0,0
Video framerates Not getting 120fps on my phones,video framerates not getting fps on my phones,2,0.0,5,1.791759469228055,-0.7120224585662216,0,0
:( It tales too much storage,it tales too much storage,2,-0.4404,3,1.3862943611198906,-0.004615639993044596,0,0
"Offensive Sticker Packs Remove the sticker pack named """"""""""""""""modern buddha"""""""""""""""".its very offensive to some cultures and until you remove it you will lose a lot of good user.just watch""""",offensive sticker packs remove the sticker pack named modern buddha its very offensive to some cultures and until you remove it you will lose a lot of good user just watch,2,-0.7264,17,2.8903717578961645,0.4547811586262305,0,0
Not being able to move to new phone Even on Android you have to add everything manually? Absolutely ridiculous oversight.,not being able to move to new phone even on android you have to add everything manually absolutely ridiculous oversight,2,-0.4201,12,2.5649493574615367,-0.037223174999937214,0,0
Hey,hey,2,0.0,1,0.6931471805599453,-0.7120224585662216,0,0
Meh...,meh,2,0.0,1,0.6931471805599453,-0.7120224585662216,0,0
Lifesums barcode scanner can't focus The barcode scanner won't focus. Galaxy S7 Edge,lifesums barcode scanner can t focus the barcode scanner won t focus galaxy s edge,2,0.0,9,2.302585092994046,-0.7120224585662216,0,0
Only criticism Not in my family library as bought before July. Dev needs to allow past purchases! Update - the problem is that you have not allowed purchases before July to be allowed in the family library. If you allow that my family members will be able to see the app also.,only criticism not in my family library as bought before july dev needs to allow past purchases update the problem is that you have not allowed purchases before july to be allowed in the family library if you allow that my family members will be able to see the app also,2,-0.4753,25,3.258096538021482,0.051443619698608334,0,0
Occupies very large space,occupies very large space,2,0.0,3,1.3862943611198906,-0.7120224585662216,0,0
80% of the songs that I play will never be scrobbled or show up in the app at all. Even when set yo scrobble after every track it instead just builds up the cache - only sometimes it will go days without logging anything at all. Why even bother?,of the songs that i play will never be scrobbled or show up in the app at all even when set yo scrobble after every track it instead just builds up the cache only sometimes it will go days without logging anything at all why even bother,2,0.0,21,3.091042453358316,-0.7120224585662216,0,0
Never finds the server Nothing Left to Say,never finds the server nothing left to say,2,0.0,6,1.9459101490553132,-0.7120224585662216,0,0
Used to work  but now it says the moon is in front of me when it's in fact behind me. I tried calibrating and making sure my GPS is on  still nothing. Too bad  I really liked this app.,used to work but now it says the moon is in front of me when it s in fact behind me i tried calibrating and making sure my gps is on still nothing too bad i really liked this app,2,0.8971,18,2.9444389791664403,-2.153018500668849,0,0
annoying My you tube is now broken and my other games thanks alot google,annoying my you tube is now broken and my other games thanks alot google,2,-0.4404,7,2.0794415416798357,-0.004615639993044596,0,0
First 10 seconds horrible The audio was corrupt it looked blocky and then it just lagged all in ten seconds,first seconds horrible the audio was corrupt it looked blocky and then it just lagged all in ten seconds,2,-0.6908,10,2.3978952727983707,0.3975975011757191,0,0
Ffc F !,ffc f,2,0.0,1,0.6931471805599453,-0.7120224585662216,0,0
Keeps asking for updates way too often,keeps asking for updates way too often,2,0.0,5,1.791759469228055,-0.7120224585662216,0,0
Not good The app sips too much of the phone memory. I want Google to solve this problem because my phone has a limited space so it requires an app with a limited space as well not an app which keeps increasing space. Please set it to use Ram only not the phone memory.,not good the app sips too much of the phone memory i want google to solve this problem because my phone has a limited space so it requires an app with a limited space as well not an app which keeps increasing space please set it to use ram only not the phone memory,2,-0.4274,28,3.367295829986474,-0.025497312657556837,0,0
ALMOST Great... Forcloses when i try to play on LG G Stylo,almost great forcloses when i try to play on lg g stylo,2,0.34,6,1.9459101490553132,-1.2581585128688562,0,0
Not working on round objects,not working on round objects,2,0.0,3,1.3862943611198906,-0.7120224585662216,0,0
Too much bugs I like the user surface - easy to understand and apply. Unfortunatly the app crashes down every third application and the notifications are constantly on even if turned jz off.,too much bugs i like the user surface easy to understand and apply unfortunatly the app crashes down every third application and the notifications are constantly on even if turned jz off,2,0.6597,18,2.9444389791664403,-1.771687032164598,0,0
Nice Shhs,nice shhs,2,0.4215,2,1.0986122886681098,-1.3890705376502228,0,0
Good Cj,good cj,2,0.4404,1,0.6931471805599453,-1.4194292771393986,0,0
You ripped me off of a legitimate refund!,you ripped me off of a legitimate refund,2,0.0,3,1.3862943611198906,-0.7120224585662216,0,0
I can't connect I already root but I can't connect,i can t connect i already root but i can t connect,2,0.0,4,1.6094379124341003,-0.7120224585662216,0,0
Doesn't send pictures.,doesn t send pictures,2,0.0,2,1.0986122886681098,-0.7120224585662216,0,0
Constant notifications about the same article. Infrequent updates to article lists.,constant notifications about the same article infrequent updates to article lists,2,0.0,7,2.0794415416798357,-0.7120224585662216,0,0
Delete,delete,2,0.0,1,0.6931471805599453,-0.7120224585662216,0,0
Editor works bad When i delete a text using nano or vi editor  words in cursor position jumbles up and mesh the code.,editor works bad when i delete a text using nano or vi editor words in cursor position jumbles up and mesh the code,2,-0.5423,14,2.70805020110221,0.15906454804648051,0,0
This game in PSP very lag,this game in psp very lag,2,-0.4005,3,1.3862943611198906,-0.06870631224797119,0,0
Doesn't work anymore I hope the dev would push this project,doesn t work anymore i hope the dev would push this project,2,-0.3412,7,2.0794415416798357,-0.16395886524840142,0,0
panorama function missing This is the best camera app but missing panorama feature. Add it plz!,panorama function missing this is the best camera app but missing panorama feature add it plz,2,-0.1635,11,2.4849066497880004,-0.44939526774716043,0,0
Please fix! So everyone is having the same issues with the messaging . This was my go to fb app ! And now I can't even use it anymore without it crashing. Please do an update to resolve these problems please!!!!!,please fix so everyone is having the same issues with the messaging this was my go to fb app and now i can t even use it anymore without it crashing please do an update to resolve these problems please,2,0.6876,16,2.833213344056216,-1.8165023142676668,0,0
Broken  the screen doesn't rotate correctly.,broken the screen doesn t rotate correctly,2,-0.4767,4,1.6094379124341003,0.05369241521632517,0,0
Doesn't back up received text msgs!,doesn t back up received text msgs,2,0.0,4,1.6094379124341003,-0.7120224585662216,0,0
The goddamn Graphics is worse than my Psp Its so different,the goddamn graphics is worse than my psp its so different,2,-0.7351,5,1.791759469228055,0.46875581648632725,0,0
Sani,sani,2,0.0,1,0.6931471805599453,-0.7120224585662216,0,0
Not working properly,not working properly,2,0.0,2,1.0986122886681098,-0.7120224585662216,0,0
I hate how you force us to install this app Finding the right Google play services for your phone is a hustle. You guys make things worse,i hate how you force us to install this app finding the right google play services for your phone is a hustle you guys make things worse,2,-0.6597,15,2.772588722239781,0.3476421150321547,0,0
Won't update  have 2gig of space.getting really sick of Google,won t update have gig of space getting really sick of google,2,-0.5563,7,2.0794415416798357,0.18155250322364758,0,0
Not showing correctly internal storage in moto e3 power.,not showing correctly internal storage in moto e power,2,0.0,6,1.9459101490553132,-0.7120224585662216,0,0
Dislike it baby,dislike it baby,2,-0.3818,2,1.0986122886681098,-0.09874379523461618,0,0
Very difficult to update Keeps on wasting my data can't update yet can't use the outdated version what should I do,very difficult to update keeps on wasting my data can t update yet can t use the outdated version what should i do,2,-0.6697,10,2.3978952727983707,0.3637049401587027,0,0
Latest update had extreme CPU usage problem I had to disable this app because it caused my phone to heat up and become unresponsive. Clean reinstall working so far. But this happened without warning and caused a significant percentage of my battery to be used in the span of minutes.,latest update had extreme cpu usage problem i had to disable this app because it caused my phone to heat up and become unresponsive clean reinstall working so far but this happened without warning and caused a significant percentage of my battery to be used in the span of minutes,2,0.5795,27,3.332204510175204,-1.6428631746496825,0,0
Nice,nice,2,0.4215,1,0.6931471805599453,-1.3890705376502228,0,0
Latest updates is causing the app to constantly crash on my Samsung. You can't compose an email as it will crash while you are doing so.,latest updates is causing the app to constantly crash on my samsung you can t compose an email as it will crash while you are doing so,2,-0.6597,10,2.3978952727983707,0.3476421150321547,0,0
I don't like it Boi what's the point for this app other than snapchat,i don t like it boi what s the point for this app other than snapchat,2,-0.2755,5,1.791759469228055,-0.26949162632982215,0,0
Worst app I ever seen,worst app i ever seen,2,-0.6249,4,1.6094379124341003,0.2917434835917674,0,0
Raju khan,raju khan,2,0.0,2,1.0986122886681098,-0.7120224585662216,0,0
Not good,not good,2,-0.3412,1,0.6931471805599453,-0.16395886524840142,0,0
It's OK,it s ok,2,0.4466,0,0.0,-1.4293882287178583,0,0
Not working It will only show 1 reference point for stats. Doesn't give me option to see since unplugged  charged etc... not working tried to install as system app still doesn't work good. If phone goes to deep sleep it resets. If I reboot it resets.,not working it will only show reference point for stats doesn t give me option to see since unplugged charged etc not working tried to install as system app still doesn t work good if phone goes to deep sleep it resets if i reboot it resets,2,-0.4949,27,3.332204510175204,0.08292675694664253,0,0
sign dandi (।) is missing in Punjabi Keyboard. Please fix it as early as possible.,sign dandi is missing in punjabi keyboard please fix it as early as possible,2,0.0258,9,2.302585092994046,-0.7534645473927157,0,0
Google PLAY,google play,2,0.4824,2,1.0986122886681098,-1.4868931426709007,0,0
It was working fine but now it's lost all my settings & keeps losing photos. Disappointing as it was excellent. Uninstalled.,it was working fine but now it s lost all my settings keeps losing photos disappointing as it was excellent uninstalled,2,-0.6369,10,2.3978952727983707,0.31101887374362525,0,0
It does not find everything like before Idk if there is a problem with this app  but years ago I used to love it and find anything now I can't  I gotta use 2 other apps just to find music if frost wire can't find it.,it does not find everything like before idk if there is a problem with this app but years ago i used to love it and find anything now i can t i gotta use other apps just to find music if frost wire can t find it,2,0.6364,20,3.044522437723423,-1.734260649619741,0,0
Kirantammireddy Kiranreddy,kirantammireddy kiranreddy,2,0.0,2,1.0986122886681098,-0.7120224585662216,0,0
A Siam,a siam,2,0.0,1,0.6931471805599453,-0.7120224585662216,0,0
I'm it doesn't have all the artist songs,i m it doesn t have all the artist songs,2,0.0,2,1.0986122886681098,-0.7120224585662216,0,0
Bland. No customization AT ALL. It shows the battery percent in upper left as tiny icon...actually hard to read. It cant be size adjusted or color coded by the user. Its vanilla ice cream  and not even French vanilla or vanilla Bean!,bland no customization at all it shows the battery percent in upper left as tiny icon actually hard to read it cant be size adjusted or color coded by the user its vanilla ice cream and not even french vanilla or vanilla bean,2,-0.4389,26,3.295836866004329,-0.007025063762026829,0,0
This doesn't work on LP or MM right,this doesn t work on lp or mm right,2,0.0,2,1.0986122886681098,-0.7120224585662216,0,0
Not so good This is not so good. It doesn't seem to work with my Xiaomi Redmi 3 Android version 5.1.1. It can't change the core max and it can't change the governor settings.,not so good this is not so good it doesn t seem to work with my xiaomi redmi android version it can t change the core max and it can t change the governor settings,2,-0.6423,14,2.70805020110221,0.31969279931196115,0,0
Problems with the updates again Seems every time this gets an update things don't work.. Wondering if they even check it out before releasing. Every time you go to settings or any other part of the app it shuts down. Please fix this ASAP.. Try to get all part running before releasing.,problems with the updates again seems every time this gets an update things don t work wondering if they even check it out before releasing every time you go to settings or any other part of the app it shuts down please fix this asap try to get all part running before releasing,2,-0.1027,27,3.332204510175204,-0.5470572445165729,0,0
I hate this Every time i update this app its going to interupt its so hate this,i hate this every time i update this app its going to interupt its so hate this,2,-0.8126,8,2.1972245773362196,0.5932427112170748,0,0
Won't reconnect Worked really nice the first week or so but now when I launch it  it finds Kodi but won't connect.,won t reconnect worked really nice the first week or so but now when i launch it it finds kodi but won t connect,2,0.2609,10,2.3978952727983707,-1.1311015661178607,0,0
Flaky  which is a shame Such a great idea but it seems very flaky. For example  tagging a person in a comment just returns the cursor to the middle of a random word in the comment this morning  but was working yesterday. The app is also sometimes very laggy even on a good connection.,flaky which is a shame such a great idea but it seems very flaky for example tagging a person in a comment just returns the cursor to the middle of a random word in the comment this morning but was working yesterday the app is also sometimes very laggy even on a good connection,2,0.6542,26,3.295836866004329,-1.7628524783449966,0,0
Posts in my news feed are no longer in chronological order  meaning I miss some. Please go back to using chronological order  it makes keeping track of things a lot easier.,posts in my news feed are no longer in chronological order meaning i miss some please go back to using chronological order it makes keeping track of things a lot easier,2,0.3182,19,2.995732273553991,-1.2231415540929813,0,0
Laggs too much,laggs too much,2,0.0,2,1.0986122886681098,-0.7120224585662216,0,0
Great email app I've been using K9 mail for a long time. When I am forced to change Gmail PWs  I have to uninstall & reinstall for the app to work right. Also having issues with sync suddenly being disabled on accounts. No way to contact developer anymore and app has become a pain in the a$$ to use.,great email app i ve been using k mail for a long time when i am forced to change gmail pws i have to uninstall reinstall for the app to work right also having issues with sync suddenly being disabled on accounts no way to contact developer anymore and app has become a pain in the a to use,2,-0.5267,30,3.4339872044851463,0.13400654084906538,0,0
Can't save It's too hard to save while playing and,can t save it s too hard to save while playing and,2,-0.5935,4,1.6094379124341003,0.24130621269440655,0,0
Worst game,worst game,2,-0.6249,2,1.0986122886681098,0.2917434835917674,0,0
To err is human.. To update is always an error.,to err is human to update is always an error,2,-0.4019,5,1.791759469228055,-0.0664575167302548,0,0
It's not downloading,it s not downloading,3,0.0,1,0.6931471805599453,0.2879775414337784,0,0
Best app,best app,3,0.6369,2,1.0986122886681098,-0.7350637908760684,0,0
Nice apps but...sometimes zero log Sometimes I found no record in my lenovo :( just empty log.,nice apps but sometimes zero log sometimes i found no record in my lenovo just empty log,3,-0.4767,11,2.4849066497880004,1.0536924152163252,0,0
Works great on one device  but on another... Hoping you guys add support for lenovo tablet 1050 as it isn't loading the BIOS  but it knows its there. This is a solid emulator however  as it works great on my One+ One,works great on one device but on another hoping you guys add support for lenovo tablet as it isn t loading the bios but it knows its there this is a solid emulator however as it works great on my one one,3,0.9542,21,3.091042453358316,-1.2447372321414392,0,0
Its not work sometimes,its not work sometimes,3,0.0,2,1.0986122886681098,0.2879775414337784,0,0
Does the job so far the the best to match my requirements in store for similar category. However filter criteria is too basic and primitive. I have seen far better App in windows store to do this thing way more effectively,does the job so far the the best to match my requirements in store for similar category however filter criteria is too basic and primitive i have seen far better app in windows store to do this thing way more effectively,3,0.8832,22,3.1354942159291497,-1.1306911737429477,0,0
Needs more improvement OK app,needs more improvement ok app,3,0.7582,3,1.3862943611198906,-0.9299058596610967,0,0
Cant use more than 2 cores Update it so we can use up to 4 cores to emulate psp games and ill give it 5 stars,cant use more than cores update it so we can use up to cores to emulate psp games and ill give it stars,3,-0.4215,12,2.5649493574615367,0.9650256205177796,0,0
Not very good sometimes it create problem but its good,not very good sometimes it create problem but its good,3,-0.6752,5,1.791759469228055,1.3725394939783042,0,0
Meh. For my setup  it doesn't like to connection even after having the correct ports open.,meh for my setup it doesn t like to connection even after having the correct ports open,3,-0.3421,8,2.1972245773362196,0.837486789012988,0,0
63pubhouse@gmail Network Accounts,pubhouse gmail network accounts,3,0.0,4,1.6094379124341003,0.2879775414337784,0,0
It's so slow and it's being stupid. It won't even let me on my apps,it s so slow and it s being stupid it won t even let me on my apps,3,-0.5267,5,1.791759469228055,1.1340065408490654,0,0
"I am unable to use the app. After installing and entering mobile number it get stuck showing """"loading"""" endlessly. Please help me to get it working",i am unable to use the app after installing and entering mobile number it get stuck showing loading endlessly please help me to get it working,3,0.5106,16,2.833213344056216,-0.532190309527766,0,0
Study and learn Nice but there should be more effective therapies for learn and study.,study and learn nice but there should be more effective therapies for learn and study,3,0.7572,7,2.0794415416798357,-0.9282995771484419,0,0
Ok Ok,ok ok,3,0.5267,0,0.0,-0.5580514579815086,0,0
Gud,gud,3,0.0,1,0.6931471805599453,0.2879775414337784,0,0
l like shopkins and foot ball slm card is rellay good,l like shopkins and foot ball slm card is rellay good,3,0.6597,8,2.1972245773362196,-0.7716870321645981,0,0
Like it but crashes I like this app but it crashes on my galaxy tab pro 10.1.,like it but crashes i like this app but it crashes on my galaxy tab pro,3,0.6124,8,2.1972245773362196,-0.6957098693160257,0,0
Okay but it cannot locate things properly It's okay bothering the locations but we only have to move our phone here and there following the arrow to find a particular thing. After you find u will probably zoom to see a better vision but as soon as you get close the screen starts shaking and your arms start to ache. I tried to zoom to andromeda galaxy. My right hand that was holding the mobile was still and the left one was zooming yet the screen was shaking. That probably means that the app didn't want to let you see it. I say Do NOT download this,okay but it cannot locate things properly it s okay bothering the locations but we only have to move our phone here and there following the arrow to find a particular thing after you find u will probably zoom to see a better vision but as soon as you get close the screen starts shaking and your arms start to ache i tried to zoom to andromeda galaxy my right hand that was holding the mobile was still and the left one was zooming yet the screen was shaking that probably means that the app didn t want to let you see it i say do not download this,3,0.4968,52,3.970291913552122,-0.5100236108531297,0,0
Kasmir kaha he Is me kasmir nahi dikha raha ge ku6 map me,kasmir kaha he is me kasmir nahi dikha raha ge ku map me,3,0.0,7,2.0794415416798357,0.2879775414337784,0,0
Bugged Double tap doesn't work,bugged double tap doesn t work,3,0.0,4,1.6094379124341003,0.2879775414337784,0,0
Not complete Satellite portion incomplete  not showing northern states,not complete satellite portion incomplete not showing northern states,3,0.0,7,2.0794415416798357,0.2879775414337784,0,0
"Hahaha  wie gut man sich dadurch täuschen lässt! Es kommt einem so vor  weil man denkt  dass alles so ist! Würde der App-Entwickler sagen  man werde dümmer  dann würden viele das auch glauben xD Seid schlau und trainierts euere """"""""""""""""""""""""""""""""Rübe"""""""""""""""""""""""""""""""" selber  für mehr Grips ist dies die einzige* Lösung. * Die einzige wissenschaftlich  medizinisch + ecc. bewiesene Möglichkeit IQ zu steigern. Ich gebe 3*  damit auch zwischendurch einmal """"""""""""""""""""""""""""""""Fun-Apps"""""""""""""""""""""""""""""""" den Weg zum PlayStore finden ;) Appropo  zum Verarschen von meinen Kollegen sind diese Apps irgendwie auch nützlich* :D""""",hahaha wie gut man sich dadurch t uschen l sst es kommt einem so vor weil man denkt dass alles so ist w rde der app entwickler sagen man werde d mmer dann w rden viele das auch glauben xd seid schlau und trainierts euere r be selber f r mehr grips ist dies die einzige l sung die einzige wissenschaftlich medizinisch ecc bewiesene m glichkeit iq zu steigern ich gebe damit auch zwischendurch einmal fun apps den weg zum playstore finden appropo zum verarschen von meinen kollegen sind diese apps irgendwie auch n tzlich d,3,0.2695,77,4.356708826689592,-0.1449155957266921,0,0
Can't stream my station anymore!! I used to be able to stream MPBN from my phone anytime. Recently it has not been working. I would give this app 5 stars if it starts working again.,can t stream my station anymore i used to be able to stream mpbn from my phone anytime recently it has not been working i would give this app stars if it starts working again,3,0.0,17,2.8903717578961645,0.2879775414337784,0,0
"Its alright If you like games that require A LOT of grinding  slow exp gain and glacial accumulation of wealth you'll love AT. I'm not saying it's """"""""""""""""""""""""""""""""bad""""""""""""""""""""""""""""""""  I'm saying it's tedious. Not the kind of game you make progress with at the Dr's office  on a lunch break or with any less than an hours attention.""""",its alright if you like games that require a lot of grinding slow exp gain and glacial accumulation of wealth you ll love at i m not saying it s bad i m saying it s tedious not the kind of game you make progress with at the dr s office on a lunch break or with any less than an hours attention,3,0.9524,27,3.332204510175204,-1.2418459236186603,0,0
Headache I tried the lucid dreaming one for the first time and in the first 5 minutes it gave me a headache. Any suggestions? Thanks,headache i tried the lucid dreaming one for the first time and in the first minutes it gave me a headache any suggestions thanks,3,0.4404,13,2.6390573296152584,-0.4194292771393986,0,0
(Problem) Flash as focus assist. I could not find an option to stop the flash from being used as a focus assist. (moderately annoying) But overall a very solid camera app.,problem flash as focus assist i could not find an option to stop the flash from being used as a focus assist moderately annoying but overall a very solid camera app,3,0.1875,18,2.9444389791664403,-0.013200429688998039,0,0
Samsung note 4 The clock is just ok...not sure the numbers are going to be large enough to read at night.,samsung note the clock is just ok not sure the numbers are going to be large enough to read at night,3,0.3182,10,2.3978952727983707,-0.2231415540929813,0,0
Shresea mea,shresea mea,3,0.0,2,1.0986122886681098,0.2879775414337784,0,0
ramkaji nic app,ramkaji nic app,3,0.0,3,1.3862943611198906,0.2879775414337784,0,0
hey  could you please speak twice as fast so I don't even have to try understanding a single word ???? Is there nobody to tell him ?,hey could you please speak twice as fast so i don t even have to try understanding a single word is there nobody to tell him,3,0.504,13,2.6390573296152584,-0.5215888449442447,0,0
No way to check notifications from repositories you watch,no way to check notifications from repositories you watch,3,-0.296,5,1.791759469228055,0.7634371651796013,0,0
"Grammar/Spelling The use of """"""""""""""""""""""""""""""""everyday"""""""""""""""""""""""""""""""" in this app should be two words; """"""""""""""""""""""""""""""""every day"""""""""""""""""""""""""""""""". The word """""""""""""""""""""""""""""""" everyday"""""""""""""""""""""""""""""""" is an adjective that doesn't fit in the context used in this app. Other than that  this is a pretty neat program.""""",grammar spelling the use of everyday in this app should be two words every day the word everyday is an adjective that doesn t fit in the context used in this app other than that this is a pretty neat program,3,0.6237,19,2.995732273553991,-0.713860861709025,0,0
Feeling Confused Why permission in contacts and gallery photos?,feeling confused why permission in contacts and gallery photos,3,-0.2023,6,1.9459101490553132,0.612928493743846,0,0
No bad! It will do for now.... most of the others are junk. I have not seen a ad yet so that's a plus.,no bad it will do for now most of the others are junk i have not seen a ad yet so that s a plus,3,-0.7177,6,1.9459101490553132,1.4408065007661335,0,0
Problamatic Some song won't down load,problamatic some song won t down load,3,0.0,3,1.3862943611198906,0.2879775414337784,0,0
Karita Susana,karita susana,3,0.0,2,1.0986122886681098,0.2879775414337784,0,0
Good app but Need battery voltage changer,good app but need battery voltage changer,3,0.2382,6,1.9459101490553132,-0.09463895308059644,0,0
ASkey Kool,askey kool,3,0.0,2,1.0986122886681098,0.2879775414337784,0,0
Problem! Please fix! When double taping on home screen the focus doesn't change  i use samsung galaxy s6! Help! I would give 5 stars if this work with me ?,problem please fix when double taping on home screen the focus doesn t change i use samsung galaxy s help i would give stars if this work with me,3,0.5374,17,2.8903717578961645,-0.575238680866915,0,0
You should add Chromecast to this app because NPR One sucks.,you should add chromecast to this app because npr one sucks,3,-0.3612,6,1.9459101490553132,0.8681667850046946,0,0
hihi sebernanya sedap ko wikipedia ni,hihi sebernanya sedap ko wikipedia ni,3,0.0,4,1.6094379124341003,0.2879775414337784,0,0
Wishes!!!! Fast forward button please!!!!!,wishes fast forward button please,3,0.0,5,1.791759469228055,0.2879775414337784,0,0
Decent. It definitely won't improve the visual quality of your photos/videos but the app itself has a good few features more than the stock Android camera on most phones. Bottom line  if you enjoy tinkering with settings  you'll enjoy this app.,decent it definitely won t improve the visual quality of your photos videos but the app itself has a good few features more than the stock android camera on most phones bottom line if you enjoy tinkering with settings you ll enjoy this app,3,0.9273,21,3.091042453358316,-1.2015282325510244,0,0
Always force closing,always force closing,3,0.0,3,1.3862943611198906,0.2879775414337784,0,0
Urgen pem norbu Leey bhai,urgen pem norbu leey bhai,3,0.0,5,1.791759469228055,0.2879775414337784,0,0
East of England If you live in Cambridgeshire it's East Midlands & if you live in Peterborough it's East of England! We should have big city names next to the regions names  everyones has there own way of saying a region  East Anglia is a other way of saying East of England  also some believe Peterbouough should be included in the East Midlands area,east of england if you live in cambridgeshire it s east midlands if you live in peterborough it s east of england we should have big city names next to the regions names everyones has there own way of saying a region east anglia is a other way of saying east of england also some believe peterbouough should be included in the east midlands area,3,0.0,33,3.5263605246161616,0.2879775414337784,0,0
Yeah weather's broken again,yeah weather s broken again,3,-0.2263,3,1.3862943611198906,0.6514792740475612,0,0
Will download any song But there is a price to pay. This app chews up data like no other downloader. If you have data to burn  you won't find find a more reliable and quick app. 👌,will download any song but there is a price to pay this app chews up data like no other downloader if you have data to burn you won t find find a more reliable and quick app,3,-0.0387,16,2.833213344056216,0.3501406746735194,0,0
Its not that bad its got a few kicks to it,its not that bad its got a few kicks to it,3,0.431,3,1.3862943611198906,-0.4043302215204436,0,0
Unfortunately it doesn't work on my device honor 5x . Please fix this. Your pressing method doesn't work on my device.,unfortunately it doesn t work on my device honor x please fix this your pressing method doesn t work on my device,3,0.4767,10,2.3978952727983707,-0.47773733234876836,0,0
Love this BUT has a new glitch Have had this app for ages and love it. But have noticed that lately times in widget are an hour later than actual time in calendar. So if i have an event in calender for 7pm  it's showing as 8pm in widget. Very annoying. Please fix!!,love this but has a new glitch have had this app for ages and love it but have noticed that lately times in widget are an hour later than actual time in calendar so if i have an event in calender for pm it s showing as pm in widget very annoying please fix,3,0.8542,22,3.1354942159291497,-1.0841089808759579,0,0
Set Voice and video convection  and we can add friend with id in addlist. please,set voice and video convection and we can add friend with id in addlist please,3,0.6705,8,2.1972245773362196,-0.7890348833012699,0,0
Its ok,its ok,3,0.296,0,0.0,-0.18748208231204444,0,0
The search for wallpaper apps is over Simple. Elegant. Refreshes itself. Custom blur and dim settings. Great extensions. What more can one want? EDIT: Ever since the Lollipop update  there seems to be a bug in the extension: for all 3rd party apps offering Muzei support  the wallpapers get cut in the bottom 3rd of the screen  leaving a black blank space covering the entire dock.,the search for wallpaper apps is over simple elegant refreshes itself custom blur and dim settings great extensions what more can one want edit ever since the lollipop update there seems to be a bug in the extension for all rd party apps offering muzei support the wallpapers get cut in the bottom rd of the screen leaving a black blank space covering the entire dock,3,0.9014,39,3.6888794541139363,-1.1599255154732653,0,0
p.s p.s,p s p s,3,0.0,0,0.0,0.2879775414337784,0,0
Awsome apps LOVE IT!!!!!!!!!:D,awsome apps love it d,3,0.7964,3,1.3862943611198906,-0.9912658516445099,0,0
"It works....but after running a scan  i find a folder """"""""""""""""""""""""""""""""storage"""""""""""""""""""""""""""""""" with a sub-folder """"""""""""""""""""""""""""""""sdcard0"""""""""""""""""""""""""""""""" in Android File Tansfer (am using a Mac). It appears to be an empty folder  and deleting it """"""""""""""""""""""""""""""""conveniently"""""""""""""""""""""""""""""""" wipes everything that used to be on the internal sdcard. Lenovo Vibe X2  Mac OS 10.10.3""""",it works but after running a scan i find a folder storage with a sub folder sdcard in android file tansfer am using a mac it appears to be an empty folder and deleting it conveniently wipes everything that used to be on the internal sdcard lenovo vibe x mac os,3,-0.2023,27,3.332204510175204,0.612928493743846,0,0
Constantly crashes I love that this is open source  but the fact that it crashes all the time is a real problem. I'll try on another device soon.,constantly crashes i love that this is open source but the fact that it crashes all the time is a real problem i ll try on another device soon,3,-0.2382,14,2.70805020110221,0.6705940359481533,0,0
Google Play Services,google play services,3,0.34,3,1.3862943611198906,-0.25815851286885616,0,0
Can u please make the user interface more intresting??????,can u please make the user interface more intresting,3,0.504,5,1.791759469228055,-0.5215888449442447,0,0
"Where's """"""""""""""""""""""""""""""""More"""""""""""""""""""""""""""""""" button? I need 'More' button ㅠㅠ but now it's disappear ;_; It's suck when I upload a post and I can't cut my own post with 'Read More' caption.""""",where s more button i need more button but now it s disappear it s suck when i upload a post and i can t cut my own post with read more caption,3,-0.6097,11,2.4849066497880004,1.2673279893994143,0,0
Nice,nice,3,0.4215,1,0.6931471805599453,-0.3890705376502228,0,0
doesn't sync any details of contacts except photos. no manual profile selection for each contact,doesn t sync any details of contacts except photos no manual profile selection for each contact,3,-0.296,9,2.302585092994046,0.7634371651796013,0,0
just as an idea there should be an option to keep wifi on if a certain app is open,just as an idea there should be an option to keep wifi on if a certain app is open,3,0.2732,7,2.0794415416798357,-0.15085884102351477,0,0
I don't like to update this app but               because of YouTube I had to       update this app,i don t like to update this app but because of youtube i had to update this app,3,-0.1419,6,1.9459101490553132,0.5159090299794955,0,0
Troble My phone will run for a while then my screen starts blinking then my whole phone crashes is this normal ? or is it the rom ? It would be good if you could speed things up like the gba emulator other then that its good.,troble my phone will run for a while then my screen starts blinking then my whole phone crashes is this normal or is it the rom it would be good if you could speed things up like the gba emulator other then that its good,3,0.8253,20,3.044522437723423,-1.0376874162602343,0,0
It's nice it just take 30sec to download and update,it s nice it just take sec to download and update,3,0.4215,5,1.791759469228055,-0.3890705376502228,0,0
Simple but needs ability to swipe between lists Heavily relies on a hamburger menu & needs ability to swipe between counters. Other improvements could include negative counting  grouping of counters  counter interactions (e.g.  2 counters can be linked & a rule set so that when the first counter reaches 10  the second counter increments by 1). Otherwise  this is a good simple material design app with multiple counters & even a dark mode!,simple but needs ability to swipe between lists heavily relies on a hamburger menu needs ability to swipe between counters other improvements could include negative counting grouping of counters counter interactions e g counters can be linked a rule set so that when the first counter reaches the second counter increments by otherwise this is a good simple material design app with multiple counters even a dark mode,3,0.8043,43,3.784189633918261,-1.003955483494483,0,0
I like this game but I hate that when u die u have to start over,i like this game but i hate that when u die u have to start over,3,-0.8922,5,1.791759469228055,1.7211027992243975,0,0
Doesn't scan barcodes. I have tried using this to scan dozens of 1D barcodes and it does nothing except make me look foolish standing in one spot for five minutes with my phone in one hand and some bag or box of something else in the other hand like I'm going to perform laser surgery on it. I'm giving it 3 stars because it does a great job with QR codes. Call it a QR scanner only and get 5 stars...or add the ability to perform laser surgery with the app. Up to you.,doesn t scan barcodes i have tried using this to scan dozens of d barcodes and it does nothing except make me look foolish standing in one spot for five minutes with my phone in one hand and some bag or box of something else in the other hand like i m going to perform laser surgery on it i m giving it stars because it does a great job with qr codes call it a qr scanner only and get stars or add the ability to perform laser surgery with the app up to you,3,0.9393,45,3.828641396489095,-1.2208036227028822,0,0
The mandatory update isn't good..,the mandatory update isn t good,3,0.0772,3,1.3862943611198906,0.16397253145682722,0,0
Ilk it,ilk it,3,0.0,1,0.6931471805599453,0.2879775414337784,0,0
Wont sync with the work i have done on computer,wont sync with the work i have done on computer,3,0.0,5,1.791759469228055,0.2879775414337784,0,0
Ok,ok,3,0.296,0,0.0,-0.18748208231204444,0,0
Iffy It has every song but it wouldn't let me download the song,iffy it has every song but it wouldn t let me download the song,3,0.0,6,1.9459101490553132,0.2879775414337784,0,0
Won't open. Crashes on nexus 6 on 5.1,won t open crashes on nexus on,3,0.0,3,1.3862943611198906,0.2879775414337784,0,0
boot animation plz bring back the boot animation and i'll give you a five stars...,boot animation plz bring back the boot animation and i ll give you a five stars,3,0.0772,10,2.3978952727983707,0.16397253145682722,0,0
nOt bad,not bad,3,0.431,1,0.6931471805599453,-0.4043302215204436,0,0
What does it do ? Is if only for you tube ?,what does it do is if only for you tube,3,0.0,1,0.6931471805599453,0.2879775414337784,0,0
I like this app it is very useful.....,i like this app it is very useful,3,0.3612,3,1.3862943611198906,-0.29221170213713776,0,0
Good,good,3,0.4404,1,0.6931471805599453,-0.4194292771393986,0,0
pytpyt,pytpyt,3,0.0,1,0.6931471805599453,0.2879775414337784,0,0
Good,good,3,0.4404,1,0.6931471805599453,-0.4194292771393986,0,0
Love but I have an issue I have solved many many puzzles but my rating has not been raised in over a year...what's up with that?,love but i have an issue i have solved many many puzzles but my rating has not been raised in over a year what s up with that,3,0.6428,9,2.302585092994046,-0.7445408577007315,0,0
I don't know,i don t know,3,0.0,1,0.6931471805599453,0.2879775414337784,0,0
nice,nice,3,0.4215,1,0.6931471805599453,-0.3890705376502228,0,0
good,good,3,0.4404,1,0.6931471805599453,-0.4194292771393986,0,0
What happened This use to be the most reliable app,what happened this use to be the most reliable app,3,0.0,4,1.6094379124341003,0.2879775414337784,0,0
Good,good,3,0.4404,1,0.6931471805599453,-0.4194292771393986,0,0
Nevermind Its fine just I have to turn the horrible new editor off when posting.,nevermind its fine just i have to turn the horrible new editor off when posting,3,-0.4019,7,2.0794415416798357,0.9335424832697452,0,0
Black Screen on every crossword ? It used to work great but I'm getting black screen when I open any crossword. I can still tap and get the hints but can't see the crossword puzzle.,black screen on every crossword it used to work great but i m getting black screen when i open any crossword i can still tap and get the hints but can t see the crossword puzzle,3,0.3716,19,2.995732273553991,-0.308917040268748,0,0
was working great. even though I still have the app it has deleted some of the files and now the app won't download anything. help !!!,was working great even though i still have the app it has deleted some of the files and now the app won t download anything help,3,0.5744,12,2.5649493574615367,-0.634671133835143,0,0
It's OK but hard to find your way Round it,it s ok but hard to find your way round it,3,0.0942,4,1.6094379124341003,0.1366657287416957,0,0
The subscription are stuck in a grid icon view  and you cannot remove the podcast image from the list item  but otherwise good clean simple app.,the subscription are stuck in a grid icon view and you cannot remove the podcast image from the list item but otherwise good clean simple app,3,0.7845,15,2.772588722239781,-0.9721510897439178,0,0
But I wish it just had more.,but i wish it just had more,3,0.5499,1,0.6931471805599453,-0.5953172122751003,0,0
Snow Snow,snow snow,3,0.0,2,1.0986122886681098,0.2879775414337784,0,0
Google play updates When I want to update or download an app it takes forever and I have all the bars fulls I have strong service and 4G lite... So why is it that I always get a (error code 500  291 ) when I have full bars and 4g lite???,google play updates when i want to update or download an app it takes forever and i have all the bars fulls i have strong service and g lite so why is it that i always get a error code when i have full bars and g lite,3,0.7608,21,3.091042453358316,-0.9340821941939987,0,0
Don't show stickers   pic and videos,don t show stickers pic and videos,3,0.0,4,1.6094379124341003,0.2879775414337784,0,0
Could be a good game This game is decently fun the first few times you dive in. But there is no saved progression and a moderate high difficulty so your process is mostly based on luck. Due to his it gets very repetitive and boring quickly. Installed. Got bored. Uninstalled.,could be a good game this game is decently fun the first few times you dive in but there is no saved progression and a moderate high difficulty so your process is mostly based on luck due to his it gets very repetitive and boring quickly installed got bored uninstalled,3,-0.4651,27,3.332204510175204,1.0350595380695293,0,0
Good app but has issues The app has had bug issues for a while where it drains battery life. It is consistently the top drain in my battery stats page.,good app but has issues the app has had bug issues for a while where it drains battery life it is consistently the top drain in my battery stats page,3,0.4854,15,2.772588722239781,-0.49171199020886514,0,0
Google talk Group,google talk group,3,0.0,3,1.3862943611198906,0.2879775414337784,0,0
Needs multiple instances per day to be fully useful for some tasks. Solid foundation  but not fully there yet.,needs multiple instances per day to be fully useful for some tasks solid foundation but not fully there yet,3,0.3392,12,2.5649493574615367,-0.2568734868587321,0,0
It's fine,it s fine,3,0.2023,1,0.6931471805599453,-0.03697341087628914,0,0
How i use it,how i use it,3,0.0,1,0.6931471805599453,0.2879775414337784,0,0
It's good,it s good,3,0.4404,1,0.6931471805599453,-0.4194292771393986,0,0
Not so good,not so good,3,-0.3865,1,0.6931471805599453,0.9088057325748613,0,0
Too many ads!. Ads are always bothering me. Hope you can fix it.,too many ads ads are always bothering me hope you can fix it,3,0.1511,7,2.0794415416798357,0.045268253771637124,0,0
XopC6zhv I don't agree with paid or fake reviews for cash. apperwall sent me here to leave a review for 51 cents. poor practices in promotions.,xopc zhv i don t agree with paid or fake reviews for cash apperwall sent me here to leave a review for cents poor practices in promotions,3,-0.8181,15,2.772588722239781,1.6020772650366764,0,0
Ridoy Ridoy,ridoy ridoy,3,0.0,2,1.0986122886681098,0.2879775414337784,0,0
To much advertising cannot enjoy the app with all these pop-ups asking me install. Also  the permissions are too risky  I feel I have NO PRIVACY and wide open to hackers. However  aside from that it has interesting Apps!,to much advertising cannot enjoy the app with all these pop ups asking me install also the permissions are too risky i feel i have no privacy and wide open to hackers however aside from that it has interesting apps,3,-0.6063,20,3.044522437723423,1.261866628856388,0,0
Sea,sea,3,0.0,1,0.6931471805599453,0.2879775414337784,0,0
Lock Fasttime,lock fasttime,3,0.0,2,1.0986122886681098,0.2879775414337784,0,0
I need a phone number for this communication service?,i need a phone number for this communication service,3,0.0772,5,1.791759469228055,0.16397253145682722,0,0
Didn't really like it. It simply took too much time to load the songs and then at the notification bar  there's a creepy eye with the notif: Frostwire is running. So yeah that creeps me out with the eye.. but I mean it's ok.,didn t really like it it simply took too much time to load the songs and then at the notification bar there s a creepy eye with the notif frostwire is running so yeah that creeps me out with the eye but i mean it s ok,3,0.4373,19,2.995732273553991,-0.41444980135016873,0,0
good better,good better,3,0.7003,2,1.0986122886681098,-0.8369021021783833,0,0
Was great... But seems to have died  does not work for me in marshmallow. Last update from dev was for KitKat.,was great but seems to have died does not work for me in marshmallow last update from dev was for kitkat,3,-0.7096,9,2.302585092994046,1.4277956124136297,0,0
Wtf I recently upgraded my android and now it only says I have three contacts synced with fb. My old phone synced EVERYBODY. Fix this,wtf i recently upgraded my android and now it only says i have three contacts synced with fb my old phone synced everybody fix this,3,-0.5859,13,2.6390573296152584,1.22909846559823,0,0
Slow Needs a better out look,slow needs a better out look,3,0.4404,4,1.6094379124341003,-0.4194292771393986,0,0
No,no,3,-0.296,0,0.0,0.7634371651796013,0,0
V useful,v useful,3,0.4404,1,0.6931471805599453,-0.4194292771393986,0,0
Pay version??? Is there a paid version for those of us that do not want the ads? I can't find the option if one is available. That is seriously the only downfall to the keyboard but unfortunately it will likely make me uninstall it. I don't like to have apps with ads.,pay version is there a paid version for those of us that do not want the ads i can t find the option if one is available that is seriously the only downfall to the keyboard but unfortunately it will likely make me uninstall it i don t like to have apps with ads,3,-0.8119,20,3.044522437723423,1.5921183134582164,0,0
Lag on s5 What the fk.,lag on s what the fk,3,-0.34,1,0.6931471805599453,0.834113595736413,0,0
Good job Contiunity,good job contiunity,3,0.4404,3,1.3862943611198906,-0.4194292771393986,0,0
Cant activate VPN. I press OK but it doesn't let me. Plz fix.,cant activate vpn i press ok but it doesn t let me plz fix,3,0.1614,7,2.0794415416798357,0.028723543891292724,0,0
yaşa,ya a,3,0.0,0,0.0,0.2879775414337784,0,0
What happened? The last 2 days I see a download arrow but nothing downloads. I miss my puzzles! EDIT- puzzles took forever but finally arrived.,what happened the last days i see a download arrow but nothing downloads i miss my puzzles edit puzzles took forever but finally arrived,3,0.2401,16,2.833213344056216,-0.0976908898546407,0,0
Sir I Have A Question How To Download Games in PPSSPP?? Its So Hard To Understand How To Download the Game. Can You Please Explain it To Me??,sir i have a question how to download games in ppsspp its so hard to understand how to download the game can you please explain it to me,3,0.3751,11,2.4849066497880004,-0.3145390290630399,0,0
Great app,great app,3,0.6249,2,1.0986122886681098,-0.7157884007242106,0,0
Still tracks you The browser is still tracking my searches even after i turned off autocomplete,still tracks you the browser is still tracking my searches even after i turned off autocomplete,3,0.0,9,2.302585092994046,0.2879775414337784,0,0
koko like,koko like,3,0.3612,2,1.0986122886681098,-0.29221170213713776,0,0
It's alright Files to large takes up a lot of space,it s alright files to large takes up a lot of space,3,0.25,6,1.9459101490553132,-0.11359308672992352,0,0
Why?? This app has not been updated for a long time . I want to know why?,why this app has not been updated for a long time i want to know why,3,0.212,6,1.9459101490553132,-0.05255435124904073,0,0
missing info no info about object on the map  e.g. magnitude  coordinates ...,missing info no info about object on the map e g magnitude coordinates,3,-0.5267,7,2.0794415416798357,1.1340065408490654,0,0
Umema mughal zzz,umema mughal zzz,3,-0.296,3,1.3862943611198906,0.7634371651796013,0,0
Impossible to even play with current button size  and no obvious way to change it.,impossible to even play with current button size and no obvious way to change it,3,0.0516,9,2.302585092994046,0.20509336378079013,0,0
Does what it says on the description. The only problem is that after my phone reboots I receive a notification about an unclean shutdown.,does what it says on the description the only problem is that after my phone reboots i receive a notification about an unclean shutdown,3,-0.4019,9,2.302585092994046,0.9335424832697452,0,0
Its 2 late of taking much more of times for down loadings a games or App,its late of taking much more of times for down loadings a games or app,3,0.0,7,2.0794415416798357,0.2879775414337784,0,0
Fails on Android 7.0 I love the launcher  so thanks for doing this. But now it just crashes on my Nexus 6p :( hopefully there's an update soon...,fails on android i love the launcher so thanks for doing this but now it just crashes on my nexus p hopefully there s an update soon,3,0.4158,10,2.3978952727983707,-0.3799147273280905,0,0
Google is great.,google is great,3,0.6249,2,1.0986122886681098,-0.7157884007242106,0,0
Hope add option change DTMF in band Hope add option change DTMF in band,hope add option change dtmf in band hope add option change dtmf in band,3,0.7003,12,2.5649493574615367,-0.8369021021783833,0,0
Good Good,good good,3,0.7003,2,1.0986122886681098,-0.8369021021783833,0,0
Its very usefull google always need it,its very usefull google always need it,3,0.0,4,1.6094379124341003,0.2879775414337784,0,0
Not so good,not so good,3,-0.3865,1,0.6931471805599453,0.9088057325748613,0,0
Good updates Nice app downloader,good updates nice app downloader,3,0.6908,5,1.791759469228055,-0.8216424183081621,0,0
Constant sync errors made me uninstall. Liked the app otherwise though.,constant sync errors made me uninstall liked the app otherwise though,3,0.1027,9,2.302585092994046,0.1230123273841297,0,0
Best option for backup.,best option for backup,3,0.6369,3,1.3862943611198906,-0.7350637908760684,0,0
Ok,ok,3,0.296,0,0.0,-0.18748208231204444,0,0
Apps may not work if you uninstall Google Play services ook..,apps may not work if you uninstall google play services ook,3,0.34,8,2.1972245773362196,-0.25815851286885616,0,0
Deva Raj,deva raj,3,0.0,2,1.0986122886681098,0.2879775414337784,0,0
Jordan Very nice app  have a lot of choices  but it run slowly in my phone! and magnetic compass doesn't work properly !!!,jordan very nice app have a lot of choices but it run slowly in my phone and magnetic compass doesn t work properly,3,0.4964,12,2.5649493574615367,-0.5093810978480677,0,0
Bll Too slow,bll too slow,3,0.0,2,1.0986122886681098,0.2879775414337784,0,0
What a aap just slowwww To late downloads even on 4g,what a aap just slowwww to late downloads even on g,3,0.0,5,1.791759469228055,0.2879775414337784,0,0
Useful app,useful app,3,0.4404,2,1.0986122886681098,-0.4194292771393986,0,0
"Good app! Update! 15/02/16 1) Version 1.2.0 of torchie with the screen off timer function isn't working on my Note 4  it doesn't switch off the flash at all  2) While in the screen off timer mode the volume switch function should overide the timer function but doesn't either. Thanks for the functions Dev  hope you can sort it out asap  Good app that's easy to use  """"""""""""""""""""""""""""""""can I suggest on the screen off option that you impliment a timer that users can set to turn off flash after a set time?""""""""""""""""""""""""""""""""""""",good app update version of torchie with the screen off timer function isn t working on my note it doesn t switch off the flash at all while in the screen off timer mode the volume switch function should overide the timer function but doesn t either thanks for the functions dev hope you can sort it out asap good app that s easy to use can i suggest on the screen off option that you impliment a timer that users can set to turn off flash after a set time,3,0.8995,43,3.784189633918261,-1.156873578699221,0,0
Missing a few things Some form of backup implementation would be helpful. I'm jumping between far too many roms to have to setup everything each time. Dropbox och Drive backup would be nice  encrypted ofcourse.,missing a few things some form of backup implementation would be helpful i m jumping between far too many roms to have to setup everything each time dropbox och drive backup would be nice encrypted ofcourse,3,0.5267,22,3.1354942159291497,-0.5580514579815086,0,0
A good app that one must need,a good app that one must need,3,0.4404,5,1.791759469228055,-0.4194292771393986,0,0
Some problem to delete massages In one of our group reach super group members more than 200 but that time individual no one except admin can delete massages so memory problem so kindly solve the problem immediately thank you,some problem to delete massages in one of our group reach super group members more than but that time individual no one except admin can delete massages so memory problem so kindly solve the problem immediately thank you,3,0.5093,23,3.1780538303479458,-0.530102142261315,0,0
It's onay,it s onay,3,0.0,1,0.6931471805599453,0.2879775414337784,0,0
great idea! Just... i don't understand why does the app use 80MB of RAM... Seems a bit too much just for waiting and doing exactly nothing. Hence ... uninstall.,great idea just i don t understand why does the app use mb of ram seems a bit too much just for waiting and doing exactly nothing hence uninstall,3,0.6588,14,2.70805020110221,-0.7702413779032087,0,0
Not working in Samsung Lollipop It's the best software of its kind  but not working anymore under the latest Samsung lollipop on a Galaxy S6. Please update.,not working in samsung lollipop it s the best software of its kind but not working anymore under the latest samsung lollipop on a galaxy s please update,3,0.775,14,2.70805020110221,-0.956891405873697,0,0
Need voice calling,need voice calling,3,0.0,3,1.3862943611198906,0.2879775414337784,0,0
Sagts,sagts,3,0.0,1,0.6931471805599453,0.2879775414337784,0,0
It works but... The game are so laggy,it works but the game are so laggy,3,0.0,3,1.3862943611198906,0.2879775414337784,0,0
Jossssssss Ok,jossssssss ok,3,0.296,1,0.6931471805599453,-0.18748208231204444,0,0
machuki Abel zceh,machuki abel zceh,3,0.0,3,1.3862943611198906,0.2879775414337784,0,0
I can't download music from YouTube.,i can t download music from youtube,3,0.0,3,1.3862943611198906,0.2879775414337784,0,0
It's ok and I love it,it s ok and i love it,3,0.7506,1,0.6931471805599453,-0.9176981125649197,0,0
Sarvesh kumar,sarvesh kumar,3,0.0,2,1.0986122886681098,0.2879775414337784,0,0
Entah Good boy,entah good boy,3,0.4404,3,1.3862943611198906,-0.4194292771393986,0,0
SHUBHAM,shubham,3,0.0,1,0.6931471805599453,0.2879775414337784,0,0
Turn off background data... Great app except when I went out and had data on it used 1.29gb in a 4 hour span.... With my phone plan I only have 50mb data and after that every 50mb is $5....,turn off background data great app except when i went out and had data on it used gb in a hour span with my phone plan i only have mb data and after that every mb is,3,0.6249,15,2.772588722239781,-0.7157884007242106,0,0
The new update made some of my front covers become the last page instead in most of my comics.,the new update made some of my front covers become the last page instead in most of my comics,3,0.0,10,2.3978952727983707,0.2879775414337784,0,0
What's app What's app,what s app what s app,3,0.0,2,1.0986122886681098,0.2879775414337784,0,0
Ok,ok,3,0.296,0,0.0,-0.18748208231204444,0,0
Plus,plus,3,0.0,1,0.6931471805599453,0.2879775414337784,0,0
Glitchy I got it to finally work but when I load up Sonic Adventure 2 and enter City Escape it's very slow and the music is glitchy  don't know if it's my phone or if I did something wrong,glitchy i got it to finally work but when i load up sonic adventure and enter city escape it s very slow and the music is glitchy don t know if it s my phone or if i did something wrong,3,-0.0387,17,2.8903717578961645,0.3501406746735194,0,0
Needs improvement but still OK!!,needs improvement but still ok,3,0.7568,3,1.3862943611198906,-0.9276570641433795,0,0
Awesome but please fix one thing I love this emulator alot  but please please get Skies Of Arcadia to work all the way through. I can get to when you rescue Fina from the train and then after the ship battle afterwards it crashes. Has anybody gotten further than that point?,awesome but please fix one thing i love this emulator alot but please please get skies of arcadia to work all the way through i can get to when you rescue fina from the train and then after the ship battle afterwards it crashes has anybody gotten further than that point,3,0.9598,26,3.295836866004329,-1.2537324142123056,0,0
Bios/games not working Placed bios in rt place still says has no bios and won't le me run games,bios games not working placed bios in rt place still says has no bios and won t le me run games,3,-0.296,11,2.4849066497880004,0.7634371651796013,0,0
..... Hello Me,hello me,3,0.0,1,0.6931471805599453,0.2879775414337784,0,0
I CANT MOVE WHY CANT I MOVE IM ROOTED!!!!!,i cant move why cant i move im rooted,3,0.0,5,1.791759469228055,0.2879775414337784,0,0
Its very critical This is not working well,its very critical this is not working well,3,-0.5279,3,1.3862943611198906,1.1359340798642512,0,0
Does it work on marshmallow 6.0?,does it work on marshmallow,3,0.0,2,1.0986122886681098,0.2879775414337784,0,0
Nice one,nice one,3,0.4215,2,1.0986122886681098,-0.3890705376502228,0,0
It is suppop,it is suppop,3,0.0,1,0.6931471805599453,0.2879775414337784,0,0
One of the best  almost I have tested many pedometer apps and I really like this one  I would use it instead of Google Fit  but there is one issue  the pause button. This ends up pressed by mistake sometimes and then I lose tracking data. I would never pause this and would like an option to show or hide the pause button or choose to pause from within the settings menu.,one of the best almost i have tested many pedometer apps and i really like this one i would use it instead of google fit but there is one issue the pause button this ends up pressed by mistake sometimes and then i lose tracking data i would never pause this and would like an option to show or hide the pause button or choose to pause from within the settings menu,3,0.0608,41,3.7376696182833684,0.19031556466436594,0,0
"Possible bug I just got a different phone (S5)  and the app is now doing something weird. It pauses at the start of every song and I must push the play button to resume every time. I assume that it's just a setting I""""""""""""""""""""""""""""""""m missing (although I've been digging)  or something that the new phone might be doing to affect the app. Has anyone else experienced this problem?""""",possible bug i just got a different phone s and the app is now doing something weird it pauses at the start of every song and i must push the play button to resume every time i assume that it s just a setting i m missing although i ve been digging or something that the new phone might be doing to affect the app has anyone else experienced this problem,3,-0.128,34,3.5553480614894135,0.49358170305359383,0,0
Ok SAY MUMS IT DOWNLOADS MUSIC,ok say mums it downloads music,3,0.296,4,1.6094379124341003,-0.18748208231204444,0,0
GPS Nice app 🎅🎃👻😃😁🐰🐹🐺🐙,gps nice app,3,0.4215,3,1.3862943611198906,-0.3890705376502228,0,0
"v15.1.0-RC-1 / 15 January 2015 results in """"""""""""""""""""""""""""""""Unable to Start Tor"""""""""""""""""""""""""""""""". It used to work..... Now  v15.1.0-RC-2 seems to have solved the issue.""""",v rc january results in unable to start tor it used to work now v rc seems to have solved the issue,3,0.2732,10,2.3978952727983707,-0.15085884102351477,0,0
Delete I can't delete any of my files when I select & try to delete. It shows the same option,delete i can t delete any of my files when i select try to delete it shows the same option,3,0.0,8,2.1972245773362196,0.2879775414337784,0,0
Needs auto-refresh of status,needs auto refresh of status,3,0.0,4,1.6094379124341003,0.2879775414337784,0,0
Fine Good,fine good,3,0.5719,2,1.0986122886681098,-0.6306554275535059,0,0
Why the hell does the app open all the time when I open other apps? If I want to open Frostwire I will open it! Get rid of this auto open thing!,why the hell does the app open all the time when i open other apps if i want to open frostwire i will open it get rid of this auto open thing,3,-0.7081,15,2.772588722239781,1.4253861886446473,0,0
Kipkogei,kipkogei,3,0.0,1,0.6931471805599453,0.2879775414337784,0,0
It takes up storage space  for unneccessary updates. But it runs all the google app. Its good.,it takes up storage space for unneccessary updates but it runs all the google app its good,3,0.5927,9,2.302585092994046,-0.6640661038167259,0,0
Worked fine Then it stopped. Will try again later on.,worked fine then it stopped will try again later on,3,-0.0258,5,1.791759469228055,0.32941963026027254,0,0
I cant delete the app! It wont even let me clear data. The app is usefull  but I was just trying it out! There was a bug  so I wanted to delete it. Thanks alot. There goes 100mb that I wont get back. Never mind I deleted it,i cant delete the app it wont even let me clear data the app is usefull but i was just trying it out there was a bug so i wanted to delete it thanks alot there goes mb that i wont get back never mind i deleted it,3,0.7379,23,3.1780538303479458,-0.8972983246542041,0,0
Buggy I have to say this is exactly the app I was looking for (puts the current music artwork as wallpaper) but it's not working properly... Default wallpaper is not showing when not playing music and most of the time the artwork doesn't change,buggy i have to say this is exactly the app i was looking for puts the current music artwork as wallpaper but it s not working properly default wallpaper is not showing when not playing music and most of the time the artwork doesn t change,3,-0.2235,20,3.044522437723423,0.646981683012128,0,0
Tllicuagain Music,tllicuagain music,3,0.0,2,1.0986122886681098,0.2879775414337784,0,0
The emulator seems to operate smoothly. However  I take issue with the clumsy  counter-intuitive controls. For example  I can't just activate a menu item or in-game object by directly clicking on it via the touchscreen. Instead  I have to drag a cursor to highlight the item and then touch the screen to activate it. This is especially difficult when one needs to use the scroll buttons to select game paths within the emulator's interface.,the emulator seems to operate smoothly however i take issue with the clumsy counter intuitive controls for example i can t just activate a menu item or in game object by directly clicking on it via the touchscreen instead i have to drag a cursor to highlight the item and then touch the screen to activate it this is especially difficult when one needs to use the scroll buttons to select game paths within the emulator s interface,3,-0.3167,42,3.7612001156935624,0.7966872131915559,0,0
Unluckily   the reader opens documents written in Arabic as reversed !! We also need a plug in to open PDF files   which wasn't mentioned before I downloaded the app. This was what bothered me a lot   but I have to mention also that it is a good reader.,unluckily the reader opens documents written in arabic as reversed we also need a plug in to open pdf files which wasn t mentioned before i downloaded the app this was what bothered me a lot but i have to mention also that it is a good reader,3,0.5837,22,3.1354942159291497,-0.6496095612028325,0,0
Good start  but needs improvement When the main FAB elevates in the now playing screen the shadow is clipped (like numbers in the same screen with the fourth theme). The status bar becomes way too dark in the album tracklist  and it would be nice to have a choice for color combinations in the app  along with the possibility to have the FAB following the color of the album cover in the now playing screen. The hamburger menu icon is also too small. Overall it's a good start.,good start but needs improvement when the main fab elevates in the now playing screen the shadow is clipped like numbers in the same screen with the fourth theme the status bar becomes way too dark in the album tracklist and it would be nice to have a choice for color combinations in the app along with the possibility to have the fab following the color of the album cover in the now playing screen the hamburger menu icon is also too small overall it s a good start,3,0.9819,46,3.8501476017100584,-1.289231257741977,0,0
I think awesome,i think awesome,3,0.6249,2,1.0986122886681098,-0.7157884007242106,0,0
It's OK.... Could be more great...,it s ok could be more great,3,0.0,2,1.0986122886681098,0.2879775414337784,0,0
Almost Could get MMS to work,almost could get mms to work,3,0.0,5,1.791759469228055,0.2879775414337784,0,0
The app should be upgraded to be able to make calls.,the app should be upgraded to be able to make calls,3,0.0,5,1.791759469228055,0.2879775414337784,0,0
Add time corrections,add time corrections,3,0.0,3,1.3862943611198906,0.2879775414337784,0,0
Know your phone well first! Any accessibility features inherent to your device might conflict,know your phone well first any accessibility features inherent to your device might conflict,3,-0.126,10,2.3978952727983707,0.4903691380282842,0,0
"Can i ask something about this app. It's because when i downloaded it  it said it was free but is it really free just asking and if isn't well i am sorry because i don't know how to pay you back. Cause when i looked and scanned my cellphone using the 360 Security i saw a """"PAYMENT PROTECTION"""" for this app. Pls reply. And Explain it to me. Thank You.",can i ask something about this app it s because when i downloaded it it said it was free but is it really free just asking and if isn t well i am sorry because i don t know how to pay you back cause when i looked and scanned my cellphone using the security i saw a payment protection for this app pls reply and explain it to me thank you,3,0.8982,28,3.367295829986474,-1.1547854114327691,0,0
Ez to under,ez to under,3,0.3612,0,0.0,-0.29221170213713776,0,0
Don't have video call,don t have video call,3,0.0,2,1.0986122886681098,0.2879775414337784,0,0
Meh Meh,meh meh,3,-0.1531,2,1.0986122886681098,0.5338993941212293,0,0
It's ok My only complaint is that I suddenly have like 30 songs on my music that I didn't download so I can't download anything else now and that it's mainly the mainstream music pls fix this,it s ok my only complaint is that i suddenly have like songs on my music that i didn t download so i can t download anything else now and that it s mainly the mainstream music pls fix this,3,0.4215,14,2.70805020110221,-0.3890705376502228,0,0
Okk Assa,okk assa,3,0.0,2,1.0986122886681098,0.2879775414337784,0,0
Some works some doesn't but its pretty good.,some works some doesn t but its pretty good,3,0.1048,3,1.3862943611198906,0.11963913410755467,0,0
It's little ambaresing to me. It's casual work without any problems but it would have been a long time ago not now.,it s little ambaresing to me it s casual work without any problems but it would have been a long time ago not now,3,0.2568,10,2.3978952727983707,-0.12451580781597604,0,0
Not bad....,not bad,3,0.0,1,0.6931471805599453,0.2879775414337784,0,0
Good Guys know how to drive this app its easy.I know guys its difficult for u because me too I've experienced I my old phone now in this phone I find very well to drive this app on...,good guys know how to drive this app its easy i know guys its difficult for u because me too i ve experienced i my old phone now in this phone i find very well to drive this app on,3,0.4201,17,2.8903717578961645,-0.386821742132506,0,0
For a Goggle play service version For support that I'm asking for can't update and Goggle play service so please help me,for a goggle play service version for support that i m asking for can t update and goggle play service so please help me,3,0.9016,12,2.5649493574615367,-1.160246771975796,0,0
Only just logged in and have not had time to use it togive an honest feed back,only just logged in and have not had time to use it togive an honest feed back,3,0.5106,7,2.0794415416798357,-0.532190309527766,0,0
The remote program requires Clementine 1.2.1  but for Linux users  Clementine's latest version is only 1.2. Even though Clementine 1.2 has a 'Remote' options page  the remote won't work with it.,the remote program requires clementine but for linux users clementine s latest version is only even though clementine has a remote options page the remote won t work with it,3,0.0,17,2.8903717578961645,0.2879775414337784,0,0
It uses lot of space at least Give update to move to S.D card,it uses lot of space at least give update to move to s d card,3,0.0,8,2.1972245773362196,0.2879775414337784,0,0
Çok güzel,ok g zel,3,0.0,1,0.6931471805599453,0.2879775414337784,0,0
ASFFTRCC,asfftrcc,3,0.0,1,0.6931471805599453,0.2879775414337784,0,0
Still buggy Counts files and folders double  no rename function. Otherwise working.,still buggy counts files and folders double no rename function otherwise working,3,-0.296,10,2.3978952727983707,0.7634371651796013,0,0
Good app with decent functionality. More control over how the widget displays (background color  etc.) would make this a 4 or 5 star app.,good app with decent functionality more control over how the widget displays background color etc would make this a or star app,3,0.4404,14,2.70805020110221,-0.4194292771393986,0,0
HOW TO FIX THE SOUND .. THE SOUND IS SO NOISE,how to fix the sound the sound is so noise,3,0.0,4,1.6094379124341003,0.2879775414337784,0,0
Good  very accurate than others. The new UI is great but with this update I'm not able to snooze or disable alarm. JB 4.1.2 nandroid backup.,good very accurate than others the new ui is great but with this update i m not able to snooze or disable alarm jb nandroid backup,3,0.1027,12,2.5649493574615367,0.1230123273841297,0,0
Anyway Better Rys,anyway better rys,3,0.4404,3,1.3862943611198906,-0.4194292771393986,0,0
J.C Duvall .,j c duvall,3,0.0,1,0.6931471805599453,0.2879775414337784,0,0
telegram!,telegram,3,0.0,1,0.6931471805599453,0.2879775414337784,0,0
Altaf I CAN'T STOP THE RECORD,altaf i can t stop the record,3,0.3465,3,1.3862943611198906,-0.2685993492011125,0,0
May be🌟🌟🌟,may be,3,0.0,1,0.6931471805599453,0.2879775414337784,0,0
best of them all fast to use when downloading and easy to use,best of them all fast to use when downloading and easy to use,3,0.7964,6,1.9459101490553132,-0.9912658516445099,0,0
NoT baD it does not works in my phone but it's want to phone,not bad it does not works in my phone but it s want to phone,3,0.3346,5,1.791759469228055,-0.24948458730052003,0,0
May improve It could show the permissions on categories  and then show the apps for that.,may improve it could show the permissions on categories and then show the apps for that,3,0.4404,8,2.1972245773362196,-0.4194292771393986,0,0
Goood V nice,goood v nice,3,0.4215,2,1.0986122886681098,-0.3890705376502228,0,0
Binary outdated How am I supposed to update the binary..???,binary outdated how am i supposed to update the binary,3,0.0,5,1.791759469228055,0.2879775414337784,0,0
it good but notification is not coming,it good but notification is not coming,3,0.2382,3,1.3862943611198906,-0.09463895308059644,0,0
Cool! Seems to work on HTC Wildfire S but NOT on Star N9599T (MT6589T chipset). The idea is well cool! But I havn't yet got enough friends with smartphones to test it. I envision using it on festivals where the extra use overwhelms the local infrastructure. Glastonbury Festival  where 1/4 million extra people arrive by a small village  is the worst I have attended.,cool seems to work on htc wildfire s but not on star n t mt t chipset the idea is well cool but i havn t yet got enough friends with smartphones to test it i envision using it on festivals where the extra use overwhelms the local infrastructure glastonbury festival where million extra people arrive by a small village is the worst i have attended,3,0.893,35,3.58351893845611,-1.1464327423669642,0,0
Helpful Install sebab nak baca hasil karangan Cikgu Azmi je.,helpful install sebab nak baca hasil karangan cikgu azmi je,3,0.4215,9,2.302585092994046,-0.3890705376502228,0,0
Diff,diff,3,0.0,1,0.6931471805599453,0.2879775414337784,0,0
Needs modernization Needs modernization. Material design  etc.,needs modernization needs modernization material design etc,3,0.0,7,2.0794415416798357,0.2879775414337784,0,0
Should have the option to hide online status but oh well...,should have the option to hide online status but oh well,3,-0.09,5,1.791759469228055,0.43254296757271105,0,0
I downloaded the old version  but i lost it When I reset my phone. Please bring it back,i downloaded the old version but i lost it when i reset my phone please bring it back,3,0.0,9,2.302585092994046,0.2879775414337784,0,0
Good Good massanger,good good massanger,3,0.7003,3,1.3862943611198906,-0.8369021021783833,0,0
Cool Nice,cool nice,3,0.6249,2,1.0986122886681098,-0.7157884007242106,0,0
Sudan Hot chat,sudan hot chat,3,0.0,3,1.3862943611198906,0.2879775414337784,0,0
Battery draining more,battery draining more,3,0.0,2,1.0986122886681098,0.2879775414337784,0,0
It's was fun,it s was fun,3,0.5106,1,0.6931471805599453,-0.532190309527766,0,0
Better This is better than the earliest version.,better this is better than the earliest version,3,0.7003,4,1.6094379124341003,-0.8369021021783833,0,0
The Google Play Store app is not among the apps inside Google Play app itself.. making it impossible to right a review on the Google Play app itself!!!! I think the Google Play app in order to distinguish itself from the competition which is becoming better and better must include more possibilities for the user to search for apps to buy or freely install: 1) possibility to search only apps that are free 2) possibility to filter out apps that require specific permissions 3) obviously the possibility to search for apps that do not require any special permission 4) possibility to arrange results in order of proce  number of required permissions  name  and so on You must give more power to the user... the user must not feel limited in power as is the case now!!! This is very important.. if you havn't thought about it yet then it is time to do so.. if you have and not applied these changes yet..it is time to change your managers! cheers!,the google play store app is not among the apps inside google play app itself making it impossible to right a review on the google play app itself i think the google play app in order to distinguish itself from the competition which is becoming better and better must include more possibilities for the user to search for apps to buy or freely install possibility to search only apps that are free possibility to filter out apps that require specific permissions obviously the possibility to search for apps that do not require any special permission possibility to arrange results in order of proce number of required permissions name and so on you must give more power to the user the user must not feel limited in power as is the case now this is very important if you havn t thought about it yet then it is time to do so if you have and not applied these changes yet it is time to change your managers cheers,3,0.9738,84,4.442651256490317,-1.2762203693894731,0,0
good but.... it's truly a good app but..... there is two thing wich make me unable to use it... first the home button wich make me go back to the default lock screen even using xposed. secondly it make screen off memo unusable since it make the screen back off after 10sec.,good but it s truly a good app but there is two thing wich make me unable to use it first the home button wich make me go back to the default lock screen even using xposed secondly it make screen off memo unusable since it make the screen back off after sec,3,0.8271,32,3.4965075614664802,-1.0405787247830123,0,0
Pvr needs work I'm getting errors when loading pvr data. Error getting pvr info: invalid parms. Rest is pretty good and sleek!,pvr needs work i m getting errors when loading pvr data error getting pvr info invalid parms rest is pretty good and sleek,3,0.3164,18,2.9444389791664403,-0.22025024557020245,0,0
Bugs I erased and image and it literally cleared all i have written and there is no undo button. Sometime when i click on bold and italics and write something when i unclick both of them the italics leave the written word and leaves just only the bold p.s you need to add a copy link of post button and an undo button. I also realise it cant upload most images that are a bit large then it says error..sometimes the bold button keeps activating itself after deactivating,bugs i erased and image and it literally cleared all i have written and there is no undo button sometime when i click on bold and italics and write something when i unclick both of them the italics leave the written word and leaves just only the bold p s you need to add a copy link of post button and an undo button i also realise it cant upload most images that are a bit large then it says error sometimes the bold button keeps activating itself after deactivating,3,0.7003,44,3.8066624897703196,-0.8369021021783833,0,0
Works  but no customization. Image change frequency would be greatly appreciated.,works but no customization image change frequency would be greatly appreciated,3,0.4748,8,2.1972245773362196,-0.4746853955747241,0,0
Edwin,edwin,3,0.0,1,0.6931471805599453,0.2879775414337784,0,0
Ok Ok,ok ok,3,0.5267,0,0.0,-0.5580514579815086,0,0
Not working anymore After the update  the app not working anymore and sometimes it's freeze,not working anymore after the update the app not working anymore and sometimes it s freeze,3,0.0516,8,2.1972245773362196,0.20509336378079013,0,0
WTF now autostarts on boot? No option to turn off! Drains battery.,wtf now autostarts on boot no option to turn off drains battery,3,-0.792,7,2.0794415416798357,1.5601532914563858,0,0
Bangladeshi mane,bangladeshi mane,3,0.0,2,1.0986122886681098,0.2879775414337784,0,0
Cool,cool,3,0.3182,1,0.6931471805599453,-0.2231415540929813,0,0
Well works for clash of clans It's ok but add a update cause I think your host editor is messing my phone up ???,well works for clash of clans it s ok but add a update cause i think your host editor is messing my phone up,3,0.3999,12,2.5649493574615367,-0.35437483537687875,0,0
No response from dev I emailed from the app to them twice on this  and have not had a response. On my old phone it was a five star. On my note 4 it brings up the volume but not the notification volume. It says that on this version of Android it cannot split them independently. That's fine  however  I end up with my volume up and my notification volume not brought up!,no response from dev i emailed from the app to them twice on this and have not had a response on my old phone it was a five star on my note it brings up the volume but not the notification volume it says that on this version of android it cannot split them independently that s fine however i end up with my volume up and my notification volume not brought up,3,0.2244,27,3.332204510175204,-0.07247225440596017,0,0
I don't have anything much against this app but the only thing is that YouTube won't work without the newest update... Then I download the update which is on 8% and has been downloading for 20minutes!- nothing to do with my WiFi as I have full bars. I then try using YouTube on Google search but its not as quick as the app. Please change. Thank you 😊,i don t have anything much against this app but the only thing is that youtube won t work without the newest update then i download the update which is on and has been downloading for minutes nothing to do with my wifi as i have full bars i then try using youtube on google search but its not as quick as the app please change thank you,3,0.7574,27,3.332204510175204,-0.9286208336509727,0,0
Not facing any trouble in using it,not facing any trouble in using it,3,0.3089,3,1.3862943611198906,-0.20820312672529173,0,0
How i get game ?,how i get game,3,0.0,2,1.0986122886681098,0.2879775414337784,0,0
Not really necessary,not really necessary,3,0.0,2,1.0986122886681098,0.2879775414337784,0,0
No peer certificate I have uninstalled and reinstalled it so many times. It works fine the first time after that whenever I try to upload a post  it says no peer certificate.???!!!!,no peer certificate i have uninstalled and reinstalled it so many times it works fine the first time after that whenever i try to upload a post it says no peer certificate,3,-0.6495,17,2.8903717578961645,1.3312580334030757,0,0
Nice but Please add feature bottom copy paste like toichpal.keyboard..,nice but please add feature bottom copy paste like toichpal keyboard,3,0.7964,10,2.3978952727983707,-0.9912658516445099,0,0
Gr8 Problem is failure to download some apps,gr problem is failure to download some apps,3,-0.3182,4,1.6094379124341003,0.7990966369605381,0,0
Nic app,nic app,3,0.0,2,1.0986122886681098,0.2879775414337784,0,0
Too many permissions...,too many permissions,3,0.0,2,1.0986122886681098,0.2879775414337784,0,0
Shfh Sooper,shfh sooper,3,0.0,2,1.0986122886681098,0.2879775414337784,0,0
Idk Idk,idk idk,3,-0.2023,2,1.0986122886681098,0.612928493743846,0,0
Good effort  but needs improvement. Lots of customizable features for image and video recording. But a major deal breaker is I can't get it to mute the shutter or video recording sounding chime. Hopefully  they improve this flaw in the future.,good effort but needs improvement lots of customizable features for image and video recording but a major deal breaker is i can t get it to mute the shutter or video recording sounding chime hopefully they improve this flaw in the future,3,0.9239,24,3.2188758248682006,-1.1960668720079983,0,0
"Pretty great. Could do with the info some more of the smaller handbooks like """"People of the North"""" and """"Armour Masters Handbook"""" etc.",pretty great could do with the info some more of the smaller handbooks like people of the north and armour masters handbook etc,3,0.8689,13,2.6390573296152584,-1.107721333811984,0,0
I like this app. Good ONE,i like this app good one,3,0.6597,4,1.6094379124341003,-0.7716870321645981,0,0
For some reason the background only plays a 5 second music then shuts off while voices stay on the whole time  it used to play both throughout the whole session. Fix that 5 stars please this was my favorite app. :/,for some reason the background only plays a second music then shuts off while voices stay on the whole time it used to play both throughout the whole session fix that stars please this was my favorite app,3,0.743,20,3.044522437723423,-0.9054903654687436,0,0
Good I like this,good i like this,3,0.6597,2,1.0986122886681098,-0.7716870321645981,0,0
Takes too much storage,takes too much storage,3,0.0,3,1.3862943611198906,0.2879775414337784,0,0
Okkkkk,okkkkk,3,0.0,1,0.6931471805599453,0.2879775414337784,0,0
Gud app,gud app,3,0.0,2,1.0986122886681098,0.2879775414337784,0,0
Ayaz Ayaz,ayaz ayaz,3,0.0,2,1.0986122886681098,0.2879775414337784,0,0
Sadashiv Kale,sadashiv kale,3,0.0,2,1.0986122886681098,0.2879775414337784,0,0
Sah dude Poo 🔥,sah dude poo,3,0.0,3,1.3862943611198906,0.2879775414337784,0,0
Good Sooo nice,good sooo nice,3,0.6908,3,1.3862943611198906,-0.8216424183081621,0,0
No obvious sharing feature,no obvious sharing feature,3,0.1531,3,1.3862943611198906,0.04205568874632748,0,0
IT'S OK I'm going to have to update my Google play so I can get the new hangouts,it s ok i m going to have to update my google play so i can get the new hangouts,3,0.6523,7,2.0794415416798357,-0.7598005415709523,0,0
I wish it would load faster  I know my old phone had a two gigabyte file of thumbnails I'd be OK with it.,i wish it would load faster i know my old phone had a two gigabyte file of thumbnails i d be ok with it,3,0.6841,11,2.4849066497880004,-0.8108803254733754,0,0
Nice app.. but. 1. The video recorder doesn't have a pause button. 2. Slow focus. 3. No flash torch option at the video recorder and 4. It's extremely time consuming to switch to video mode to camera mode.. I mean. Just make a button for it..,nice app but the video recorder doesn t have a pause button slow focus no flash torch option at the video recorder and it s extremely time consuming to switch to video mode to camera mode i mean just make a button for it,3,-0.2263,24,3.2188758248682006,0.6514792740475612,0,0
Iight,iight,3,0.0,1,0.6931471805599453,0.2879775414337784,0,0
AD Yadav,ad yadav,3,0.0,1,0.6931471805599453,0.2879775414337784,0,0
Very nice,very nice,3,0.4754,1,0.6931471805599453,-0.4756491650823169,0,0
Md Shamim,md shamim,3,0.0,1,0.6931471805599453,0.2879775414337784,0,0
Rathod Gaurav,rathod gaurav,3,0.0,2,1.0986122886681098,0.2879775414337784,0,0
convenience tool for user,convenience tool for user,3,0.0,3,1.3862943611198906,0.2879775414337784,0,0
Its good but not for rar files,its good but not for rar files,3,0.2382,3,1.3862943611198906,-0.09463895308059644,0,0
Excellent app Great UI upgrade. Kernel went unstable after updating. Performance output of device goes haywire and device heating up faster than ever.,excellent app great ui upgrade kernel went unstable after updating performance output of device goes haywire and device heating up faster than ever,3,0.743,17,2.8903717578961645,-0.9054903654687436,0,0
The songs I download end up getting deleted and downloaded back which I'd really annoying please fix!,the songs i download end up getting deleted and downloaded back which i d really annoying please fix,3,-0.1795,11,2.4849066497880004,0.5763052524553163,0,0
Add note اضافه کردن یادداشت,add note,3,0.0,2,1.0986122886681098,0.2879775414337784,0,0
How to draw them,how to draw them,3,0.0,1,0.6931471805599453,0.2879775414337784,0,0
To clingy It won't let me go to YouTube without updating it,to clingy it won t let me go to youtube without updating it,3,0.0,5,1.791759469228055,0.2879775414337784,0,0
Good app except for... it doesn't respond to screen taps half the time on LG G2  making it difficult and annoying to navigate. Also is not downloading NYTimes puzzle  despite correct account info entry.,good app except for it doesn t respond to screen taps half the time on lg g making it difficult and annoying to navigate also is not downloading nytimes puzzle despite correct account info entry,3,-0.3182,21,3.091042453358316,0.7990966369605381,0,0
Khon,khon,3,0.0,1,0.6931471805599453,0.2879775414337784,0,0
Needs to allow download in any country,needs to allow download in any country,3,0.2263,4,1.6094379124341003,-0.07552419118000442,0,0
It's good enough Blah,it s good enough blah,3,0.3612,3,1.3862943611198906,-0.29221170213713776,0,0
Data off By using this can I switched off certain app data..it means my mobile data should be ON and i dnt get any notifications from that app..even i open that app..i should not get any notifications..even i cant do anything because for that app net is off,data off by using this can i switched off certain app data it means my mobile data should be on and i dnt get any notifications from that app even i open that app i should not get any notifications even i cant do anything because for that app net is off,3,0.2732,23,3.1780538303479458,-0.15085884102351477,0,0
Try to consume less battery,try to consume less battery,3,0.0,4,1.6094379124341003,0.2879775414337784,0,0
Access denied After upgrade SGN3 4.4.2 The external media becomes access denied for no media excl and can't even create directory,access denied after upgrade sgn the external media becomes access denied for no media excl and can t even create directory,3,-0.8322,14,2.70805020110221,1.624725848465109,0,0
Problems Will restart song several times when playing over mobile data.,problems will restart song several times when playing over mobile data,3,-0.2263,8,2.1972245773362196,0.6514792740475612,0,0
K This app y not update plz solve this problem,k this app y not update plz solve this problem,3,-0.5445,5,1.791759469228055,1.162598369574321,0,0
Its ok,its ok,3,0.296,0,0.0,-0.18748208231204444,0,0
Cool,cool,3,0.3182,1,0.6931471805599453,-0.2231415540929813,0,0
It's very super,it s very super,3,0.6361,1,0.6931471805599453,-0.7337787648659444,0,0
Thanks,thanks,3,0.4404,1,0.6931471805599453,-0.4194292771393986,0,0
Good,good,3,0.4404,1,0.6931471805599453,-0.4194292771393986,0,0
Good prgrm,good prgrm,3,0.4404,2,1.0986122886681098,-0.4194292771393986,0,0
memory drain used to be great,memory drain used to be great,3,0.6249,4,1.6094379124341003,-0.7157884007242106,0,0
OK,ok,3,0.296,0,0.0,-0.18748208231204444,0,0
Poor,poor,3,-0.4767,1,0.6931471805599453,1.0536924152163252,0,0
Asks for a lot of permissions,asks for a lot of permissions,3,0.0,3,1.3862943611198906,0.2879775414337784,0,0
App is good Still delete option not provided in super user group.,app is good still delete option not provided in super user group,3,-0.0634,9,2.302585092994046,0.3898158527360933,0,0
brain teaser,brain teaser,3,-0.25,2,1.0986122886681098,0.6895481695974803,0,0
Oky,oky,3,0.0,1,0.6931471805599453,0.2879775414337784,0,0
Nice Keep it up,nice keep it up,3,0.4215,2,1.0986122886681098,-0.3890705376502228,0,0
The disability is really bad It could be so good but it's really hard to use and relies heavily on plugins. Ie it has no built in automatic image change and no multiple source selector.,the disability is really bad it could be so good but it s really hard to use and relies heavily on plugins ie it has no built in automatic image change and no multiple source selector,3,-0.7694,18,2.9444389791664403,1.5238513066703872,0,0
Frame drop Great emulator could use a speed function though,frame drop great emulator could use a speed function though,3,0.4588,9,2.302585092994046,-0.44898487537224696,0,0
So I use this app cos I want my wifi to turn on automatically   which is happening fine   but when my mobile is not connected to any wifi networks   this app should turn off my wifi  which is not happening,so i use this app cos i want my wifi to turn on automatically which is happening fine but when my mobile is not connected to any wifi networks this app should turn off my wifi which is not happening,3,0.1406,17,2.8903717578961645,0.06213422015451231,0,0
It's cool but... I use a wx80 and apart from the fact that the flash is used even if i switch it off and that the last pic taken is never shown. I would really like to use the settings of my camera rather than a default one provided by the app.,it s cool but i use a wx and apart from the fact that the flash is used even if i switch it off and that the last pic taken is never shown i would really like to use the settings of my camera rather than a default one provided by the app,3,0.624,24,3.2188758248682006,-0.7143427464628216,0,0
It keeps telling my download is pending,it keeps telling my download is pending,3,0.0,4,1.6094379124341003,0.2879775414337784,0,0
Good app  please fix virtual memory! Virtual memory does no save  nor apply at all. Please fix because I want to give this app the rating it deserves!,good app please fix virtual memory virtual memory does no save nor apply at all please fix because i want to give this app the rating it deserves,3,0.855,17,2.8903717578961645,-1.085394006886082,0,0
Never download this app We have to download so much whole Internet means so much more than 5gb its good so much we have to download,never download this app we have to download so much whole internet means so much more than gb its good so much we have to download,3,0.4404,12,2.5649493574615367,-0.4194292771393986,0,0
Love the app itself but battery usage is excessive I have 3 IMAP email accounts configured with default settings and K-9 mail accounts for at least 10% of my daily battery consumption. By contrast  I have two Exchange accounts configured in my phone's stock email client and it doesn't even use 1% of the battery. What's the explanation?,love the app itself but battery usage is excessive i have imap email accounts configured with default settings and k mail accounts for at least of my daily battery consumption by contrast i have two exchange accounts configured in my phone s stock email client and it doesn t even use of the battery what s the explanation,3,0.3818,30,3.4339872044851463,-0.325301121897827,0,0
Outdated. Long boot up. Usually takes a long time to boot up. Just wait on the black screen a minute or so and the app should start. Get the newest nightly build from the site. Atleast Lure of the Temptress is unplayable with this version due to too sensitive context menus.,outdated long boot up usually takes a long time to boot up just wait on the black screen a minute or so and the app should start get the newest nightly build from the site atleast lure of the temptress is unplayable with this version due to too sensitive context menus,3,0.0,28,3.367295829986474,0.2879775414337784,0,0
Prices does not update since last week,prices does not update since last week,3,0.0,5,1.791759469228055,0.2879775414337784,0,0
I can't connect my work exchange account. I like the app  but I can't use it until I can connect to my work email.,i can t connect my work exchange account i like the app but i can t use it until i can connect to my work email,3,0.1901,10,2.3978952727983707,-0.017376764221900487,0,0
update krne ke bad error kyo bta rha h,update krne ke bad error kyo bta rha h,3,-0.7351,7,2.0794415416798357,1.4687558164863272,0,0
Liked it,liked it,3,0.4215,1,0.6931471805599453,-0.3890705376502228,0,0
Nyc Good,nyc good,3,0.4404,2,1.0986122886681098,-0.4194292771393986,0,0
The Sky Map Doesn't show The Galaxy At The Exact Places.,the sky map doesn t show the galaxy at the exact places,3,0.0,6,1.9459101490553132,0.2879775414337784,0,0
I like it because it is useful but it is ad to update,i like it because it is useful but it is ad to update,3,0.4019,3,1.3862943611198906,-0.3575874004021884,0,0
"Material design strikes functionality down again I didn't think it was possible  but they made the app worse. The core functionality is still there  and if all you have is 1-4 accounts that need codes  then it will work great. But the """"""""""""""""""""""""""""""""material design"""""""""""""""""""""""""""""""" theme removes content and adds needless white space. On my phone  it only fits 4 accounts on screen. The text is no bigger  they just fluffed everything up with blank space. Though they did manage to shrink the countdown wheel (arguably as important as the code) to a tiny spec  for no reason.""""",material design strikes functionality down again i didn t think it was possible but they made the app worse the core functionality is still there and if all you have is accounts that need codes then it will work great but the material design theme removes content and adds needless white space on my phone it only fits accounts on screen the text is no bigger they just fluffed everything up with blank space though they did manage to shrink the countdown wheel arguably as important as the code to a tiny spec for no reason,3,-0.3919,47,3.871201010907891,0.9174796581431974,0,0
The original was great but with the more recent updates it has turned to craps .,the original was great but with the more recent updates it has turned to craps,3,0.4939,6,1.9459101490553132,-0.5053653915664311,0,0
Enough,enough,3,0.0,1,0.6931471805599453,0.2879775414337784,0,0
Indian weather Super one for update Weather,indian weather super one for update weather,3,0.5994,6,1.9459101490553132,-0.6748281966515131,0,0
No options to delete the video or chats,no options to delete the video or chats,3,-0.296,4,1.6094379124341003,0.7634371651796013,0,0
Good D?ng t?m ???c,good d ng t m c,3,0.594,1,0.6931471805599453,-0.6661542710831769,0,0
Not Satisfied Fxns well but lags and is time consuming. PLS FIX. Will give 5 stars once amended.,not satisfied fxns well but lags and is time consuming pls fix will give stars once amended,3,-0.4163,11,2.4849066497880004,0.9566729514519747,0,0
Uninstalling Can't save video to external sd card..I don't have a huge internal memory to store 1080p videos..sorry....,uninstalling can t save video to external sd card i don t have a huge internal memory to store p videos sorry,3,-0.5559,11,2.4849066497880004,1.1809099902185856,0,0
Why does this app didn't work at my phone?,why does this app didn t work at my phone,3,0.0,3,1.3862943611198906,0.2879775414337784,0,0
Merci,merci,3,0.0,1,0.6931471805599453,0.2879775414337784,0,0
Meh Blah de blah de blah de blah de blah blah blah BLAAAHHHHH.... Blah de dirty DUUUUIIIIIRRRRTTTTTYYYYYY €BLAAAAAAHHH €BLAAAAHHHH §§~blah ¥¬¢¬£¬¬¶,meh blah de blah de blah de blah de blah blah blah blaaahhhhh blah de dirty duuuuiiiiirrrrtttttyyyyyy blaaaaaahhh blaaaahhhh blah,3,-0.8126,15,2.772588722239781,1.5932427112170748,0,0
Galaxy discover It say su binary was nit writted,galaxy discover it say su binary was nit writted,3,0.0,6,1.9459101490553132,0.2879775414337784,0,0
Good,good,3,0.4404,1,0.6931471805599453,-0.4194292771393986,0,0
Bachchu tanti Bachchu tanti,bachchu tanti bachchu tanti,3,0.0,4,1.6094379124341003,0.2879775414337784,0,0
Ok Controls too sensitive. Click close on an image and it would click the image after the X.,ok controls too sensitive click close on an image and it would click the image after the x,3,0.296,8,2.1972245773362196,-0.18748208231204444,0,0
Is nice,is nice,3,0.4215,1,0.6931471805599453,-0.3890705376502228,0,0
Great app  solid security  and good customization. Only problem is messages have been getting delivered 6-8 hours late. Kind of... pointless to use if the main function doesn't work properly. Emailed support and no response for two weeks and counting. Would gladly pay for a working version...Edit: Still no response from support. Bummed out they haven't responded.,great app solid security and good customization only problem is messages have been getting delivered hours late kind of pointless to use if the main function doesn t work properly emailed support and no response for two weeks and counting would gladly pay for a working version edit still no response from support bummed out they haven t responded,3,0.9287,36,3.6109179126442243,-1.2037770280687408,0,0
I can't update more aps,i can t update more aps,3,0.0,2,1.0986122886681098,0.2879775414337784,0,0
easy program,easy program,3,0.4404,2,1.0986122886681098,-0.4194292771393986,0,0
Is there a way to get the clock to work while in landscape mode?,is there a way to get the clock to work while in landscape mode,3,0.0,6,1.9459101490553132,0.2879775414337784,0,0
App is good yesterday i purchase this app price is 18 rs my 51 rs was debited from acc and massage was payment unsuccessful pls return my payment or active to premium,app is good yesterday i purchase this app price is rs my rs was debited from acc and massage was payment unsuccessful pls return my payment or active to premium,3,0.5267,16,2.833213344056216,-0.5580514579815086,0,0
The theme editing is good but it has way too many options!!!make them less and it will be superb!,the theme editing is good but it has way too many options make them less and it will be superb,3,0.8679,9,2.302585092994046,-1.1061150512993283,0,0
how to get games please please  reply thanks you ill waiting waiting :),how to get games please please reply thanks you ill waiting waiting,3,0.7717,9,2.302585092994046,-0.9515906735819364,0,0
No,no,3,-0.296,0,0.0,0.7634371651796013,0,0
Safesearch How do you get rid of it,safesearch how do you get rid of it,3,0.0,3,1.3862943611198906,0.2879775414337784,0,0
Does not back up Whats App messages in Gmail as it is suppose to.,does not back up whats app messages in gmail as it is suppose to,3,0.0,6,1.9459101490553132,0.2879775414337784,0,0
Great and Simple Great app for taking fuel cost. Provides just what you are looking for. I do wish it had the ability to sync to other devises and post reminders,great and simple great app for taking fuel cost provides just what you are looking for i do wish it had the ability to sync to other devises and post reminders,3,0.9217,15,2.772588722239781,-1.192533050480158,0,0
Ho,ho,3,0.0,0,0.0,0.2879775414337784,0,0
Stephanrampersad It's ok,stephanrampersad it s ok,3,0.296,1,0.6931471805599453,-0.18748208231204444,0,0
Wifi channel just up to 10? Wifi analyzer have 14,wifi channel just up to wifi analyzer have,3,0.0,4,1.6094379124341003,0.2879775414337784,0,0
The app old version,the app old version,3,0.0,3,1.3862943611198906,0.2879775414337784,0,0
Abhinandan kumar India,abhinandan kumar india,3,0.0,3,1.3862943611198906,0.2879775414337784,0,0
i like it,i like it,3,0.3612,1,0.6931471805599453,-0.29221170213713776,0,0
Good but which file i download cdi or gdi,good but which file i download cdi or gdi,3,0.2382,5,1.791759469228055,-0.09463895308059644,0,0
M4a Not supported or working properly,m a not supported or working properly,3,-0.2411,3,1.3862943611198906,0.6752522552348523,0,0
Does exactly what its supposed to I would give it 5 stars if it had tasker integration  that would make viewing videos at night so much better! Night mode is great for reading in portrait but it makes watching videos too dark. Please please please add tasker integration! Or per app profiles? Nvm figured out that I could just greenify the app in tasker and wake up app when out of landscape mode  it's kinda roundabout but it works,does exactly what its supposed to i would give it stars if it had tasker integration that would make viewing videos at night so much better night mode is great for reading in portrait but it makes watching videos too dark please please please add tasker integration or per app profiles nvm figured out that i could just greenify the app in tasker and wake up app when out of landscape mode it s kinda roundabout but it works,3,0.9197,45,3.828641396489095,-1.1893204854548483,0,0
I think that there's something wrong with the save feature.,i think that there s something wrong with the save feature,3,0.0258,5,1.791759469228055,0.24653545260728427,0,0
"It's useful.. Sorta Everytime I update it  it states """"""""""""""""""""""""""""""""google services has stopped working"""""""""""""""""""""""""""""""" OVER AND OVER. Please fix this.""""",it s useful sorta everytime i update it it states google services has stopped working over and over please fix this,3,0.1027,11,2.4849066497880004,0.1230123273841297,0,0
Pls update and add more I suggest that in armor sets. Add the whole set section. So that we can see the min and max defense and the status,pls update and add more i suggest that in armor sets add the whole set section so that we can see the min and max defense and the status,3,0.2023,15,2.772588722239781,-0.03697341087628914,0,0
Bug The cycling feature isn't working properly for me :/,bug the cycling feature isn t working properly for me,3,-0.34,5,1.791759469228055,0.834113595736413,0,0
Its ok,its ok,3,0.296,0,0.0,-0.18748208231204444,0,0
My phone was factory reset. After reinstalling the app I was expecting my accounts to be in sync after google login  but its not like that. I am still facing issues while logging into aws console.,my phone was factory reset after reinstalling the app i was expecting my accounts to be in sync after google login but its not like that i am still facing issues while logging into aws console,3,-0.395,17,2.8903717578961645,0.9224591339324273,0,0
Good Vinay,good vinay,3,0.4404,2,1.0986122886681098,-0.4194292771393986,0,0
Good Good,good good,3,0.7003,2,1.0986122886681098,-0.8369021021783833,0,0
Bug Browser opens preset page in tab but when opening link from email it only opens that first tab & you need to hit the link a second time to open it. This not an improvement  please fix.,bug browser opens preset page in tab but when opening link from email it only opens that first tab you need to hit the link a second time to open it this not an improvement please fix,3,-0.6871,21,3.091042453358316,1.3916542558788965,0,0
I think u should not keep telling people stuff,i think u should not keep telling people stuff,3,0.0,5,1.791759469228055,0.2879775414337784,0,0
It's good but Please i fell like crying i dont know how to get games free,it s good but please i fell like crying i dont know how to get games free,3,0.8151,10,2.3978952727983707,-1.0213033346311553,0,0
I use this application to travel,i use this application to travel,3,0.0,3,1.3862943611198906,0.2879775414337784,0,0
Jee Lalan,jee lalan,3,0.0,2,1.0986122886681098,0.2879775414337784,0,0
Amazing!,amazing,3,0.6239,1,0.6931471805599453,-0.7141821182115557,0,0
Not many icons  no alphabetical organization of icons.,not many icons no alphabetical organization of icons,3,0.2235,5,1.791759469228055,-0.07102660014457118,0,0
Sometimes it goes wrong   but gud,sometimes it goes wrong but gud,3,-0.2617,4,1.6094379124341003,0.7083416749955416,0,0
it's OK,it s ok,3,0.4466,0,0.0,-0.4293882287178583,0,0
Lacks too many icons Looks great but too many missing icons  even stock android apps are missing icons.,lacks too many icons looks great but too many missing icons even stock android apps are missing icons,3,-0.4678,14,2.70805020110221,1.0393965008536972,0,0
Old school Straight up old school  pretty good. Screen scrolling and movement is awkward  though  being that characters track around the screen choppily and there's no walking movements for them. Needs graphical enhancement for sure  but it also needs some kind of music. Anything. Other than that  it's pretty good.,old school straight up old school pretty good screen scrolling and movement is awkward though being that characters track around the screen choppily and there s no walking movements for them needs graphical enhancement for sure but it also needs some kind of music anything other than that it s pretty good,3,0.9081,30,3.4339872044851463,-1.170687608308052,0,0
Not bad  but keeping the current connection at the top of every screen severely limits what can otherwise be seen. Would be 5 stars otherwise. Edit: In response to first reply  since I seem to be misunderstood  it should NOT always be visible. There should be an option to hide it.,not bad but keeping the current connection at the top of every screen severely limits what can otherwise be seen would be stars otherwise edit in response to first reply since i seem to be misunderstood it should not always be visible there should be an option to hide it,3,-0.7206,25,3.258096538021482,1.4454647200528326,0,0
OK but not great,ok but not great,4,-0.5384,1,0.6931471805599453,2.1528000462471266,0,0
A very uncomfortable and weird thing in Telegram- when I want to share a webpage or a file and choose Telegram  not other apps  i can do it only to those who are in my shortlist. But what if i have to send it to a given person for the first time??? It's unfeasible. I have to paste it manually. So that is why WhatsApp or even Hangouts are preferable when you want to share links or files with someone. Is it possible to fix the issue?,a very uncomfortable and weird thing in telegram when i want to share a webpage or a file and choose telegram not other apps i can do it only to those who are in my shortlist but what if i have to send it to a given person for the first time it s unfeasible i have to paste it manually so that is why whatsapp or even hangouts are preferable when you want to share links or files with someone is it possible to fix the issue,4,0.5471,32,3.4965075614664802,0.4091803787603334,0,0
Good,good,4,0.4404,1,0.6931471805599453,0.5805707228606014,0,0
Good,good,4,0.4404,1,0.6931471805599453,0.5805707228606014,0,0
Tt's ok,tt s ok,4,0.296,0,0.0,0.8125179176879556,0,0
Me like it Ne like it because it give you all what u need to control your games,me like it ne like it because it give you all what u need to control your games,4,0.6124,6,1.9459101490553132,0.30429013068397426,0,0
nice nice,nice nice,4,0.6808,2,1.0986122886681098,0.19442040681838568,0,0
Good,good,4,0.4404,1,0.6931471805599453,0.5805707228606014,0,0
It is good,it is good,4,0.4404,1,0.6931471805599453,0.5805707228606014,0,0
good good,good good,4,0.7003,2,1.0986122886681098,0.16309789782161666,0,0
Great app. Shift issue. I love this app  though there is one critical issue: during certain periods of the year  events show as one day early. I believe that this is an issue with DST  in that Egypt cancelled it.,great app shift issue i love this app though there is one critical issue during certain periods of the year events show as one day early i believe that this is an issue with dst in that egypt cancelled it,4,0.7964,23,3.1780538303479458,0.008734148355490134,0,0
Great but one thing Should make it so the wallpaper will change faster like in 30 minutes,great but one thing should make it so the wallpaper will change faster like in minutes,4,0.7003,9,2.302585092994046,0.16309789782161666,0,0
habib verygood,habib verygood,4,0.0,2,1.0986122886681098,1.2879775414337784,0,0
Create dc folder on phone memory then create data folder in side dc folder then put dc_boot and dc_flash inside data.Make sure there named as is ....btw cool emu,create dc folder on phone memory then create data folder in side dc folder then put dc boot and dc flash inside data make sure there named as is btw cool emu,4,0.7783,20,3.044522437723423,0.03780786183454188,0,0
This app makes things easier for me to do. Thank you.,this app makes things easier for me to do thank you,4,0.6486,5,1.791759469228055,0.24614270372587033,0,0
widget not working on lockscreen Hi i have a lenovo s860 and the widget doesnt seem to work on the lock screen . doesnt pull down or anything for that matter . plz help its a really cool app love it.,widget not working on lockscreen hi i have a lenovo s and the widget doesnt seem to work on the lock screen doesnt pull down or anything for that matter plz help its a really cool app love it,4,0.8795,20,3.044522437723423,-0.12474792844612459,0,0
Does what it needs to. Good to jot down post ideas  drafts and monitor a site in general.,does what it needs to good to jot down post ideas drafts and monitor a site in general,4,0.4404,9,2.302585092994046,0.5805707228606014,0,0
Its taking long to start downloading,its taking long to start downloading,4,0.0,4,1.6094379124341003,1.2879775414337784,0,0
Good Google i like it,good google i like it,4,0.6597,3,1.3862943611198906,0.2283129678354019,0,0
helpful,helpful,4,0.4215,1,0.6931471805599453,0.6109294623497772,0,0
Love it,love it,4,0.6369,1,0.6931471805599453,0.26493620912393157,0,0
Nice It's nice,nice it s nice,4,0.6808,2,1.0986122886681098,0.19442040681838568,0,0
I love it It is very useful and easy to use,i love it it is very useful and easy to use,4,0.8899,4,1.6094379124341003,-0.14145326657773438,0,0
Everything thing is good but There is no built in pattern and I have to unlock two screen which is quite frustrating.,everything thing is good but there is no built in pattern and i have to unlock two screen which is quite frustrating,4,-0.7302,10,2.3978952727983707,2.4608850321743185,0,0
me sirvio solo porque cambie de telefono y no se perdio mi cuenta de clash royale,me sirvio solo porque cambie de telefono y no se perdio mi cuenta de clash royale,4,-0.296,9,2.302585092994046,1.7634371651796013,0,0
Good web browser,good web browser,4,0.4404,3,1.3862943611198906,0.5805707228606014,0,0
Best way to browse Wiki content! 5 stars if you improve switching between tabs. Keep up the good work!,best way to browse wiki content stars if you improve switching between tabs keep up the good work,4,0.8906,12,2.5649493574615367,-0.14257766433659302,0,0
Great app Always works great for music and podcasts. Recently the video playback stopped working for me  I tried toggling the playback format but I'm not sure which it should be. I never had to change that setting before.,great app always works great for music and podcasts recently the video playback stopped working for me i tried toggling the playback format but i m not sure which it should be i never had to change that setting before,4,0.2975,20,3.044522437723423,0.8101084939189733,0,0
Ood,ood,4,0.0,1,0.6931471805599453,1.2879775414337784,0,0
Good USEFUL ADDON,good useful addon,4,0.7603,3,1.3862943611198906,0.06672094706232823,0,0
Prince کاش زبان فارسی هم داشت .,prince,4,0.0,1,0.6931471805599453,1.2879775414337784,0,0
Just installed so no comments.,just installed so no comments,4,-0.4341,2,1.0986122886681098,1.9852647801772303,0,0
Nice,nice,4,0.4215,1,0.6931471805599453,0.6109294623497772,0,0
It is really annoying,it is really annoying,4,-0.4576,2,1.0986122886681098,2.023012419224618,0,0
Cant wait for an update... I know there's one in the works. Excited for it,cant wait for an update i know there s one in the works excited for it,4,0.34,7,2.0794415416798357,0.7418414871311438,0,0
Good  but usernames are difficult This is the best PWM app I've seen for Android and may beat out the website. However  like most of the apps here  it puts the username in the profile instead of letting me use different ones for different sites.,good but usernames are difficult this is the best pwm app i ve seen for android and may beat out the website however like most of the apps here it puts the username in the profile instead of letting me use different ones for different sites,4,0.8294,24,3.2188758248682006,-0.04427317456211899,0,0
Need more improvements in the theme section. Otherwise excellent.,need more improvements in the theme section otherwise excellent,4,0.7425,6,1.9459101490553132,0.09531277578758424,0,0
Really nice to see it working on Android 6 - and the introduction of branch actions support.,really nice to see it working on android and the introduction of branch actions support,4,0.6997,9,2.302585092994046,0.1640616673292099,0,0
Small and simple  but can't upload videos anymore Have been using this for years. I like the minimal permissions  lack of constant facelifts and updates  and ability to turn on and off with simplicity. No plans to uninstall  however I used to be able to upload videos from my phone through Tinfoil and now I can't. I can view videos in my news feed  and share video posts  but cannot see my own video folder at all  and when I browse my folders to upload none of the videos in my phone show up.,small and simple but can t upload videos anymore have been using this for years i like the minimal permissions lack of constant facelifts and updates and ability to turn on and off with simplicity no plans to uninstall however i used to be able to upload videos from my phone through tinfoil and now i can t i can view videos in my news feed and share video posts but cannot see my own video folder at all and when i browse my folders to upload none of the videos in my phone show up,4,0.5023,43,3.784189633918261,0.48114183532726873,0,0
Not bad,not bad,4,0.431,1,0.6931471805599453,0.5956697784795564,0,0
Relief,relief,4,0.4767,1,0.6931471805599453,0.5222626676512316,0,0
Has the potential to surpass ipeng some day.,has the potential to surpass ipeng some day,4,0.0,4,1.6094379124341003,1.2879775414337784,0,0
Great,great,4,0.6249,1,0.6931471805599453,0.28421159927578943,0,0
This app is so fast and so easy to use although I am not sure about the safty.,this app is so fast and so easy to use although i am not sure about the safty,4,0.4175,7,2.0794415416798357,0.6173545924003965,0,0
Porque Psp Dragon ball Shin budokai 4. file manger game save. Dowoad,porque psp dragon ball shin budokai file manger game save dowoad,4,0.4939,11,2.4849066497880004,0.4946346084335689,0,0
Liked it,liked it,4,0.4215,1,0.6931471805599453,0.6109294623497772,0,0
"Feature Rich  but Incompatible I love the amount of features and tweaking we can do  it's much better than the stock Moto Camera. My only complaint is that it won't allow me to do 1080p60 because it """"""""""""""""isn't supported"""""""""""""""" although the stock app can do it just fine.""""",feature rich but incompatible i love the amount of features and tweaking we can do it s much better than the stock moto camera my only complaint is that it won t allow me to do p because it isn t supported although the stock app can do it just fine,4,0.8462,19,2.995732273553991,-0.07125872077471929,0,0
Psionics Make it happen  please.,psionics make it happen please,4,0.3182,4,1.6094379124341003,0.7768584459070187,0,0
It's cool guys  work's well,it s cool guys work s well,4,0.5267,4,1.6094379124341003,0.44194854201849143,0,0
But how to download the psp games...!! In it,but how to download the psp games in it,4,0.0,3,1.3862943611198906,1.2879775414337784,0,0
Nice But God of war runs very slowly and audio is very bad  for each game the settings are wants to change it,nice but god of war runs very slowly and audio is very bad for each game the settings are wants to change it,4,-0.8397,11,2.4849066497880004,2.63677296731002,0,0
"I have found that the level accuracy varies from phone model to phone model. Generally higher quality or """"""""""""""""""""""""""""""""more expesive"""""""""""""""""""""""""""""""" phones are much more accurate and reliable. My friends Samsung note 5 was significantly more sensative and accurate over my htc desire 510. Other then that it is an excellent software. So if your readings are inaccurate its most likely your phones gyroscope and internal accelerometer""""",i have found that the level accuracy varies from phone model to phone model generally higher quality or more expesive phones are much more accurate and reliable my friends samsung note was significantly more sensative and accurate over my htc desire other then that it is an excellent software so if your readings are inaccurate its most likely your phones gyroscope and internal accelerometer,4,0.8591,33,3.5263605246161616,-0.09197976518796658,0,0
Almost perfect app I really like the simplistic Facebook appearance and my huge jump in battery life. Two things that would make it perfect: 1. Push Notifications. Because I do a couple group messages daily  it would be nice to know who's trying to hit me up when it happens...not a few hours later. 2. Being able to save images (especially with long press/hold like I was use to). Overall a great non intrusive app.,almost perfect app i really like the simplistic facebook appearance and my huge jump in battery life two things that would make it perfect push notifications because i do a couple group messages daily it would be nice to know who s trying to hit me up when it happens not a few hours later being able to save images especially with long press hold like i was use to overall a great non intrusive app,4,0.9744,45,3.828641396489095,-0.2771841388970664,0,0
Great Only thing missing is support for icade controller mode and the ability to map the analog stick to non-icade controllers. Save states would be nice as the games seem to crash randomly,great only thing missing is support for icade controller mode and the ability to map the analog stick to non icade controllers save states would be nice as the games seem to crash randomly,4,0.8807,22,3.1354942159291497,-0.1266754674613102,0,0
Needs export/transfer to swap to a new device,needs export transfer to swap to a new device,4,0.0,6,1.9459101490553132,1.2879775414337784,0,0
Good It's good. But i think it's better if we can use it offline.,good it s good but i think it s better if we can use it offline,4,0.7184,6,1.9459101490553132,0.1340241843425649,0,0
Good,good,4,0.4404,1,0.6931471805599453,0.5805707228606014,0,0
It's very good but last version 5.010 is draining the battery (59% use),it s very good but last version is draining the battery use,4,0.2724,6,1.9459101490553132,0.8504261849866088,0,0
I I could not get it to work so I could read a book it took me 2 minutes to find out how to work it other than that it was great,i i could not get it to work so i could read a book it took me minutes to find out how to work it other than that it was great,4,0.6249,11,2.4849066497880004,0.28421159927578943,0,0
Good Good,good good,4,0.7003,2,1.0986122886681098,0.16309789782161666,0,0
Pretty good Works very well  however I wish you could change theme to light one (with white background) and view build outputs.,pretty good works very well however i wish you could change theme to light one with white background and view build outputs,4,0.8874,16,2.833213344056216,-0.13743756029609777,0,0
Good but you can't position the tiles in every situation,good but you can t position the tiles in every situation,4,0.2382,5,1.791759469228055,0.9053610469194036,0,0
Really it's help lots,really it s help lots,4,0.4549,3,1.3862943611198906,0.5572796264271065,0,0
Sir Easy app,sir easy app,4,0.4404,3,1.3862943611198906,0.5805707228606014,0,0
Youtube …,youtube,4,0.0,1,0.6931471805599453,1.2879775414337784,0,0
Not network sacses,not network sacses,4,0.0,2,1.0986122886681098,1.2879775414337784,0,0
It works fine but it is just a static map based on your gps location. I've got better sky map app installed that identifies based on what it sees in camera  far more user friendly and intuitive to use.,it works fine but it is just a static map based on your gps location i ve got better sky map app installed that identifies based on what it sees in camera far more user friendly and intuitive to use,4,0.874,22,3.1354942159291497,-0.11591337462652263,0,0
Got a glitch I am on 7.0 and it turns on when it feels like it I have it set to turn on at 22:00 but it turns on when it is 15:00. Not sure what's going on,got a glitch i am on and it turns on when it feels like it i have it set to turn on at but it turns on when it is not sure what s going on,4,-0.1761,10,2.3978952727983707,1.5708438919122898,0,0
Very useful app ...,very useful app,4,0.4927,2,1.0986122886681098,0.49656214744875493,0,0
Haider Naqvi,haider naqvi,4,0.0,2,1.0986122886681098,1.2879775414337784,0,0
Good...but.. I know that this app can hack the Coc ...but whenever I hack it and going to use it..it always shows a connection error..So please please help me for this!,good but i know that this app can hack the coc but whenever i hack it and going to use it it always shows a connection error so please please help me for this,4,0.7644,16,2.833213344056216,0.06013518876044355,0,0
#fix_it Its best but some bug improvement is very important....!!!!!,fix it its best but some bug improvement is very important,4,0.8302,5,1.791759469228055,-0.045558200572243024,0,0
Nice,nice,4,0.4215,1,0.6931471805599453,0.6109294623497772,0,0
Siddharth Madurai I like Telegram,siddharth madurai i like telegram,4,0.3612,4,1.6094379124341003,0.7077882978628622,0,0
Good,good,4,0.4404,1,0.6931471805599453,0.5805707228606014,0,0
Very smooth app with few permissions I enjoyed this app ever since my friend told me about it. You used to be able to access messages but now the app closes or freezes when you try to read your messages. I'm guessing Facebook try to put a stop to that.,very smooth app with few permissions i enjoyed this app ever since my friend told me about it you used to be able to access messages but now the app closes or freezes when you try to read your messages i m guessing facebook try to put a stop to that,4,0.0772,24,3.2188758248682006,1.1639725314568272,0,0
Helps with downloading eveything I want to load...,helps with downloading eveything i want to load,4,0.4404,5,1.791759469228055,0.5805707228606014,0,0
Best Most of the developers were are not providing Password savings app for free and if it is free  that contains more ads. So I prefer all users to install this app.,best most of the developers were are not providing password savings app for free and if it is free that contains more ads so i prefer all users to install this app,4,0.8957,14,2.70805020110221,-0.15076970515113253,0,0
Better than WhatsApp Stickers and all and blue is pretty,better than whatsapp stickers and all and blue is pretty,4,0.7269,5,1.791759469228055,0.12037078298499893,0,0
Likeable,likeable,4,0.4588,1,0.6931471805599453,0.551015124627753,0,0
i need Cool app,i need cool app,4,0.3182,3,1.3862943611198906,0.7768584459070187,0,0
Ossm thay is cool,ossm thay is cool,4,0.3182,3,1.3862943611198906,0.7768584459070187,0,0
Kiro,kiro,4,0.0,1,0.6931471805599453,1.2879775414337784,0,0
Really nice app But I only like it on my MOTO 360  don't want the live wallpaper.,really nice app but i only like it on my moto don t want the live wallpaper,4,0.6077,8,2.1972245773362196,0.31183965849345174,0,0
Earth rotating:-)!...,earth rotating,4,0.0,2,1.0986122886681098,1.2879775414337784,0,0
Make good app awsome A+ for interface but needs to control more than one system. If it does it's not clear how to add. Think I'll go with another app for now. Hope this one improves in the very near future.,make good app awsome a for interface but needs to control more than one system if it does it s not clear how to add think i ll go with another app for now hope this one improves in the very near future,4,0.7733,19,2.995732273553991,0.04583927439781599,0,0
Gud app,gud app,4,0.0,2,1.0986122886681098,1.2879775414337784,0,0
Fantastic Just what I needed! Only if I could have a different view of those files....,fantastic just what i needed only if i could have a different view of those files,4,0.5983,6,1.9459101490553132,0.32693871411240716,0,0
Nice but.. I want a pattern option or pin code,nice but i want a pattern option or pin code,4,0.4767,6,1.9459101490553132,0.5222626676512316,0,0
Be able to change pic It's great  I just want to be able to change the background with something else that's not black or my homescreen,be able to change pic it s great i just want to be able to change the background with something else that s not black or my homescreen,4,0.6597,12,2.5649493574615367,0.2283129678354019,0,0
I love it I love the carp out of it.. but there is way too many apps,i love it i love the carp out of it but there is way too many apps,4,0.6369,6,1.9459101490553132,0.26493620912393157,0,0
Cant find telegram calls,cant find telegram calls,4,0.0,4,1.6094379124341003,1.2879775414337784,0,0
Karthick,karthick,4,0.0,1,0.6931471805599453,1.2879775414337784,0,0
Good app,good app,4,0.4404,2,1.0986122886681098,0.5805707228606014,0,0
Live cricket C r i c k e t Nazim,live cricket c r i c k e t nazim,4,0.0,3,1.3862943611198906,1.2879775414337784,0,0
Very useful but.... Brilliant app and the only app that allows me to overclock/underclock either the big or little cores on my s6 edge plus. Whereas all other apps only let me change the frequencies of the little cores. Knocked a star off for not being able to shut some of the cored down as as after i untick each core they reactivate straight away.,very useful but brilliant app and the only app that allows me to overclock underclock either the big or little cores on my s edge plus whereas all other apps only let me change the frequencies of the little cores knocked a star off for not being able to shut some of the cored down as as after i untick each core they reactivate straight away,4,0.8464,30,3.4339872044851463,-0.07157997727725096,0,0
Great Outstanding emulator. Constant improvements. Needs better support for Moga pro. Analog sticks up and down are reversed  setting them opposite of directional movement yields same result.,great outstanding emulator constant improvements needs better support for moga pro analog sticks up and down are reversed setting them opposite of directional movement yields same result,4,0.9432,19,2.995732273553991,-0.22706812450223612,0,0
Good  but the UI is a bit primitive. Would love to see an upgrade that would improve the look and feel of the app.,good but the ui is a bit primitive would love to see an upgrade that would improve the look and feel of the app,4,0.9118,12,2.5649493574615367,-0.17663085360487507,0,0
Superb One star less because there should be a more convenient shortcut for sending text to Kodi. Not in the menu. Design flaw!,superb one star less because there should be a more convenient shortcut for sending text to kodi not in the menu design flaw,4,0.6588,12,2.5649493574615367,0.22975862209679132,0,0
Great app  needs work The app is great except for entering large numbers  you have to click on too many things. Change it so that a click on the players score opens the entry box with an active cursor. This would make the app so much better. It would also be great to be able to insert the game's name. Otherwise I love the features and it is very easy to use.,great app needs work the app is great except for entering large numbers you have to click on too many things change it so that a click on the players score opens the entry box with an active cursor this would make the app so much better it would also be great to be able to insert the game s name otherwise i love the features and it is very easy to use,4,0.9789,39,3.6888794541139363,-0.28441241020401264,0,0
Work's perfectly in my blu studio,work s perfectly in my blu studio,4,0.6369,4,1.6094379124341003,0.26493620912393157,0,0
Colors Maybe you could provide options for event day to have more color options? And also font options?,colors maybe you could provide options for event day to have more color options and also font options,4,0.0,12,2.5649493574615367,1.2879775414337784,0,0
Excellent Awsm,excellent awsm,4,0.5719,2,1.0986122886681098,0.3693445724464941,0,0
"Show camera when locked"""""""""""""""" option not work """"""""""""""""Show camera when locked"""""""""""""""" option not work on CM14.1  add open camera as lockscreen shortcuts  still asking to unlock pin before launching open camera... Other than that  works good...""""",show camera when locked option not work show camera when locked option not work on cm add open camera as lockscreen shortcuts still asking to unlock pin before launching open camera other than that works good,4,0.0,24,3.2188758248682006,1.2879775414337784,0,0
Well if we had a choice rating the app would be great Thumbs up tho,well if we had a choice rating the app would be great thumbs up tho,4,0.7351,8,2.1972245773362196,0.10719926638122956,0,0
I forgot my password,i forgot my password,4,0.0,2,1.0986122886681098,1.2879775414337784,0,0
Kuttar bassa,kuttar bassa,4,0.0,2,1.0986122886681098,1.2879775414337784,0,0
Good but some lacking features History views are really nice for tracking streaks and days of the week but they don't show actual week/month/year totals  only a % rating. You also can't track habits that you do multiple times a day.,good but some lacking features history views are really nice for tracking streaks and days of the week but they don t show actual week month year totals only a rating you also can t track habits that you do multiple times a day,4,0.7261,24,3.2188758248682006,0.12165580899512296,0,0
Better than many,better than many,4,0.4404,2,1.0986122886681098,0.5805707228606014,0,0
Very Useful,very useful,4,0.4927,1,0.6931471805599453,0.49656214744875493,0,0
Sound Not Good I own Vivo V3. Why does the sound lags?,sound not good i own vivo v why does the sound lags,4,-0.6002,5,1.791759469228055,2.2520683055291935,0,0
First time and asleep!,first time and asleep,4,0.0,3,1.3862943611198906,1.2879775414337784,0,0
Good,good,4,0.4404,1,0.6931471805599453,0.5805707228606014,0,0
elle i liked it since i am a chatter b4 at mirc so i miss how it work  but there are some diff. no chat room list  i cnt join any chat room  dnt know how too.tnx,elle i liked it since i am a chatter b at mirc so i miss how it work but there are some diff no chat room list i cnt join any chat room dnt know how too tnx,4,0.0879,18,2.9444389791664403,1.1467853085714208,0,0
Very useful Would be more than very useful if we could learn how we can combine the various charts to know what to expect next. Please can the developer suggest some references for that? For instance  it'd be good to know why the cloud patterns seem to vary slightly between the infra red and the satellite picture. Also  please could we have the boundaries of the land mass depicted in a contrasting colour to easily differentiate between land and water?,very useful would be more than very useful if we could learn how we can combine the various charts to know what to expect next please can the developer suggest some references for that for instance it d be good to know why the cloud patterns seem to vary slightly between the infra red and the satellite picture also please could we have the boundaries of the land mass depicted in a contrasting colour to easily differentiate between land and water,4,0.9397,40,3.713572066704308,-0.2214461357079438,0,0
Good application Very nice and friendly,good application very nice and friendly,4,0.8576,4,1.6094379124341003,-0.0895703414189839,0,0
Very nice except Bookmarking is so pointless. If you improve bookmarks and create a tab for favorites/bookmarks  that would be great. Another feature that could benefit is the search history upto few words. ---- UPDATE: with new update  now I have to select a dictionary every time when switching languages. Although I have only only one dictionary installed. This breaks the usability and faster searching.,very nice except bookmarking is so pointless if you improve bookmarks and create a tab for favorites bookmarks that would be great another feature that could benefit is the search history upto few words update with new update now i have to select a dictionary every time when switching languages although i have only only one dictionary installed this breaks the usability and faster searching,4,0.9348,37,3.6375861597263857,-0.2135753513959351,0,0
This app is great. GmoZDKJD,this app is great gmozdkjd,4,0.6249,3,1.3862943611198906,0.28421159927578943,0,0
esy to use,esy to use,4,0.0,2,1.0986122886681098,1.2879775414337784,0,0
It works  no complaints. I wanted a statusbar indicator of cpu load. Did not do that on an android 4.2 A700 tablet.,it works no complaints i wanted a statusbar indicator of cpu load did not do that on an android a tablet,4,-0.5994,9,2.302585092994046,2.25078327951907,0,0
Good app but It must add some to make it perfect 1)a download manger 2)chat backup,good app but it must add some to make it perfect a download manger chat backup,4,0.7906,10,2.3978952727983707,0.018050586928887835,0,0
Hjuuu,hjuuu,4,0.0,1,0.6931471805599453,1.2879775414337784,0,0
Good and useful app...but may be better,good and useful app but may be better,4,0.8271,5,1.791759469228055,-0.04057872478301228,0,0
Fine Works fine with my HTC One,fine works fine with my htc one,4,0.3818,5,1.791759469228055,0.674698878102173,0,0
Din păcate aplicația nu mai arată niciun timp indiferent de rută  chiar și cu dezinstalări repetate nu își revine. Aș fi acordat 5 stele când funcționa  iar acum nu doresc să fiu drastică să acord 1 stea pentru că nu mai funcționează fiindcă într-o perioadă mi-a fost utilă această aplicație,din p cate aplica ia nu mai arat niciun timp indiferent de rut chiar i cu dezinstal ri repetate nu i revine a fi acordat stele c nd func iona iar acum nu doresc s fiu drastic s acord stea pentru c nu mai func ioneaz fiindc ntr o perioad mi a fost util aceast aplica ie,4,0.0,35,3.58351893845611,1.2879775414337784,0,0
It's great 7/5 would recommend,it s great would recommend,4,0.765,3,1.3862943611198906,0.05917141925285074,0,0
bamdad its good but new updates stickers are awful:/,bamdad its good but new updates stickers are awful,4,0.2382,6,1.9459101490553132,0.9053610469194036,0,0
Like it,like it,4,0.3612,1,0.6931471805599453,0.7077882978628622,0,0
Simple adjustments pls For example allowing it to use your lock screen background not your home screen wallpaper,simple adjustments pls for example allowing it to use your lock screen background not your home screen wallpaper,4,0.0772,12,2.5649493574615367,1.1639725314568272,0,0
Music Great app for finding music,music great app for finding music,4,0.6249,5,1.791759469228055,0.28421159927578943,0,0
I don't know but cool,i don t know but cool,4,-0.3491,2,1.0986122886681098,1.8487307666015718,0,0
Wow Good app for those who can't buy ps4,wow good app for those who can t buy ps,4,0.7717,4,1.6094379124341003,0.048409326418063614,0,0
Good,good,4,0.4404,1,0.6931471805599453,0.5805707228606014,0,0
Good,good,4,0.4404,1,0.6931471805599453,0.5805707228606014,0,0
It kills battery life It the best app in d world for doing homework,it kills battery life it the best app in d world for doing homework,4,0.1779,7,2.0794415416798357,1.0022198824324882,0,0
simply amazing wow,simply amazing wow,4,0.8225,3,1.3862943611198906,-0.03318982522480063,0,0
I cant do anithing the root wat is that Omm bug errror,i cant do anithing the root wat is that omm bug errror,4,0.0,7,2.0794415416798357,1.2879775414337784,0,0
Very nice n realistic too.Simply awesome apps,very nice n realistic too simply awesome apps,4,0.8016,5,1.791759469228055,0.00038147928968523814,0,0
I like the app  but just recently it started crashing when I tried to open messenger.,i like the app but just recently it started crashing when i tried to open messenger,4,0.1901,8,2.1972245773362196,0.9826232357780995,0,0
Good,good,4,0.4404,1,0.6931471805599453,0.5805707228606014,0,0
Its really good Its a really good app! But the emojis have become so ugly please bring the old ones back,its really good its a really good app but the emojis have become so ugly please bring the old ones back,4,-0.1514,13,2.6390573296152584,1.5311687138497163,0,0
Good one,good one,4,0.4404,2,1.0986122886681098,0.5805707228606014,0,0
Great,great,4,0.6249,1,0.6931471805599453,0.28421159927578943,0,0
Rama,rama,4,0.0,1,0.6931471805599453,1.2879775414337784,0,0
Frostwire download Music mp3 downloader,frostwire download music mp downloader,4,0.0,4,1.6094379124341003,1.2879775414337784,0,0
My favourite app for wallpapers. Had it since more than a year now. But lately after the last update it won't load any pics and lags seriously a lot :/ it changes and loads the pics only on my smartwatch. which is pretty frustrating. *I use as source 500firepaper,my favourite app for wallpapers had it since more than a year now but lately after the last update it won t load any pics and lags seriously a lot it changes and loads the pics only on my smartwatch which is pretty frustrating i use as source firepaper,4,-0.7876,22,3.1354942159291497,2.5530856484007045,0,0
Good,good,4,0.4404,1,0.6931471805599453,0.5805707228606014,0,0
Good programme I think it's too much havy,good programme i think it s too much havy,4,0.4404,5,1.791759469228055,0.5805707228606014,0,0
Plz add calling feature...,plz add calling feature,4,0.0772,4,1.6094379124341003,1.1639725314568272,0,0
can`t my app,can t my app,4,0.0,1,0.6931471805599453,1.2879775414337784,0,0
Working well  thanks,working well thanks,4,0.6124,3,1.3862943611198906,0.30429013068397426,0,0
Rafeed Rafeeq,rafeed rafeeq,4,0.0,2,1.0986122886681098,1.2879775414337784,0,0
Good Useful,good useful,4,0.7003,2,1.0986122886681098,0.16309789782161666,0,0
Its a good app,its a good app,4,0.4404,2,1.0986122886681098,0.5805707228606014,0,0
Google Very good,google very good,4,0.4927,2,1.0986122886681098,0.49656214744875493,0,0
Super handy and easy to use. But it should really take advantage of the fingerprint scanner  as an added layer of security.,super handy and easy to use but it should really take advantage of the fingerprint scanner as an added layer of security,4,0.8562,12,2.5649493574615367,-0.0873215459012675,0,0
Does what I want it to do. If only the auto backup component was more reliable with my phone.,does what i want it to do if only the auto backup component was more reliable with my phone,4,0.0772,6,1.9459101490553132,1.1639725314568272,0,0
Great App I really like how it keeps my wallpapers fresh. However  the parallax effect is waaay too strong. I have two pages on my home screen and it skips right over the content of the image most times. If there was a slider for modifying the amount the image moves on scrolling between pages that would be swell.,great app i really like how it keeps my wallpapers fresh however the parallax effect is waaay too strong i have two pages on my home screen and it skips right over the content of the image most times if there was a slider for modifying the amount the image moves on scrolling between pages that would be swell,4,0.9099,30,3.4339872044851463,-0.17357891683083082,0,0
Good,good,4,0.4404,1,0.6931471805599453,0.5805707228606014,0,0
Nao tataiq,nao tataiq,4,0.0,2,1.0986122886681098,1.2879775414337784,0,0
Best. But can't list system apps.,best but can t list system apps,4,0.3818,4,1.6094379124341003,0.674698878102173,0,0
Telegram Awesome,telegram awesome,4,0.6249,2,1.0986122886681098,0.28421159927578943,0,0
Very nice But icon not so good should be changed.,very nice but icon not so good should be changed,4,-0.4582,4,1.6094379124341003,2.023976188732211,0,0
Love it,love it,4,0.6369,1,0.6931471805599453,0.26493620912393157,0,0
Can I use on iOS?,can i use on ios,4,0.0,2,1.0986122886681098,1.2879775414337784,0,0
I like it,i like it,4,0.3612,1,0.6931471805599453,0.7077882978628622,0,0
"But... I'm giving 4 stars but would be giving 5 if this latest revision didn't do something weird on the """"""""""""""""""""""""""""""""Clues"""""""""""""""""""""""""""""""" view. The Clues bar is super zoomed in and I have to scroll right and left to see how long the word is. Nothing I do fixes it. I'm on Android S6.""""",but i m giving stars but would be giving if this latest revision didn t do something weird on the clues view the clues bar is super zoomed in and i have to scroll right and left to see how long the word is nothing i do fixes it i m on android s,4,0.8985,23,3.1780538303479458,-0.15526729618656532,0,0
The cheeseburger is cold  but... It works. So.....yeah.,the cheeseburger is cold but it works so yeah,4,0.0,4,1.6094379124341003,1.2879775414337784,0,0
good,good,4,0.4404,1,0.6931471805599453,0.5805707228606014,0,0
its ok to me,its ok to me,4,0.296,0,0.0,0.8125179176879556,0,0
works as advertised...,works as advertised,4,0.0,2,1.0986122886681098,1.2879775414337784,0,0
Gud..but it frzzzzzzzzz Devlpr MST try thr best to figr d problm.,gud but it frzzzzzzzzz devlpr mst try thr best to figr d problm,4,0.6369,9,2.302585092994046,0.26493620912393157,0,0
This one is good  but Keepass2Android is better.,this one is good but keepass android is better,4,0.7003,5,1.791759469228055,0.16309789782161666,0,0
Plz add email chat option,plz add email chat option,4,0.0772,5,1.791759469228055,1.1639725314568272,0,0
Okk,okk,4,0.0,1,0.6931471805599453,1.2879775414337784,0,0
Crippling power consumption The devs really need to work on the power consumption. This app destroys my battery. Other than that it's really hard to give up quassel when you live and breath IRC.,crippling power consumption the devs really need to work on the power consumption this app destroys my battery other than that it s really hard to give up quassel when you live and breath irc,4,-0.6478,19,2.995732273553991,2.3285273531315624,0,0
Update?? Please update this app finally!! Continuously crashes on Android 6.0 when using bascode scanner!!,update please update this app finally continuously crashes on android when using bascode scanner,4,0.5897,11,2.4849066497880004,0.34075274372123854,0,0
It's amazing but... The app is great  it's really versatile and useful  but some features don't work  and some could use improvements  example  the armor set builder won't load in any armor when I select it. The weapon lists should be able to be sorted by elemental damage type  and the armor lists should be able to be sorted by skills and rarity,it s amazing but the app is great it s really versatile and useful but some features don t work and some could use improvements example the armor set builder won t load in any armor when i select it the weapon lists should be able to be sorted by elemental damage type and the armor lists should be able to be sorted by skills and rarity,4,0.222,31,3.4657359027997265,0.931382823624411,0,0
Very useful,very useful,4,0.4927,1,0.6931471805599453,0.49656214744875493,0,0
It's an excellent app. Easy to use,it s an excellent app easy to use,4,0.765,4,1.6094379124341003,0.05917141925285074,0,0
DARO DARO,daro daro,4,0.0,2,1.0986122886681098,1.2879775414337784,0,0
Powerful  not pretty Rock solid IMAP. Fast. Small. But none of the interface niceness (swipe to delete) I've come to love. Also  I'm not a fan of Dr Who so the constant k9 logo seems a waste.,powerful not pretty rock solid imap fast small but none of the interface niceness swipe to delete i ve come to love also i m not a fan of dr who so the constant k logo seems a waste,4,0.6021,20,3.044522437723423,0.3208348405643191,0,0
Super,super,4,0.5994,1,0.6931471805599453,0.32517180334848694,0,0
It is GRATE for mindles intertainment.,it is grate for mindles intertainment,4,0.0,3,1.3862943611198906,1.2879775414337784,0,0
Best token generator/authentication app I use this for everything that supports 2-step authentication and supports Google Authenticator as it's the easiest to set up and easiest to use. Have never had a problem with this app. Very satisfied. Only real issue is the need to download a third party barcode scanner but that's minor in the grand scheme of things.,best token generator authentication app i use this for everything that supports step authentication and supports google authenticator as it s the easiest to set up and easiest to use have never had a problem with this app very satisfied only real issue is the need to download a third party barcode scanner but that s minor in the grand scheme of things,4,0.9374,33,3.5263605246161616,-0.21775168592883798,0,0
Awesome Needs more squares,awesome needs more squares,4,0.6249,3,1.3862943611198906,0.28421159927578943,0,0
Great app but... I've been playing Infocom's Border Zone with this app but it gets stuck with the status line when watching the searchlights in the Border chapter to be able to get to the fence and proceed further. Could you please fix this? Otherwise best IF interpreter out there.,great app but i ve been playing infocom s border zone with this app but it gets stuck with the status line when watching the searchlights in the border chapter to be able to get to the fence and proceed further could you please fix this otherwise best if interpreter out there,4,0.8807,25,3.258096538021482,-0.1266754674613102,0,0
More access  to make phone calls? Yes,more access to make phone calls yes,4,0.4019,5,1.791759469228055,0.6424125995978116,0,0
Perfec,perfec,4,0.0,1,0.6931471805599453,1.2879775414337784,0,0
Requested feature Please add some sort of pin lock to the lockscreen,requested feature please add some sort of pin lock to the lockscreen,4,0.3182,8,2.1972245773362196,0.7768584459070187,0,0
nice some mobile is not list . work it more thaks,nice some mobile is not list work it more thaks,4,0.4215,5,1.791759469228055,0.6109294623497772,0,0
Great app. But thumbnails  selection  crop issue. This app is good Thanks for making it ads free. Few issues. For example look at Motorola gallery. The folders are sorted by name and files are sorted by latest added. Thumbnails of folders are displayed based on latest added files. And There is no select all option while selecting files. Add that. No different crop size in editor. Plz add these. Then this would be the best gallery app ever.,great app but thumbnails selection crop issue this app is good thanks for making it ads free few issues for example look at motorola gallery the folders are sorted by name and files are sorted by latest added thumbnails of folders are displayed based on latest added files and there is no select all option while selecting files add that no different crop size in editor plz add these then this would be the best gallery app ever,4,0.9542,47,3.871201010907891,-0.24473723214143916,0,0
Titanium backup error,titanium backup error,4,-0.4019,3,1.3862943611198906,1.9335424832697452,0,0
It's Okay For me it's okay.....,it s okay for me it s okay,4,0.2263,2,1.0986122886681098,0.9244758088199956,0,0
noob,noob,4,-0.0516,1,0.6931471805599453,1.3708617190867667,0,0
One of the primary root apps One of the primary root apps I'm a huge fan of this app started using it 4 years back and have been using it since. Only deal is that sometimes I'm not able to zero down on the culprit app which drains my battery. Possibly some more descriptive external links via popups should be there for those who seek more details.,one of the primary root apps one of the primary root apps i m a huge fan of this app started using it years back and have been using it since only deal is that sometimes i m not able to zero down on the culprit app which drains my battery possibly some more descriptive external links via popups should be there for those who seek more details,4,0.5574,33,3.5263605246161616,0.392635668879989,0,0
Great app but... Great app  but does it now support Apple Music for Android?,great app but great app but does it now support apple music for android,4,0.8248,8,2.1972245773362196,-0.03688427500390645,0,0
Everything is good  but one bug. Clicking on missed call icon opens contacts which crashes immediately. Contacts opens fine through all other methods. Galaxy S5.,everything is good but one bug clicking on missed call icon opens contacts which crashes immediately contacts opens fine through all other methods galaxy s,4,0.09,17,2.8903717578961645,1.1434121152948458,0,0
Nice Very good,nice very good,4,0.7178,2,1.0986122886681098,0.13498795385015772,0,0
Harsha It takes lot of memory and cache.,harsha it takes lot of memory and cache,4,0.0,5,1.791759469228055,1.2879775414337784,0,0
Good  but... A great thing but one problem. I was trying to install Naruto Shippden ultimate ninja impact and when I try and play it all I get is a black screen. Please tell me if it's the game or this app. Thank you for your time,good but a great thing but one problem i was trying to install naruto shippden ultimate ninja impact and when i try and play it all i get is a black screen please tell me if it s the game or this app thank you for your time,4,0.85,23,3.1780538303479458,-0.07736259432280779,0,0
Best Just best,best just best,4,0.8555,2,1.0986122886681098,-0.08619714814240886,0,0
k.f good,k f good,4,0.4404,1,0.6931471805599453,0.5805707228606014,0,0
I like it  but it don't have a lot of what I'm looking for.,i like it but it don t have a lot of what i m looking for,4,0.1901,3,1.3862943611198906,0.9826232357780995,0,0
It is taking too much time,it is taking too much time,4,0.0,3,1.3862943611198906,1.2879775414337784,0,0
Not bad,not bad,4,0.431,1,0.6931471805599453,0.5956697784795564,0,0
Cool but hard as hell. The levelling is really hard. The monster is tough :(,cool but hard as hell the levelling is really hard the monster is tough,4,-0.9267,8,2.1972245773362196,2.776519545910988,0,0
Nice...,nice,4,0.0,1,0.6931471805599453,1.2879775414337784,0,0
It says unfortnulatly stopped,it says unfortnulatly stopped,4,-0.2263,3,1.3862943611198906,1.6514792740475612,0,0
Nice app,nice app,4,0.4215,2,1.0986122886681098,0.6109294623497772,0,0
It's awful that we can not remove contact from telegram,it s awful that we can not remove contact from telegram,4,-0.4588,4,1.6094379124341003,2.0249399582398038,0,0
Simple and too useful..,simple and too useful,4,0.0,2,1.0986122886681098,1.2879775414337784,0,0
I love it much,i love it much,4,0.6369,2,1.0986122886681098,0.26493620912393157,0,0
Need tabs for groups and channels,need tabs for groups and channels,4,0.0,4,1.6094379124341003,1.2879775414337784,0,0
This is great security for your Google account,this is great security for your google account,4,0.7579,4,1.6094379124341003,0.07057602509269989,0,0
It's Good Emulator is really nice but a bit confusing to set up. I got SA 1&2 running but the wide screen setting is messed up for me. I've seen it working for others. But overall it runs really nice.,it s good emulator is really nice but a bit confusing to set up i got sa running but the wide screen setting is messed up for me i ve seen it working for others but overall it runs really nice,4,0.3991,20,3.044522437723423,0.6469101906332448,0,0
Wow This apps is helpful of us....,wow this apps is helpful of us,4,0.765,3,1.3862943611198906,0.05917141925285074,0,0
Good,good,4,0.4404,1,0.6931471805599453,0.5805707228606014,0,0
Very good! Easy to use. Helps me develop new habits because it makes me feel good to check off tasks and track my progress.,very good easy to use helps me develop new habits because it makes me feel good to check off tasks and track my progress,4,0.9355,14,2.70805020110221,-0.21469974915479373,0,0
"Great app! """"""""""""""""""""""""""""""""Loved it so much but some images aren't fitting the screen properly.Please fix it dev.""""""""""""""""""""""""""""""""""""",great app loved it so much but some images aren t fitting the screen properly please fix it dev,4,0.4295,11,2.4849066497880004,0.5980792022485386,0,0
Like it so much,like it so much,4,0.3612,2,1.0986122886681098,0.7077882978628622,0,0
Good I love it,good i love it,4,0.7964,2,1.0986122886681098,0.008734148355490134,0,0
Awesoke Make easy to find,awesoke make easy to find,4,0.4404,4,1.6094379124341003,0.5805707228606014,0,0
The latest update has broken collection synching.,the latest update has broken collection synching,4,-0.4767,5,1.791759469228055,2.053692415216325,0,0
Super Nice That App is grate,super nice that app is grate,4,0.7717,4,1.6094379124341003,0.048409326418063614,0,0
It's good Recommended to everyone ?? and thanks for solving my problem!,it s good recommended to everyone and thanks for solving my problem,4,0.7877,6,1.9459101490553132,0.022708806215586907,0,0
:-) I like it,i like it,4,0.5859,1,0.6931471805599453,0.34685661726932704,0,0
Ok,ok,4,0.296,0,0.0,0.8125179176879556,0,0
"Awesome Needs a feature that allows you to favorite and """"""""""""""""""""""""""""""""pause"""""""""""""""""""""""""""""""" on the wallpapers you like best. (And then cycle through them if you wish). Also sometimes seems to stop on its own  but otherwise it's great!""""",awesome needs a feature that allows you to favorite and pause on the wallpapers you like best and then cycle through them if you wish also sometimes seems to stop on its own but otherwise it s great,4,0.7644,17,2.8903717578961645,0.06013518876044355,0,0
Fast and useful. It could be prettier; for example  why waste screen space with the app title and magnifying glass? Why not a floating search button and cut the page header area in half? Minor gripes for an extremely useful and well organized tool. Please keep up the good work and give me a way to support your effort without introducing ads!,fast and useful it could be prettier for example why waste screen space with the app title and magnifying glass why not a floating search button and cut the page header area in half minor gripes for an extremely useful and well organized tool please keep up the good work and give me a way to support your effort without introducing ads,4,0.9315,38,3.6635616461296463,-0.20827461910417444,0,0
Mudt I love,mudt i love,4,0.6369,2,1.0986122886681098,0.26493620912393157,0,0
Very nice,very nice,4,0.4754,1,0.6931471805599453,0.5243508349176831,0,0
Poli Good.easy.simle,poli good easy simle,4,0.0,4,1.6094379124341003,1.2879775414337784,0,0
Very helpful Using on my nexus 5. I used this app to test the effectiveness of diff usb charging cables. Not all cables are the same!,very helpful using on my nexus i used this app to test the effectiveness of diff usb charging cables not all cables are the same,4,0.5244,12,2.5649493574615367,0.44564299179759725,0,0
Ok,ok,4,0.296,0,0.0,0.8125179176879556,0,0
Facebook Mobile browser Works great but lately Facebook is pushing mobile chat away from the mobile FB site. Chat function is not working. Any chance you guys can fix it?,facebook mobile browser works great but lately facebook is pushing mobile chat away from the mobile fb site chat function is not working any chance you guys can fix it,4,0.1129,19,2.995732273553991,1.1066282457550507,0,0
Great app. Would be better if user didn't have to learn and use programming codes for the info to be displayed. A set of text boxes with simple descriptions would be better.,great app would be better if user didn t have to learn and use programming codes for the info to be displayed a set of text boxes with simple descriptions would be better,4,0.872,18,2.9444389791664403,-0.11270080960121298,0,0
Nice,nice,4,0.4215,1,0.6931471805599453,0.6109294623497772,0,0
Telegram u are awesome thank you sooo much for making life easy,telegram u are awesome thank you sooo much for making life easy,4,0.8591,8,2.1972245773362196,-0.09197976518796658,0,0
Okay okay Hope it shows actual current flow when i plug my phone into the wall charger.. My phone is unplugged still showing current flow.. Well how?,okay okay hope it shows actual current flow when i plug my phone into the wall charger my phone is unplugged still showing current flow well how,4,0.7783,18,2.9444389791664403,0.03780786183454188,0,0
Killed it,killed it,4,-0.6705,1,0.6931471805599453,2.3649899661688267,0,0
Works  but lacks some functionality Interface is clean and uncluttered  quite intuituve. However  1: no apparent support for multiple media centers if not configured immediately - app will keep searching for initial configuration and requires a data clear to add another media center  2: unlike XBMC remote  filenames truncated even on landscape view so difficult to choose episodes or movies with long names. Fix these minor issues  five stars. And thanks to the XBMC/Kodi team for all the good work.,works but lacks some functionality interface is clean and uncluttered quite intuituve however no apparent support for multiple media centers if not configured immediately app will keep searching for initial configuration and requires a data clear to add another media center unlike xbmc remote filenames truncated even on landscape view so difficult to choose episodes or movies with long names fix these minor issues five stars and thanks to the xbmc kodi team for all the good work,4,0.9009,53,3.9889840465642745,-0.15912237421693742,0,0
Cool lifes easy Supercool,cool lifes easy supercool,4,0.6369,4,1.6094379124341003,0.26493620912393157,0,0
Fun and Challenging A great game which I recommend to anyone looking for a challenge. I've easily spent 30+ hours of my life playing so far and still haven't beaten it! But I still come back since its actually fun  brutal and (mostly) fair. Luck sometimes play a major part however  but thats only because of the nature of random generation and rougelike games. Other than that  its a great game which other free games on the app store should strive to be like.,fun and challenging a great game which i recommend to anyone looking for a challenge i ve easily spent hours of my life playing so far and still haven t beaten it but i still come back since its actually fun brutal and mostly fair luck sometimes play a major part however but thats only because of the nature of random generation and rougelike games other than that its a great game which other free games on the app store should strive to be like,4,0.9851,45,3.828641396489095,-0.29437136178247236,0,0
Finally an integrated barcode scanner is a welcome change,finally an integrated barcode scanner is a welcome change,4,0.4588,6,1.9459101490553132,0.551015124627753,0,0
Not done downloading,not done downloading,4,0.0,2,1.0986122886681098,1.2879775414337784,0,0
Good,good,4,0.4404,1,0.6931471805599453,0.5805707228606014,0,0
If it had an option to write a note on the day to know how I felt that would be great.,if it had an option to write a note on the day to know how i felt that would be great,4,0.6249,8,2.1972245773362196,0.28421159927578943,0,0
Sss Sss,sss sss,4,0.0,2,1.0986122886681098,1.2879775414337784,0,0
Please how am I going to download the games???,please how am i going to download the games,4,0.4291,4,1.6094379124341003,0.5987217152536006,0,0
Good,good,4,0.4404,1,0.6931471805599453,0.5805707228606014,0,0
User friendly Ease of operation,user friendly ease of operation,4,0.6908,4,1.6094379124341003,0.1783575816918379,0,0
Makes a differanse in feeling safer Worry less about phone,makes a differanse in feeling safer worry less about phone,4,0.1027,7,2.0794415416798357,1.1230123273841297,0,0
The information the mostly I will suggests it to friend's,the information the mostly i will suggests it to friend s,4,0.0,4,1.6094379124341003,1.2879775414337784,0,0
great for certain niches... but this paired with instructables app= beautiful,great for certain niches but this paired with instructables app beautiful,4,0.8573,7,2.0794415416798357,-0.08908845666518772,0,0
It works This is the only podcast app I've used and I like it. It does the job and is really straightforward. And now that I have figured out to swipe things out of my queue it's much less cluttered. I would like more browsing possibility when looking for new podcasts but I'm not sure if that's the app or user error,it works this is the only podcast app i ve used and i like it it does the job and is really straightforward and now that i have figured out to swipe things out of my queue it s much less cluttered i would like more browsing possibility when looking for new podcasts but i m not sure if that s the app or user error,4,-0.5413,26,3.295836866004329,2.1574582655338257,0,0
It's okay,it s okay,4,0.2263,1,0.6931471805599453,0.9244758088199956,0,0
Good boy Hello,good boy hello,4,0.4404,3,1.3862943611198906,0.5805707228606014,0,0
Updates Where is updates and new features??,updates where is updates and new features,4,0.0,4,1.6094379124341003,1.2879775414337784,0,0
like it like it,like it like it,4,0.6124,2,1.0986122886681098,0.30429013068397426,0,0
YouTub BabluDutta,youtub babludutta,4,0.0,2,1.0986122886681098,1.2879775414337784,0,0
Nice Cool,nice cool,4,0.6249,2,1.0986122886681098,0.28421159927578943,0,0
Be careful Guys instead of using this to look up stuff your parents can't see  look up secret stuff you cant see in google or bing its called tour for a reason do NOT look up red room your IP will be traced and you will get put on live stream and killed and hurt,be careful guys instead of using this to look up stuff your parents can t see look up secret stuff you cant see in google or bing its called tour for a reason do not look up red room your ip will be traced and you will get put on live stream and killed and hurt,4,-0.8074,28,3.367295829986474,2.5848900421512697,0,0
Icon is creepy,icon is creepy,4,0.0,2,1.0986122886681098,1.2879775414337784,0,0
Great app,great app,4,0.6249,2,1.0986122886681098,0.28421159927578943,0,0
Nice app,nice app,4,0.4215,2,1.0986122886681098,0.6109294623497772,0,0
Well I loved the app but when I download a song and go to my music player it says that the music is unavailable,well i loved the app but when i download a song and go to my music player it says that the music is unavailable,4,0.4588,10,2.3978952727983707,0.551015124627753,0,0
STILL no weather available!!!!!!!!!! I love this app  have used the widget for years now on many different android devices  and have NEVER had any problems with it at all  until recently... -The weather extension has stopped showing any info  just says unavailable instead... When I click on the link it still takes me to the correct place  but that's it.,still no weather available i love this app have used the widget for years now on many different android devices and have never had any problems with it at all until recently the weather extension has stopped showing any info just says unavailable instead when i click on the link it still takes me to the correct place but that s it,4,0.5183,29,3.4011973816621555,0.4554413151247916,0,0
Good A smarter unified search would be good.. The search of an address takes probably at least 10 steps more than on Google Maps... But otherwise very powerful app..,good a smarter unified search would be good the search of an address takes probably at least steps more than on google maps but otherwise very powerful app,4,0.8355,17,2.8903717578961645,-0.054071497889313314,0,0
It's a good msg app  but my only issue is I don't get notifications anymore. The msgs show up whenever I get on the app,it s a good msg app but my only issue is i don t get notifications anymore the msgs show up whenever i get on the app,4,0.2382,12,2.5649493574615367,0.9053610469194036,0,0
Its great but I can't set or save my custom armor set in the app. Please fix this.,its great but i can t set or save my custom armor set in the app please fix this,4,0.2635,9,2.302585092994046,0.8647220993492368,0,0
Nice app,nice app,4,0.4215,2,1.0986122886681098,0.6109294623497772,0,0
Its good,its good,4,0.4404,1,0.6931471805599453,0.5805707228606014,0,0
Useful,useful,4,0.4404,1,0.6931471805599453,0.5805707228606014,0,0
Works great Works great but I don't understand why it backs up your MMS messages if it can't restore them.,works great works great but i don t understand why it backs up your mms messages if it can t restore them,4,0.3544,9,2.302585092994046,0.7187110189489148,0,0
Love this app I would just like to be able to delete several messages at a time. Can you tell me how to do that?,love this app i would just like to be able to delete several messages at a time can you tell me how to do that,4,0.7717,10,2.3978952727983707,0.048409326418063614,0,0
Its fine....,its fine,4,0.0,1,0.6931471805599453,1.2879775414337784,0,0
I like it Good Service,i like it good service,4,0.6597,3,1.3862943611198906,0.2283129678354019,0,0
Great,great,4,0.6249,1,0.6931471805599453,0.28421159927578943,0,0
Google Open,google open,4,0.0,2,1.0986122886681098,1.2879775414337784,0,0
Wow  glad I searched before writing this myself  saved a ton of time! This is almost exactly what I wanted in a book catalog app and was thinking I was going to have to write it myself. About the only thing I would want to add would be the library of Congress Dewey decimal number for each book. What can I say  I really need to organize my bookshelf. May update rating after using it a bit more.,wow glad i searched before writing this myself saved a ton of time this is almost exactly what i wanted in a book catalog app and was thinking i was going to have to write it myself about the only thing i would want to add would be the library of congress dewey decimal number for each book what can i say i really need to organize my bookshelf may update rating after using it a bit more,4,0.8883,37,3.6375861597263857,-0.1388832145574863,0,0
Very handy Great to have for leveling the caravan,very handy great to have for leveling the caravan,4,0.6573,4,1.6094379124341003,0.23216804586577355,0,0
thats good app thats good app,thats good app thats good app,4,0.7003,6,1.9459101490553132,0.16309789782161666,0,0
Takes a long time to focus photos blurry a lot of the time  complicated ! When it works it's ok 😁!,takes a long time to focus photos blurry a lot of the time complicated when it works it s ok,4,0.3365,10,2.3978952727983707,0.7474634759254357,0,0
Happy,happy,4,0.5719,1,0.6931471805599453,0.3693445724464941,0,0
Yes Yes,yes yes,4,0.6597,2,1.0986122886681098,0.2283129678354019,0,0
Very Good!,very good,4,0.54,1,0.6931471805599453,0.42058498460018257,0,0
Put back 1.5.8 WhatsApp backup code Put back the WhatsApp backup code as was in 1.5.8,put back whatsapp backup code put back the whatsapp backup code as was in,4,0.0,10,2.3978952727983707,1.2879775414337784,0,0
Good.,good,4,0.4404,1,0.6931471805599453,0.5805707228606014,0,0
Please add panoramic mode Some devices currently cannot take panoramic pictures.,please add panoramic mode some devices currently cannot take panoramic pictures,4,0.3182,9,2.302585092994046,0.7768584459070187,0,0
Good Very accurate,good very accurate,4,0.4404,2,1.0986122886681098,0.5805707228606014,0,0
That is good,that is good,4,0.4404,1,0.6931471805599453,0.5805707228606014,0,0
kindly like,kindly like,4,0.6908,2,1.0986122886681098,0.1783575816918379,0,0
Useful,useful,4,0.4404,1,0.6931471805599453,0.5805707228606014,0,0
I wish to find the artist that I want but it only is limited to only a couple of them.,i wish to find the artist that i want but it only is limited to only a couple of them,4,-0.09,6,1.9459101490553132,1.432542967572711,0,0
Nice,nice,4,0.4215,1,0.6931471805599453,0.6109294623497772,0,0
How about adding slow motion video recording,how about adding slow motion video recording,4,0.0,5,1.791759469228055,1.2879775414337784,0,0
Amit Nice one,amit nice one,4,0.4215,3,1.3862943611198906,0.6109294623497772,0,0
Part of a lovely app suite It's so rare to see such simplicity & honesty in apps these days. You won't go wrong with apps from this dev. Too bad this F.manager lacks the crucial sort function; deal breaker.,part of a lovely app suite it s so rare to see such simplicity honesty in apps these days you won t go wrong with apps from this dev too bad this f manager lacks the crucial sort function deal breaker,4,0.7231,21,3.091042453358316,0.12647465653308743,0,0
Liked it and I will use it for sure,liked it and i will use it for sure,4,0.6249,3,1.3862943611198906,0.28421159927578943,0,0
"good""""""""""""""""""""""""""""""""""""",good,4,0.0,1,0.6931471805599453,1.2879775414337784,0,0
I love Telegram,i love telegram,4,0.6369,2,1.0986122886681098,0.26493620912393157,0,0
Really good Masters,really good masters,4,0.4927,3,1.3862943611198906,0.49656214744875493,0,0
Awesome browser But needs the ability to sync bookmarks with Firefox.,awesome browser but needs the ability to sync bookmarks with firefox,4,0.6705,7,2.0794415416798357,0.21096511669873008,0,0
It's good It's nice to have this app,it s good it s nice to have this app,4,0.6908,3,1.3862943611198906,0.1783575816918379,0,0
good app.... need option to share the screen shot,good app need option to share the screen shot,4,0.6249,7,2.0794415416798357,0.28421159927578943,0,0
That is Well Not For Android 5.1  because unfortunate appear!,that is well not for android because unfortunate appear,4,-0.2942,4,1.6094379124341003,1.7605458566568228,0,0
Simply good I gave it a trial and I enjoyed it,simply good i gave it a trial and i enjoyed it,4,0.7351,5,1.791759469228055,0.10719926638122956,0,0
Super Intrigante,super intrigante,4,0.5994,2,1.0986122886681098,0.32517180334848694,0,0
I have always loved this app! However  since the update  the little broom in the corner is missing. How do I do that now?,i have always loved this app however since the update the little broom in the corner is missing how do i do that now,4,0.4574,10,2.3978952727983707,0.5532639201454694,0,0
amazing! free songs.. there have only been a few that I couldn't find  but they ha e just about everything I was/am looking for.. great app!!,amazing free songs there have only been a few that i couldn t find but they ha e just about everything i was am looking for great app,4,0.9346,8,2.1972245773362196,-0.2132540948934043,0,0
Wasn't expecting that much but... Brooooooo the resolution was PHENOMENAL! I've just opened it though  still haven't used it.,wasn t expecting that much but brooooooo the resolution was phenomenal i ve just opened it though still haven t used it,4,0.0,9,2.302585092994046,1.2879775414337784,0,0
Clash of clans ﺧﻴﻠﻲ ﻋﺎﻟﻲ ﻫﺮ ﻛﺲ ﻛﻪ ﻣﺸﻜﻠﻲ ﺩاﺭﻩ ﺩﺭﻣﻮﺭﺩ ﻛﻠﺶ ﺁف ﻛﻠﻧﺰ ﺑﻪ اﻳﻦ ﺁﻳﺪﻱ ﭘﻴﺎﻡ ﺑﺰﻧﻪ .....mathematice,clash of clans mathematice,4,0.0,3,1.3862943611198906,1.2879775414337784,0,0
DAVID GREAT,david great,4,0.6249,2,1.0986122886681098,0.28421159927578943,0,0
Awesome  can find pretty much any song,awesome can find pretty much any song,4,0.8074,5,1.791759469228055,-0.008934959283712907,0,0
It's easy to use and you can share small and large files 1 GB or 2,it s easy to use and you can share small and large files gb or,4,0.6249,6,1.9459101490553132,0.28421159927578943,0,0
Great app But difficult to understand,great app but difficult to understand,4,-0.1779,4,1.6094379124341003,1.5737352004350686,0,0
Utkarsh Yadav I LOVE TO THIS APP,utkarsh yadav i love to this app,4,0.7125,4,1.6094379124341003,0.143501251167228,0,0
Same as the Minetest PC. Shaders don't work but even if I turn all the settings to max I still get smooth gameplay on my J2 2016. Could improve to be more like Minecraft. I can also play servers perfectly,same as the minetest pc shaders don t work but even if i turn all the settings to max i still get smooth gameplay on my j could improve to be more like minecraft i can also play servers perfectly,4,0.9548,19,2.995732273553991,-0.24570100164903153,0,0
Hamzamanu,hamzamanu,4,0.0,1,0.6931471805599453,1.2879775414337784,0,0
Seems to work fine and action being taken on things I've reported. ☺,seems to work fine and action being taken on things i ve reported,4,0.2023,7,2.0794415416798357,0.9630265891237109,0,0
"I think it worth 5-stars if the problem on """"""""""""""""""""""""""""""""Disable mobile data while connected to a known Wi-Fi"""""""""""""""""""""""""""""""" could be fixed on my LG-G2 D802. Thks.""""",i think it worth stars if the problem on disable mobile data while connected to a known wi fi could be fixed on my lg g d thks,4,-0.2023,12,2.5649493574615367,1.612928493743846,0,0
But there should be a Refresh Notifications button in the app.,but there should be a refresh notifications button in the app,4,0.0,4,1.6094379124341003,1.2879775414337784,0,0
One of my favorites,one of my favorites,4,0.4215,2,1.0986122886681098,0.6109294623497772,0,0
There is a slight problem google I have a windows what do I do?,there is a slight problem google i have a windows what do i do,4,-0.4019,4,1.6094379124341003,1.9335424832697452,0,0
OK ok,ok ok,4,0.6289,0,0.0,0.27778646922517014,0,0
Not bad It works but it only allows me to delete files from the device storage. It will not allow me to delete anything from the external storage / SD card using this...,not bad it works but it only allows me to delete files from the device storage it will not allow me to delete anything from the external storage sd card using this,4,-0.0191,14,2.70805020110221,1.3186575374254854,0,0
Decent ssh client Only real gripe is that in the terminal session the keyboard opens in a mode that capitalises the first character.,decent ssh client only real gripe is that in the terminal session the keyboard opens in a mode that capitalises the first character,4,0.0,13,2.6390573296152584,1.2879775414337784,0,0
HappyAs Love it,happyas love it,4,0.6369,2,1.0986122886681098,0.26493620912393157,0,0
Like it,like it,4,0.3612,1,0.6931471805599453,0.7077882978628622,0,0
Very nice,very nice,4,0.4754,1,0.6931471805599453,0.5243508349176831,0,0
Awsm,awsm,4,0.0,1,0.6931471805599453,1.2879775414337784,0,0
Makes life a bit easier.,makes life a bit easier,4,0.4215,4,1.6094379124341003,0.6109294623497772,0,0
Superb,superb,4,0.6249,1,0.6931471805599453,0.28421159927578943,0,0
Amazing But need exit boutton. Plzzzzzzzzzz,amazing but need exit boutton plzzzzzzzzzz,4,0.34,5,1.791759469228055,0.7418414871311438,0,0
very good app for developers! This is amazing app for Android developers. But unfortunately  this not work on android 4.4 or higher. How can i get log form android 4.4 or higher?,very good app for developers this is amazing app for android developers but unfortunately this not work on android or higher how can i get log form android or higher,4,0.175,16,2.833213344056216,1.0068781017191872,0,0
I think it is okay,i think it is okay,4,0.2263,2,1.0986122886681098,0.9244758088199956,0,0
Good clock widget I always use this clock widget  hope to see option for changing font on widget  In that case i will give 5 star.,good clock widget i always use this clock widget hope to see option for changing font on widget in that case i will give star,4,0.7003,16,2.833213344056216,0.16309789782161666,0,0
Great app!!,great app,4,0.6892,2,1.0986122886681098,0.1809276337120851,0,0
Needs contacts/calendar sync Good for managing files but it would be better if it could also manage contacts and the calendar so I didn't need separate apps.,needs contacts calendar sync good for managing files but it would be better if it could also manage contacts and the calendar so i didn t need separate apps,4,0.7003,17,2.8903717578961645,0.16309789782161666,0,0
Tried & True Solution Simple open source multi platform solution. Only wish it had fingerprint authentication.,tried true solution simple open source multi platform solution only wish it had fingerprint authentication,4,0.8442,12,2.5649493574615367,-0.06804615574940964,0,0
Why can't I move the storage location to my sd card? The solution seems pretty messy and what happens if it gets updated.... But thanks for trying,why can t i move the storage location to my sd card the solution seems pretty messy and what happens if it gets updated but thanks for trying,4,0.705,13,2.6390573296152584,0.15554837001213961,0,0
Does its job - Needs Nexus Imprint support FINALLY received Material update  but pay attention to detail.. There are still elements of Jelly Bean lingering around (cut/copy/paste menu),does its job needs nexus imprint support finally received material update but pay attention to detail there are still elements of jelly bean lingering around cut copy paste menu,4,0.0644,22,3.1354942159291497,1.1845329476188087,0,0
Useful for teaching!,useful for teaching,4,0.4926,2,1.0986122886681098,0.4967227757000203,0,0
Love Extraordinary,love extraordinary,4,0.6369,2,1.0986122886681098,0.26493620912393157,0,0
I like,i like,4,0.3612,1,0.6931471805599453,0.7077882978628622,0,0
Good Its very useful things,good its very useful things,4,0.7264,3,1.3862943611198906,0.12117392424132634,0,0
Excellent,excellent,4,0.5719,1,0.6931471805599453,0.3693445724464941,0,0
It's cool,it s cool,4,0.3182,1,0.6931471805599453,0.7768584459070187,0,0
Lipton,lipton,4,0.0,1,0.6931471805599453,1.2879775414337784,0,0
"I would give 5 stars IF THERE COULD BE also STATISTICS OF ALL OF THE HABITS TOGETHER  and not just one by one. Also   defining habits also by QUANTITY and not only """"""""""""""""yes"""""""""""""""" or """"""""""""""""no"""""""""""""""" (for example   when I read only 15 pages of a book  while i should be reading 20)""""",i would give stars if there could be also statistics of all of the habits together and not just one by one also defining habits also by quantity and not only yes or no for example when i read only pages of a book while i should be reading,4,0.0,21,3.091042453358316,1.2879775414337784,0,0
Google play It is good,google play it is good,4,0.6486,3,1.3862943611198906,0.24614270372587033,0,0
Excellent,excellent,4,0.5719,1,0.6931471805599453,0.3693445724464941,0,0
Like it If u guys could run the emulator fast then I would rate 5 stars,like it if u guys could run the emulator fast then i would rate stars,4,0.3612,9,2.302585092994046,0.7077882978628622,0,0
Its very good. My favorite part is also the most annoying however  as since it automatically adds more songs to the download queue you don't have to keep searchin  but downloads can take alot longer.,its very good my favorite part is also the most annoying however as since it automatically adds more songs to the download queue you don t have to keep searchin but downloads can take alot longer,4,0.3031,18,2.9444389791664403,0.8011133118481064,0,0
nice ki,nice ki,4,0.4215,1,0.6931471805599453,0.6109294623497772,0,0
I fucl Chodi,i fucl chodi,4,0.0,2,1.0986122886681098,1.2879775414337784,0,0
Ok Good,ok good,4,0.6249,1,0.6931471805599453,0.28421159927578943,0,0
Liked it Pretty good if the widget should be placed where ever we want rather than the bottom left  top right or something else.....,liked it pretty good if the widget should be placed where ever we want rather than the bottom left top right or something else,4,0.875,14,2.70805020110221,-0.11751965713917834,0,0
Not a bad app,not a bad app,4,0.431,2,1.0986122886681098,0.5956697784795564,0,0
No problems... Great lockscreen replacement  just add a option to use a alternate wallpaper & a option to add blur to the wallpaper.,no problems great lockscreen replacement just add a option to use a alternate wallpaper a option to add blur to the wallpaper,4,0.4404,13,2.6390573296152584,0.5805707228606014,0,0
Superb Search engine,superb search engine,4,0.6249,3,1.3862943611198906,0.28421159927578943,0,0
Gd,gd,4,0.0,0,0.0,1.2879775414337784,0,0
When is this going to get a new update? It's missing some useful information now.,when is this going to get a new update it s missing some useful information now,4,0.1779,7,2.0794415416798357,1.0022198824324882,0,0
Khan Smr,khan smr,4,0.0,2,1.0986122886681098,1.2879775414337784,0,0
Ok,ok,4,0.296,0,0.0,0.8125179176879556,0,0
Nice app App works fine. 4 stars because ads keep popping in.,nice app app works fine stars because ads keep popping in,4,0.5574,9,2.302585092994046,0.392635668879989,0,0
Its very use full & good..,its very use full good,4,0.0,3,1.3862943611198906,1.2879775414337784,0,0
Nce,nce,4,0.0,1,0.6931471805599453,1.2879775414337784,0,0
Nice Theme Only One Bug Love the font & style  but I use SoftKeyz to change my navbar & the back button always remains stock regardless of what nav key pack I use.,nice theme only one bug love the font style but i use softkeyz to change my navbar the back button always remains stock regardless of what nav key pack i use,4,0.5423,21,3.091042453358316,0.4168905348210763,0,0
Good,good,4,0.4404,1,0.6931471805599453,0.5805707228606014,0,0
Great Like it,great like it,4,0.765,2,1.0986122886681098,0.05917141925285074,0,0
GooD,good,4,0.4404,1,0.6931471805599453,0.5805707228606014,0,0
"Good  but need more settings. Hi  can you please add these """"""""""""""""""""""""""""""""sched_wakeup_granularity_ns""""""""""""""""""""""""""""""""  """"""""""""""""""""""""""""""""sched_latency_ns""""""""""""""""""""""""""""""""  """"""""""""""""""""""""""""""""sched_min_granularity_ns"""""""""""""""""""""""""""""""" settings to your app. I like to tweak those in your app. It is located at /proc/sys/kernel/. Thanks""""",good but need more settings hi can you please add these sched wakeup granularity ns sched latency ns sched min granularity ns settings to your app i like to tweak those in your app it is located at proc sys kernel thanks,4,0.7992,23,3.1780538303479458,0.0042365573200564555,0,0
Great app Very helpfull when on the run,great app very helpfull when on the run,4,0.6249,4,1.6094379124341003,0.28421159927578943,0,0
Free! At least it's free  unlike some emulators I know... *cough* drastic *cough* and it's quite good,free at least it s free unlike some emulators i know cough drastic cough and it s quite good,4,0.8775,11,2.4849066497880004,-0.12153536342081495,0,0
Good app It is very good for fast and easy update  to the latest versions,good app it is very good for fast and easy update to the latest versions,4,0.8399,8,2.1972245773362196,-0.061139140944994175,0,0
Everything is nice but the home button issue that have other users too and a pincode that's missing too,everything is nice but the home button issue that have other users too and a pincode that s missing too,4,-0.2263,8,2.1972245773362196,1.6514792740475612,0,0
All good but not automatic,all good but not automatic,4,0.2382,2,1.0986122886681098,0.9053610469194036,0,0
Works perfectly It does what it says. All features work perfectly. The only things that are missing are 1)having the info about the free space on server 2)renaming torrent files (very useful option to make torrent names compatible with media server library). To do that I have to use the transmission remote I have on my win PC. It will be 5 stars when this option will be available.,works perfectly it does what it says all features work perfectly the only things that are missing are having the info about the free space on server renaming torrent files very useful option to make torrent names compatible with media server library to do that i have to use the transmission remote i have on my win pc it will be stars when this option will be available,4,0.9531,31,3.4657359027997265,-0.24297032137751806,0,0
ok,ok,4,0.296,0,0.0,0.8125179176879556,0,0
Mukhles nice,mukhles nice,4,0.4215,2,1.0986122886681098,0.6109294623497772,0,0
Very satisfied so far,very satisfied so far,4,0.4754,2,1.0986122886681098,0.5243508349176831,0,0
Lahore,lahore,4,0.0,1,0.6931471805599453,1.2879775414337784,0,0
Love it...BUT... ...I can't figure out how to save games. It keeps saying you can only do that from the menu  but all I find is help and settings. Any help?,love it but i can t figure out how to save games it keeps saying you can only do that from the menu but all i find is help and settings any help,4,0.8957,11,2.4849066497880004,-0.15076970515113253,0,0
A bit basic Nice app and seems to log fine  but please make the charts zoomable as one can not see details and exact hours now. Thank you!,a bit basic nice app and seems to log fine but please make the charts zoomable as one can not see details and exact hours now thank you,4,0.8313,17,2.8903717578961645,-0.04732511133616324,0,0
Trouble when saving edits... Everything is fine but there is an error in 'save' option.,trouble when saving edits everything is fine but there is an error in save option,4,-0.6124,8,2.1972245773362196,2.2716649521835826,0,0
Its great just wish you didn't need wifi to listen to music.,its great just wish you didn t need wifi to listen to music,4,0.7783,6,1.9459101490553132,0.03780786183454188,0,0
Very satisfying,very satisfying,4,0.5095,1,0.6931471805599453,0.4695766012361542,0,0
Has most of the WordPress admin panel features Thanks guys!,has most of the wordpress admin panel features thanks guys,4,0.4926,6,1.9459101490553132,0.4967227757000203,0,0
Great free SIP client When forwarding calls  would be great it's not direct but to allow returning to the caller and talking to the target number too. BT sound is low,great free sip client when forwarding calls would be great it s not direct but to allow returning to the caller and talking to the target number too bt sound is low,4,0.7506,17,2.8903717578961645,0.08230188743508027,0,0
Good roguelike The game is tightly controlled  easy to understand  and overall a good rendition of the Roguelike genre. It's pretty standard though  and doesn't do anything too out of the ordinary. Great app!,good roguelike the game is tightly controlled easy to understand and overall a good rendition of the roguelike genre it s pretty standard though and doesn t do anything too out of the ordinary great app,4,0.9459,19,2.995732273553991,-0.23140508728640352,0,0
OK,ok,4,0.296,0,0.0,0.8125179176879556,0,0
Would be great if you added a parallex feature,would be great if you added a parallex feature,4,0.6249,5,1.791759469228055,0.28421159927578943,0,0
Love the app  one of the best. Only gripe I have is the button size  kinda small on tablet. I tried the settings menu and selected large buttons  but they are still pretty small. If you could fix this  would be the perfect app.,love the app one of the best only gripe i have is the button size kinda small on tablet i tried the settings menu and selected large buttons but they are still pretty small if you could fix this would be the perfect app,4,0.9387,24,3.2188758248682006,-0.21983985319528898,0,0
Fan Fan fan,fan fan fan,4,0.7096,3,1.3862943611198906,0.14815947045392708,0,0
So far my favorite podcast app!,so far my favorite podcast app,4,0.5508,4,1.6094379124341003,0.40323713346351076,0,0
Awesome Best app for increasing knowledge,awesome best app for increasing knowledge,4,0.8519,5,1.791759469228055,-0.08041453109685204,0,0
Useful,useful,4,0.4404,1,0.6931471805599453,0.5805707228606014,0,0
Needs Push Notifications Will move to 5 stars when push notifications become available. Otherwise  great app to replace FB and it's bloatware.,needs push notifications will move to stars when push notifications become available otherwise great app to replace fb and it s bloatware,4,0.6249,14,2.70805020110221,0.28421159927578943,0,0
AWESOME Good graphics good controls good game!!! ?,awesome good graphics good controls good game,5,0.9372,7,2.0794415416798357,0.7825695705736928,0,1
Cool Awsome,cool awsome,5,0.3182,2,1.0986122886681098,1.7768584459070187,0,1
Wonderful,wonderful,5,0.5719,1,0.6931471805599453,1.369344572446494,0,1
Great Loved it what can I say,great loved it what can i say,5,0.8402,3,1.3862943611198906,0.9383789743012096,0,1
Best thing for youngsters,best thing for youngsters,5,0.6369,3,1.3862943611198906,1.2649362091239316,0,1
Good Its the graphical view of our mobile and sd card storages,good its the graphical view of our mobile and sd card storages,5,0.4404,6,1.9459101490553132,1.5805707228606014,0,1
jaiho,jaiho,5,0.0,1,0.6931471805599453,2.2879775414337784,0,1
Mr burden Loved it,mr burden loved it,5,0.25,2,1.0986122886681098,1.8864069132700765,0,1
Nice,nice,5,0.4215,1,0.6931471805599453,1.6109294623497772,0,1
Mdshaddam7664935193,mdshaddam,5,0.0,1,0.6931471805599453,2.2879775414337784,0,1
Respected Love how you don't ask for permissions.,respected love how you don t ask for permissions,5,0.8074,4,1.6094379124341003,0.9910650407162871,0,1
Nice Very nice,nice very nice,5,0.7089,2,1.0986122886681098,1.1492838682127857,0,1
Samyaum... Xxx,samyaum xxx,5,0.0,2,1.0986122886681098,2.2879775414337784,0,1
It's good,it s good,5,0.4404,1,0.6931471805599453,1.5805707228606014,0,1
Nice App  easy all step future for Manage blog post  loved it.,nice app easy all step future for manage blog post loved it,5,0.8625,9,2.302585092994046,0.9025588742690074,0,1
Too all I love Google play I hope you do to . Hope too see you all.,too all i love google play i hope you do to hope too see you all,5,0.9081,6,1.9459101490553132,0.829312391691948,0,1
awesome best roooooot evver !!!!!,awesome best roooooot evver,5,0.8877,4,1.6094379124341003,0.862080554950106,0,1
Gud work Nothing,gud work nothing,5,0.0,3,1.3862943611198906,2.2879775414337784,0,1
It is like the original psp Thankhu for the publisher thanks,it is like the original psp thankhu for the publisher thanks,5,0.7717,6,1.9459101490553132,1.0484093264180636,0,1
Beautiful theme,beautiful theme,5,0.5994,2,1.0986122886681098,1.325171803348487,0,1
The app is fireeeeee! This is seriously Amazing! I would suggest everyone having hard time finding rhyming words to write a song or poem. This app is very handy! Kudos to you developers!,the app is fireeeeee this is seriously amazing i would suggest everyone having hard time finding rhyming words to write a song or poem this app is very handy kudos to you developers,5,0.815,19,2.995732273553991,0.978857293620111,0,1
Nice user interface ! Works fine on Android 7.1 Nougat .,nice user interface works fine on android nougat,5,0.5983,7,2.0794415416798357,1.3269387141124072,0,1
Nice,nice,5,0.4215,1,0.6931471805599453,1.6109294623497772,0,1
Working great for me.,working great for me,5,0.6249,2,1.0986122886681098,1.2842115992757894,0,1
Love it cool Cecilia Lissette primera,love it cool cecilia lissette primera,5,0.7579,5,1.791759469228055,1.0705760250927,0,1
Does everything I want from a clipboard manager.,does everything i want from a clipboard manager,5,0.0772,4,1.6094379124341003,2.163972531456827,0,1
This is very useful app. I really enjoy it till wards......,this is very useful app i really enjoy it till wards,5,0.7708,6,1.9459101490553132,1.049854980679453,0,1
Good one..!! Working better..!!,good one working better,5,0.6209,4,1.6094379124341003,1.2906367293264087,0,1
By far the most full featured OpenVPN client on Android. Active developer too  keep up the great work,by far the most full featured openvpn client on android active developer too keep up the great work,5,0.7783,11,2.4849066497880004,1.0378078618345419,0,1
Good,good,5,0.4404,1,0.6931471805599453,1.5805707228606014,0,1
This is the nest messaging app ever I have used this is so useful and the free sticker 😋 I love them...,this is the nest messaging app ever i have used this is so useful and the free sticker i love them,5,0.905,9,2.302585092994046,0.8342918674811779,0,1
Best app... I loved this app ....,best app i loved this app,5,0.8442,4,1.6094379124341003,0.9319538442505904,0,1
Best app ever,best app ever,5,0.6369,3,1.3862943611198906,1.2649362091239316,0,1
Love this Useful apps for Google services,love this useful apps for google services,5,0.7964,5,1.791759469228055,1.0087341483554901,0,1
Great ereader Nice clean reader. Don't have to trail through book adverts to get to it. Nothing fancy just easy and clear. I do recommend it.,great ereader nice clean reader don t have to trail through book adverts to get to it nothing fancy just easy and clear i do recommend it,5,0.9061,14,2.70805020110221,0.8325249567172577,0,1
I loved it Yes,i loved it yes,5,0.765,2,1.0986122886681098,1.0591714192528507,0,1
simple and easy to install the apps.,simple and easy to install the apps,5,0.4404,4,1.6094379124341003,1.5805707228606014,0,1
Tan,tan,5,0.0,1,0.6931471805599453,2.2879775414337784,0,1
Quick & Easy Making ring tones couldn't be easier. Highly recommended.,quick easy making ring tones couldn t be easier highly recommended,5,0.3941,8,2.1972245773362196,1.654941603196519,0,1
Gd,gd,5,0.0,0,0.0,2.2879775414337784,0,1
Jhakas,jhakas,5,0.0,1,0.6931471805599453,2.2879775414337784,0,1
Very useful,very useful,5,0.4927,1,0.6931471805599453,1.496562147448755,0,1
Dr. Richard Spitzberg Tel Aviv University,dr richard spitzberg tel aviv university,5,0.0,5,1.791759469228055,2.2879775414337784,0,1
Awsome Really fast to download I really loved it☺☺☺,awsome really fast to download i really loved it,5,0.6361,6,1.9459101490553132,1.2662212351340556,0,1
Get it! Love this game. Even though its not finished yet it is a solid game. Once I start playing it I can't stop.,get it love this game even though its not finished yet it is a solid game once i start playing it i can t stop,5,0.8307,12,2.5649493574615367,0.95363865817143,0,1
Good,good,5,0.4404,1,0.6931471805599453,1.5805707228606014,0,1
Fun while it lasted,fun while it lasted,5,0.5106,2,1.0986122886681098,1.467809690472234,0,1
I can't seem to crash it!? I'm running on Kit Kat and most browsers are pain to use  they crashing every five minutes but Lightning Browser just keeps on trucking. It works with the dark web better than anything else I've tried on a tablet. Happy to support this work.,i can t seem to crash it i m running on kit kat and most browsers are pain to use they crashing every five minutes but lightning browser just keeps on trucking it works with the dark web better than anything else i ve tried on a tablet happy to support this work,5,0.92,27,3.332204510175204,0.8101976297913556,0,1
Good! Fantástica! Lo que siempre deseé dsde crío: saber nombrar lo q veo en el cielo. Además  funciona con nubes! ;-)) Needs an update  maybe. Just calling the community to make a little effort ;-).... EDIT :3 years for an update! Where did you were?,good fant stica lo que siempre dese dsde cr o saber nombrar lo q veo en el cielo adem s funciona con nubes needs an update maybe just calling the community to make a little effort edit years for an update where did you were,5,0.811,26,3.295836866004329,0.9852824236707294,0,1
I Iove it,i iove it,5,0.0,1,0.6931471805599453,2.2879775414337784,0,1
Has Nothing... But they are the best app in terms of innovation in a chat environment... VC and all are not needed in chat apps... But Tele has stickers... which no one can beat..,has nothing but they are the best app in terms of innovation in a chat environment vc and all are not needed in chat apps but tele has stickers which no one can beat,5,0.8126,14,2.70805020110221,0.9827123716504822,0,1
Love it The book of Life,love it the book of life,5,0.6369,3,1.3862943611198906,1.2649362091239316,0,1
It is a really good app,it is a really good app,5,0.4927,3,1.3862943611198906,1.496562147448755,0,1
Nice Loved it,nice loved it,5,0.7717,2,1.0986122886681098,1.0484093264180636,0,1
Best,best,5,0.6369,1,0.6931471805599453,1.2649362091239316,0,1
Every thing is just there.,every thing is just there,5,0.0,2,1.0986122886681098,2.2879775414337784,0,1
Good app,good app,5,0.4404,2,1.0986122886681098,1.5805707228606014,0,1
"The quality of voice call is great! Even i can say  better than WhatsApp!! Add Video calling... & If possible  status message! And  an option to temporary deactivating the account!! Video compression doesn't work  it's increase the file size! I don't want to lose everything in my account while deactivating... Or add some options in the deactivating page! Like """"keep chats  keep «chat with yourself» section  keep channel's""""... Could you add an option to send messages at the specific time?! Something like timer on posts that sends automatically in a certain time... It can be revolutionary! 😄 why you don't add Persian language?! Need help? I'll help you!!!! Just add it ASAP please... &... When I playing a music from a channel  there's no way to tap on music and get to the channel! or when i click on the photo from """"Shared Media"""" there's no option to get to that message on the channel... When i tap on a profile in the contacts list after pressing the back button it show the first contact! unlike the chat screen that stay on the last message that you read... Fix it pls  thanks & keep it up...",the quality of voice call is great even i can say better than whatsapp add video calling if possible status message and an option to temporary deactivating the account video compression doesn t work it s increase the file size i don t want to lose everything in my account while deactivating or add some options in the deactivating page like keep chats keep chat with yourself section keep channel s could you add an option to send messages at the specific time something like timer on posts that sends automatically in a certain time it can be revolutionary why you don t add persian language need help i ll help you just add it asap please when i playing a music from a channel there s no way to tap on music and get to the channel or when i click on the photo from shared media there s no option to get to that message on the channel when i tap on a profile in the contacts list after pressing the back button it show the first contact unlike the chat screen that stay on the last message that you read fix it pls thanks keep it up,5,0.9678,103,4.6443908991413725,0.7334173256864558,0,1
Great app,great app,5,0.6249,2,1.0986122886681098,1.2842115992757894,0,1
Tiny  responsive UI  useful Also  fast and secure.,tiny responsive ui useful also fast and secure,5,0.7783,6,1.9459101490553132,1.0378078618345419,0,1
Please increase the number of chats we can pin to top,please increase the number of chats we can pin to top,5,0.6908,6,1.9459101490553132,1.178357581691838,0,1
WWE FAN CHAT! JOIN US @WWETALK RIGHT NOW! :) :),wwe fan chat join us wwetalk right now,5,0.9109,6,1.9459101490553132,0.8248148006565144,0,1
Me Good one,me good one,5,0.4404,2,1.0986122886681098,1.5805707228606014,0,1
Its very helpful for twenty one pilots music |-/,its very helpful for twenty one pilots music,5,0.4754,5,1.791759469228055,1.524350834917683,0,1
Cool,cool,5,0.3182,1,0.6931471805599453,1.7768584459070187,0,1
Wowza One of the coolest apps ever...if this thing could move files it would be so amazing. One of the true must haves. Great job dude. People....get this!,wowza one of the coolest apps ever if this thing could move files it would be so amazing one of the true must haves great job dude people get this,5,0.9195,20,3.044522437723423,0.8110007710476834,0,1
Perfection is less than enough,perfection is less than enough,5,0.5719,3,1.3862943611198906,1.369344572446494,0,1
Good K,good k,5,0.4404,1,0.6931471805599453,1.5805707228606014,0,1
Excellent App (NPR is NOT THAT BIASED) I consider NPR to be a relatively dependable news resource- although people dramatically exaggerate the extent to which it is biased. If anything it is very slightly left  but mostly in the center. People really need to chill out about it. Fox and CNN are WAY worse. Also  NPR does an excellent job of keeping its listeners/ readers informed  especially with this app. For example  meaningful discussions and various programs are offered in different states  while other TV sources focus on Obama's tan jacket.,excellent app npr is not that biased i consider npr to be a relatively dependable news resource although people dramatically exaggerate the extent to which it is biased if anything it is very slightly left but mostly in the center people really need to chill out about it fox and cnn are way worse also npr does an excellent job of keeping its listeners readers informed especially with this app for example meaningful discussions and various programs are offered in different states while other tv sources focus on obama s tan jacket,5,0.6542,52,3.970291913552122,1.2371475216550034,0,1
It really usefull and fun to play download it😃👍,it really usefull and fun to play download it,5,0.7152,5,1.791759469228055,1.1391642883830606,0,1
Astig Monnazyan team,astig monnazyan team,5,0.0,3,1.3862943611198906,2.2879775414337784,0,1
Very good Thanks,very good thanks,5,0.7485,2,1.0986122886681098,1.0856750807116553,0,1
Love,love,5,0.6369,1,0.6931471805599453,1.2649362091239316,0,1
jest fun,jest fun,5,0.5106,2,1.0986122886681098,1.467809690472234,0,1
this app is your very cool app Android is very fantastic Ahmedabad good I like this sir,this app is your very cool app android is very fantastic ahmedabad good i like this sir,5,0.9032,9,2.302585092994046,0.8371831760039568,0,1
Fine,fine,5,0.2023,1,0.6931471805599453,1.9630265891237109,0,1
Good,good,5,0.4404,1,0.6931471805599453,1.5805707228606014,0,1
Supper,supper,5,0.0,1,0.6931471805599453,2.2879775414337784,0,1
Without this app I am nothing  I don't know any other apps for downloading games and so on.,without this app i am nothing i don t know any other apps for downloading games and so on,5,0.0,7,2.0794415416798357,2.2879775414337784,0,1
Excellent. Many options of sounds available. Just what i needed. Simple and elegant.,excellent many options of sounds available just what i needed simple and elegant,5,0.7783,8,2.1972245773362196,1.0378078618345419,0,1
Floating windows is polished  easy and it rocks.,floating windows is polished easy and it rocks,5,0.4404,5,1.791759469228055,1.5805707228606014,0,1
easy to use It is an awesome app and also provide additional security layer for your accounts.,easy to use it is an awesome app and also provide additional security layer for your accounts,5,0.8555,10,2.3978952727983707,0.9138028518575911,0,1
YEEEES!!!! This is brilliant!! I've always needed an app that would make MAL using easier on phone!!! thank you!!,yeeees this is brilliant i ve always needed an app that would make mal using easier on phone thank you,5,0.8825,12,2.5649493574615367,0.870433224015911,0,1
It is worjing,it is worjing,5,0.0,1,0.6931471805599453,2.2879775414337784,0,1
All apps cantrol Nice,all apps cantrol nice,5,0.4215,3,1.3862943611198906,1.6109294623497772,0,1
Great app Love it,great app love it,5,0.8519,3,1.3862943611198906,0.919585468903148,0,1
This is a good app for my mobile. I hope that it is well for all,this is a good app for my mobile i hope that it is well for all,5,0.7845,5,1.791759469228055,1.0278489102560822,0,1
good,good,5,0.4404,1,0.6931471805599453,1.5805707228606014,0,1
Great app,great app,5,0.6249,2,1.0986122886681098,1.2842115992757894,0,1
was,was,5,0.0,0,0.0,2.2879775414337784,0,1
Yes. Push the button.,yes push the button,5,0.4019,3,1.3862943611198906,1.6424125995978116,0,1
Heang Heang,heang heang,5,0.0,2,1.0986122886681098,2.2879775414337784,0,1
Good,good,5,0.4404,1,0.6931471805599453,1.5805707228606014,0,1
Apps hebat,apps hebat,5,0.0,2,1.0986122886681098,2.2879775414337784,0,1
Made with indian love Great app keep it up,made with indian love great app keep it up,5,0.8519,6,1.9459101490553132,0.919585468903148,0,1
Must have Great app just works,must have great app just works,5,0.6249,4,1.6094379124341003,1.2842115992757894,0,1
UPDATE THIS ALREADY JESUS,update this already jesus,5,0.0,3,1.3862943611198906,2.2879775414337784,0,1
Fantastic Shame that Facebook removed messaging from their mobile site. I've been using this app for two years.,fantastic shame that facebook removed messaging from their mobile site i ve been using this app for two years,5,0.128,11,2.4849066497880004,2.082373379813963,0,1
Rimi Rimi,rimi rimi,5,0.0,2,1.0986122886681098,2.2879775414337784,0,1
Perfect Description It's a representation of an old Rpg game it an video game app better than all others I found easy to move and play but not an easy game it's self I enjoy this game on a normal basis I hope and promise you can to.,perfect description it s a representation of an old rpg game it an video game app better than all others i found easy to move and play but not an easy game it s self i enjoy this game on a normal basis i hope and promise you can to,5,0.9678,24,3.2188758248682006,0.7334173256864558,0,1
Addictive Some of these puzzles are amazingly addictive. I always want to do another one after I finish one. I would like to see a hint button sometimes.,addictive some of these puzzles are amazingly addictive i always want to do another one after i finish one i would like to see a hint button sometimes,5,0.4703,16,2.833213344056216,1.5325428757322226,0,1
No 1 Do dout,no do dout,5,-0.296,1,0.6931471805599453,2.7634371651796013,0,1
Madhu Nice,madhu nice,5,0.4215,2,1.0986122886681098,1.6109294623497772,0,1
Nice,nice,5,0.4215,1,0.6931471805599453,1.6109294623497772,0,1
I've been able to find every song I've looked for so far. It's free and easy; best app for music I have used yet.,i ve been able to find every song i ve looked for so far it s free and easy best app for music i have used yet,5,0.8925,13,2.6390573296152584,0.8543703988893627,0,1
Lovw,lovw,5,0.0,1,0.6931471805599453,2.2879775414337784,0,1
Google is great,google is great,5,0.6249,2,1.0986122886681098,1.2842115992757894,0,1
awesome app I've been using this app for years and it never fails me :),awesome app i ve been using this app for years and it never fails me,5,0.6062,7,2.0794415416798357,1.3142490822624344,0,1
Love it!!! Thank you for making such a useful app. Works excellent.,love it thank you for making such a useful app works excellent,5,0.9346,7,2.0794415416798357,0.7867459051065957,0,1
One of the best games I have played on mobile so far. Really difficult  and calms us from the frustration of these type of games. It allows us to keep trying on a different layout with more twists than there are turns.,one of the best games i have played on mobile so far really difficult and calms us from the frustration of these type of games it allows us to keep trying on a different layout with more twists than there are turns,5,0.4601,19,2.995732273553991,1.5489269573613016,0,1
"The Best !!""""""""""""""""""""""""""""""""""""""""""""""""""""""""""""""""!!""""",the best,5,0.7482,1,0.6931471805599453,1.0861569654654515,0,1
It helps our android very quickly,it helps our android very quickly,5,0.3818,3,1.3862943611198906,1.674698878102173,0,1
Good Light weight app.,good light weight app,5,0.4404,4,1.6094379124341003,1.5805707228606014,0,1
One of the best apps,one of the best apps,5,0.6369,3,1.3862943611198906,1.2649362091239316,0,1
Good luck,good luck,5,0.7096,2,1.0986122886681098,1.148159470453927,0,1
Hawt,hawt,5,0.0,1,0.6931471805599453,2.2879775414337784,0,1
Orbot بسیار عالی,orbot,5,0.0,1,0.6931471805599453,2.2879775414337784,0,1
Great features Simple and fantastic. Just now after two weeks using it  I noticed how I performed my daily or weekly habits .... I really enjoyed!,great features simple and fantastic just now after two weeks using it i noticed how i performed my daily or weekly habits i really enjoyed,5,0.9115,14,2.70805020110221,0.8238510311489211,0,1
Us is ohsome,us is ohsome,5,0.0,1,0.6931471805599453,2.2879775414337784,0,1
Love No knowledge,love no knowledge,5,0.4588,2,1.0986122886681098,1.551015124627753,0,1
Awsom :3,awsom,5,0.5106,1,0.6931471805599453,1.467809690472234,0,1
So great! It works and listen to your favorite song for FREE!,so great it works and listen to your favorite song for free,5,0.9187,6,1.9459101490553132,0.8122857970578075,0,1
Good,good,5,0.4404,1,0.6931471805599453,1.5805707228606014,0,1
awsome!!!!! thank you!☺☺☺☺,awsome thank you,5,0.5673,2,1.0986122886681098,1.3767334720047062,0,1
OI File Manager I looking for .......,oi file manager i looking for,5,0.0,3,1.3862943611198906,2.2879775414337784,0,1
great emulator ps games on handheld device yay,great emulator ps games on handheld device yay,5,0.8176,6,1.9459101490553132,0.9746809590872081,0,1
Love it...!,love it,5,0.6696,1,0.6931471805599453,1.2124107709601195,0,1
The best launcher I like,the best launcher i like,5,0.7717,3,1.3862943611198906,1.0484093264180636,0,1
It's amazing. And fully free,it s amazing and fully free,5,0.8122,3,1.3862943611198906,0.9833548846555438,0,1
Good Job I like it so much. Easy to use.,good job i like it so much easy to use,5,0.8214,6,1.9459101490553132,0.9685770855391196,0,1
So good,so good,5,0.4927,1,0.6931471805599453,1.496562147448755,0,1
Google play store KJB,google play store kjb,5,0.34,4,1.6094379124341003,1.7418414871311438,0,1
Loved,loved,5,0.5994,1,0.6931471805599453,1.325171803348487,0,1
Small & good,small good,5,0.4404,2,1.0986122886681098,1.5805707228606014,0,1
Pulop,pulop,5,0.0,1,0.6931471805599453,2.2879775414337784,0,1
nice,nice,5,0.4215,1,0.6931471805599453,1.6109294623497772,0,1
Useful,useful,5,0.4404,1,0.6931471805599453,1.5805707228606014,0,1
Avare Pilotnavcharts,avare pilotnavcharts,5,0.0,2,1.0986122886681098,2.2879775414337784,0,1
Awesome Light and so many feature that help our productivity,awesome light and so many feature that help our productivity,5,0.7783,6,1.9459101490553132,1.0378078618345419,0,1
Woooow OUR EXCELLENT INDIAN APP👌👌👍👍🆓🆓🆓🆒🆒 🏆🏆,woooow our excellent indian app,5,0.6633,4,1.6094379124341003,1.222530350789845,0,1
Injoy my life,injoy my life,5,0.0,2,1.0986122886681098,2.2879775414337784,0,1
thet paing oo thet paing oo,thet paing oo thet paing oo,5,0.0,4,1.6094379124341003,2.2879775414337784,0,1
Its very good but Some games crash,its very good but some games crash,5,-0.3514,3,1.3862943611198906,2.8524252163806776,0,1
Good Good,good good,5,0.7003,2,1.0986122886681098,1.1630978978216167,0,1
Good apps,good apps,5,0.4404,2,1.0986122886681098,1.5805707228606014,0,1
excellent,excellent,5,0.5719,1,0.6931471805599453,1.369344572446494,0,1
ഉഗ്രൻ.. Best available keyboard for malayalam (മലയാളം സ്വനലേഖ). Far way better than Google indic keyboard. Really let you type what you intended to type  though takes a bit of time to learn for beginners. Could be better if updated with customised emojis.,best available keyboard for malayalam far way better than google indic keyboard really let you type what you intended to type though takes a bit of time to learn for beginners could be better if updated with customised emojis,5,0.875,26,3.295836866004329,0.8824803428608217,0,1
Amazing,amazing,5,0.5859,1,0.6931471805599453,1.346856617269327,0,1
Best,best,5,0.6369,1,0.6931471805599453,1.2649362091239316,0,1
Useful Telegram helped me to talk with my family n friends. Thank you creator!!!,useful telegram helped me to talk with my family n friends thank you creator,5,0.8547,8,2.1972245773362196,0.9150878778677143,0,1
Can you please add time lapse feature??,can you please add time lapse feature,5,0.3939,5,1.791759469228055,1.6552628596990497,0,1
Useful,useful,5,0.4404,1,0.6931471805599453,1.5805707228606014,0,1
Jseu Sheh,jseu sheh,5,0.0,2,1.0986122886681098,2.2879775414337784,0,1
Troll I have nothing to say but troll troll troll troll troll troll XD spam,troll i have nothing to say but troll troll troll troll troll troll xd spam,5,0.6186,10,2.3978952727983707,1.2943311791055145,0,1
Wow SO COOL!!!!!!!,wow so cool,5,0.7156,2,1.0986122886681098,1.1385217753779981,0,1
Good?,good,5,0.4404,1,0.6931471805599453,1.5805707228606014,0,1
I love Frost wire,i love frost wire,5,0.6369,3,1.3862943611198906,1.2649362091239316,0,1
Love It I haven't missed a Bart ever since I downloaded this app. Great job!,love it i haven t missed a bart ever since i downloaded this app great job,5,0.888,9,2.302585092994046,0.8615986701963099,0,1
Loved it,loved it,5,0.5994,1,0.6931471805599453,1.325171803348487,0,1
It is a fantastic app,it is a fantastic app,5,0.5574,2,1.0986122886681098,1.392635668879989,0,1
Mgm Mgm,mgm mgm,5,0.0,2,1.0986122886681098,2.2879775414337784,0,1
Love this game and very addicting.,love this game and very addicting,5,0.6369,3,1.3862943611198906,1.2649362091239316,0,1
The best app for messaging,the best app for messaging,5,0.6369,3,1.3862943611198906,1.2649362091239316,0,1
Thankss..now i can play monster hunter without psp. Loving it. 😄,thankss now i can play monster hunter without psp loving it,5,-0.1891,7,2.0794415416798357,2.5917255645768025,0,1
Nexus 6p running latest PN rom. So far everything works as expected. Good work,nexus p running latest pn rom so far everything works as expected good work,5,0.4404,10,2.3978952727983707,1.5805707228606014,0,1
it's best app for me osm,it s best app for me osm,5,0.6369,3,1.3862943611198906,1.2649362091239316,0,1
Great App -&gt;Reliable -&gt;East to use -&gt;awesome,great app gt reliable gt east to use gt awesome,5,0.6249,6,1.9459101490553132,1.2842115992757894,0,1
Perfect! Widget displays current consumption (in mA) or charging rates in plain/simple text! Exactly what I want. Text is editable  including size and color. (Android Zenfone 2),perfect widget displays current consumption in ma or charging rates in plain simple text exactly what i want text is editable including size and color android zenfone,5,0.6792,19,2.995732273553991,1.1969904588386333,0,1
I played my favourite game call of duty psp Samsung galaxy a3,i played my favourite game call of duty psp samsung galaxy a,5,0.34,8,2.1972245773362196,1.7418414871311438,0,1
Very useful,very useful,5,0.4927,1,0.6931471805599453,1.496562147448755,0,1
Tor is a wonderful tool. Useful to hackers  activists  and punk kids trying to get around firewalls!,tor is a wonderful tool useful to hackers activists and punk kids trying to get around firewalls,5,0.784,12,2.5649493574615367,1.0286520515124096,0,1
Just luv it Try it out.. True free app.. Reall works.,just luv it try it out true free app reall works,5,0.7269,7,2.0794415416798357,1.120370782984999,0,1
Hannan OK,hannan ok,5,0.4466,1,0.6931471805599453,1.5706117712821417,0,1
I can reorder now! Reordering accounts to put my most used on top  and a bonus dark theme! The last update made this app perfect. Thank you!,i can reorder now reordering accounts to put my most used on top and a bonus dark theme the last update made this app perfect thank you,5,0.9125,15,2.772588722239781,0.8222447486362672,0,1
Nice app I like I will write a better review later :),nice app i like i will write a better review later,5,0.8807,7,2.0794415416798357,0.8733245325386898,0,1
Helpful Handy,helpful handy,5,0.4215,2,1.0986122886681098,1.6109294623497772,0,1
Great service,great service,5,0.6249,2,1.0986122886681098,1.2842115992757894,0,1
An,an,5,0.0,0,0.0,2.2879775414337784,0,1
Its gud to c,its gud to c,5,0.0,1,0.6931471805599453,2.2879775414337784,0,1
Slick  very slick app,slick very slick app,5,0.0,3,1.3862943611198906,2.2879775414337784,0,1
Good app that can change everything...,good app that can change everything,5,0.4404,4,1.6094379124341003,1.5805707228606014,0,1
its useful good,its useful good,5,0.7003,2,1.0986122886681098,1.1630978978216167,0,1
Fantastic app Could use some quality of life improvements  but nothing that would drop the rating below 5 stars. Does exactly what I need. :),fantastic app could use some quality of life improvements but nothing that would drop the rating below stars does exactly what i need,5,0.847,14,2.70805020110221,0.9274562532151567,0,1
Great I just love it,great i just love it,5,0.8519,2,1.0986122886681098,0.919585468903148,0,1
Jzfh C to kg s,jzfh c to kg s,5,0.0,1,0.6931471805599453,2.2879775414337784,0,1
Everything you need with no frills Hits the sweet spot of having quit a lot of functionality without being cluttered with useless/confusing features. And no ads be awesum,everything you need with no frills hits the sweet spot of having quit a lot of functionality without being cluttered with useless confusing features and no ads be awesum,5,-0.1027,16,2.833213344056216,2.452942755483427,0,1
Write a short review,write a short review,5,0.0,3,1.3862943611198906,2.2879775414337784,0,1
Superb app all barcodes read with in a second...,superb app all barcodes read with in a second,5,0.6249,5,1.791759469228055,1.2842115992757894,0,1
Best rpg on the playstore Love it! But come on guys it's been 3 years or so. Update it already so the quests cam be complete and we can go to the other areas not yet ready like rengaurd and the Qwest lost treasures,best rpg on the playstore love it but come on guys it s been years or so update it already so the quests cam be complete and we can go to the other areas not yet ready like rengaurd and the qwest lost treasures,5,0.2292,20,3.044522437723423,1.9198175895332965,0,1
Fantastic,fantastic,5,0.5574,1,0.6931471805599453,1.392635668879989,0,1
Book Catalog I carry all my book titles with me with this app  so I don't by books I already have.,book catalog i carry all my book titles with me with this app so i don t by books i already have,5,0.0,8,2.1972245773362196,2.2879775414337784,0,1
It's amazing,it s amazing,5,0.5859,1,0.6931471805599453,1.346856617269327,0,1
Nice,nice,5,0.4215,1,0.6931471805599453,1.6109294623497772,0,1
It is awesome I love it,it is awesome i love it,5,0.8519,2,1.0986122886681098,0.919585468903148,0,1
Good app,good app,5,0.4404,2,1.0986122886681098,1.5805707228606014,0,1
Awesome! Now I can play my games and go on the net. Without this I don't know what I will do,awesome now i can play my games and go on the net without this i don t know what i will do,5,0.7777,6,1.9459101490553132,1.0387716313421347,0,1
Hi Hi,hi hi,5,0.0,0,0.0,2.2879775414337784,0,1
Bitchin yo It appeares to be quite the bitchin app... Yo?,bitchin yo it appeares to be quite the bitchin app yo,5,0.0,5,1.791759469228055,2.2879775414337784,0,1
Best app This app is very good and requires less space.,best app this app is very good and requires less space,5,0.8122,7,2.0794415416798357,0.9833548846555438,0,1
Ginnie Lewis I've loved this game for years now but every time I by a new tablet  I have to start over....its,ginnie lewis i ve loved this game for years now but every time i by a new tablet i have to start over its,5,0.3506,10,2.3978952727983707,1.7248148924970028,0,1
Good one,good one,5,0.4404,2,1.0986122886681098,1.5805707228606014,0,1
Good to enjoy.,good to enjoy,5,0.7269,2,1.0986122886681098,1.120370782984999,0,1
Google photos Ts so user friendly,google photos ts so user friendly,5,0.539,4,1.6094379124341003,1.4221912671128374,0,1
For google play I need google play!!!,for google play i need google play,5,0.6884,5,1.791759469228055,1.1822126597222091,0,1
Loved it,loved it,5,0.5994,1,0.6931471805599453,1.325171803348487,0,1
Excellent application! Very fast.,excellent application very fast,5,0.6114,3,1.3862943611198906,1.305896413196629,0,1
OMG YES! Very handy. Especially with access from notification tray... (I dislike floating buttons),omg yes very handy especially with access from notification tray i dislike floating buttons,5,0.2789,10,2.3978952727983707,1.839985348654353,0,1
Contents There has so much articles. I really want tk thanks to wikipedia foundation for help us. We're students so we have to aquire a vast knowledge and wikipedia which is a big encyclopedia help us as a good friend.,contents there has so much articles i really want tk thanks to wikipedia foundation for help us we re students so we have to aquire a vast knowledge and wikipedia which is a big encyclopedia help us as a good friend,5,0.9355,19,2.995732273553991,0.7853002508452063,0,1
Supr,supr,5,0.0,1,0.6931471805599453,2.2879775414337784,0,1
Raesh,raesh,5,0.0,1,0.6931471805599453,2.2879775414337784,0,1
Joshim,joshim,5,0.0,1,0.6931471805599453,2.2879775414337784,0,1
Super,super,5,0.5994,1,0.6931471805599453,1.325171803348487,0,1
REZA f So good,reza f so good,5,0.4927,2,1.0986122886681098,1.496562147448755,0,1
:-) :-) mazing wonderfulness popping out to the opening u need to use this app,mazing wonderfulness popping out to the opening u need to use this app,5,0.8176,7,2.0794415416798357,0.9746809590872081,0,1
Like Like,like like,5,0.6124,2,1.0986122886681098,1.3042901306839743,0,1
Loved it Superb,loved it superb,5,0.8402,2,1.0986122886681098,0.9383789743012096,0,1
I love korea Lee min hoo,i love korea lee min hoo,5,0.6369,5,1.791759469228055,1.2649362091239316,0,1
Im satisfy i love it tnx,im satisfy i love it tnx,5,0.8519,3,1.3862943611198906,0.919585468903148,0,1
Nice third party app with extra great feauters.😊😊😊,nice third party app with extra great feauters,5,0.8625,7,2.0794415416798357,0.9025588742690074,0,1
Great for someone like me who has OCD and wants everyone to have a contact photo but doesn't have the time. Seriously... beautiful designs.,great for someone like me who has ocd and wants everyone to have a contact photo but doesn t have the time seriously beautiful designs,5,0.8641,12,2.5649493574615367,0.8999888222487593,0,1
Titel Description,titel description,5,0.0,2,1.0986122886681098,2.2879775414337784,0,1
thank you for everything,thank you for everything,5,0.3612,2,1.0986122886681098,1.7077882978628622,0,1
Good,good,5,0.4404,1,0.6931471805599453,1.5805707228606014,0,1
Excellent Really good email app  works fast and consistently.,excellent really good email app works fast and consistently,5,0.7841,8,2.1972245773362196,1.0284914232611442,0,1
Great one!. It makes me like working on desktop. Really yes!.,great one it makes me like working on desktop really yes,5,0.8011,8,2.1972245773362196,1.0011846205460122,0,1
Life time Good version..,life time good version,5,0.4404,4,1.6094379124341003,1.5805707228606014,0,1
Fast & accurate Not much to describe. It works well & easy.,fast accurate not much to describe it works well easy,5,0.6124,7,2.0794415416798357,1.3042901306839743,0,1
It is good,it is good,5,0.4404,1,0.6931471805599453,1.5805707228606014,0,1
Good Simply awesome! !!!,good simply awesome,5,0.8469,3,1.3862943611198906,0.9276168814664221,0,1
Great Works great for it's purposes!,great works great for it s purposes,5,0.8588,4,1.6094379124341003,0.9085021195658296,0,1
Hey!This app is very useful and 100 % work.If u have save error occurred try this(1)allow storage permission for this app in ur phone(2)if u have drafts or save restore and save again.,hey this app is very useful and work if u have save error occurred try this allow storage permission for this app in ur phone if u have drafts or save restore and save again,5,0.9115,17,2.8903717578961645,0.8238510311489211,0,1
Radio v7ab majuro My song,radio v ab majuro my song,5,0.0,3,1.3862943611198906,2.2879775414337784,0,1
Speed,speed,5,0.0,1,0.6931471805599453,2.2879775414337784,0,1
Great!!!! ?Would recommend!!!,great would recommend,5,0.5673,3,1.3862943611198906,1.3767334720047062,0,1
Love it very much Games,love it very much games,5,0.6369,3,1.3862943611198906,1.2649362091239316,0,1
Love this app Well done,love this app well done,5,0.743,4,1.6094379124341003,1.0945096345312564,0,1
It's good,it s good,5,0.4404,1,0.6931471805599453,1.5805707228606014,0,1
Working Simple and easy no fancy extras and it works,working simple and easy no fancy extras and it works,5,0.1779,6,1.9459101490553132,2.002219882432488,0,1
If you want fast emulator  try to download drastic. ?,if you want fast emulator try to download drastic,5,0.0772,6,1.9459101490553132,2.163972531456827,0,1
I love this,i love this,5,0.6369,1,0.6931471805599453,1.2649362091239316,0,1
It's clear users have no idea what this app is for. You don't interact with this app  people. This is a system app you have no control over. It's necessary for the device to operate properly.,it s clear users have no idea what this app is for you don t interact with this app people this is a system app you have no control over it s necessary for the device to operate properly,5,-0.2023,14,2.70805020110221,2.612928493743846,0,1
Easy to get apps,easy to get apps,5,0.4404,3,1.3862943611198906,1.5805707228606014,0,1
Saikumar Super,saikumar super,5,0.5994,2,1.0986122886681098,1.325171803348487,0,1
all cool  keep going,all cool keep going,5,0.3182,3,1.3862943611198906,1.7768584459070187,0,1
Koi nahe loved it,koi nahe loved it,5,0.5994,3,1.3862943611198906,1.325171803348487,0,1
Good,good,5,0.4404,1,0.6931471805599453,1.5805707228606014,0,1
Perfect,perfect,5,0.5719,1,0.6931471805599453,1.369344572446494,0,1
&lt;3 Clementine!,lt clementine,5,0.0,1,0.6931471805599453,2.2879775414337784,0,1
Gool Best place for info,gool best place for info,5,0.6369,4,1.6094379124341003,1.2649362091239316,0,1
G Good,g good,5,0.4404,1,0.6931471805599453,1.5805707228606014,0,1
Great,great,5,0.6249,1,0.6931471805599453,1.2842115992757894,0,1
Ahmad Shah,ahmad shah,5,0.0,2,1.0986122886681098,2.2879775414337784,0,1
Would not update binary Plz fix it if possible,would not update binary plz fix it if possible,5,-0.0572,6,1.9459101490553132,2.379856901157633,0,1
Great it s,great it s,5,0.6249,1,0.6931471805599453,1.2842115992757894,0,1
Nice app,nice app,5,0.4215,2,1.0986122886681098,1.6109294623497772,0,1
Love it! Truly helps my migraines disappear with the morphine one!,love it truly helps my migraines disappear with the morphine one,5,0.855,7,2.0794415416798357,0.9146059931139181,0,1
I really like this app,i really like this app,5,0.4201,3,1.3862943611198906,1.613178257867494,0,1
Excellent ! Really handy !,excellent really handy,5,0.6467,3,1.3862943611198906,1.2491946404999146,0,1
Very important Addictiveness for your email us or the information I think,very important addictiveness for your email us or the information i think,5,0.2716,5,1.791759469228055,1.8517112109967329,0,1
Surprised It's just perfect man!!!,surprised it s just perfect man,5,0.7562,3,1.3862943611198906,1.073306705364213,0,1
Mohr.wais Mohr.wais,mohr wais mohr wais,5,0.0,4,1.6094379124341003,2.2879775414337784,0,1
Wonderful. Thankyou for fixing TTS problems in 4.2 update. This is a superb tool for accessing offline Wikipedia. I love this app and cannot recommend highly enough.,wonderful thankyou for fixing tts problems in update this is a superb tool for accessing offline wikipedia i love this app and cannot recommend highly enough,5,0.8267,16,2.833213344056216,0.9600637882220493,0,1
Loves it! I love it every time I need to take a picture or download a camera app for new phone or tablet I come looking for this one! Such a good app!!!,loves it i love it every time i need to take a picture or download a camera app for new phone or tablet i come looking for this one such a good app,5,0.918,18,2.9444389791664403,0.8134101948166652,0,1
Love it,love it,5,0.6369,1,0.6931471805599453,1.2649362091239316,0,1
Best The best app of its kind. Thanks to the devs.,best the best app of its kind thanks to the devs,5,0.9403,6,1.9459101490553132,0.777590094784463,0,1
Brilliant app  thank u for the informative experience.,brilliant app thank u for the informative experience,5,0.743,5,1.791759469228055,1.0945096345312564,0,1
Thank you for creating this app! 😄,thank you for creating this app,5,0.6114,3,1.3862943611198906,1.305896413196629,0,1
Good This is a very good application to be use by every one.,good this is a very good application to be use by every one,5,0.7264,6,1.9459101490553132,1.1211739242413263,0,1
difficult to download this app,difficult to download this app,5,-0.3612,3,1.3862943611198906,2.8681667850046946,0,1
The Best Blogging App I just love this  bringing blogging at the palm of my hand kudos team Automatic,the best blogging app i just love this bringing blogging at the palm of my hand kudos team automatic,5,0.9423,11,2.4849066497880004,0.7743775297591533,0,1
Awesome! Great!👌,awesome great,5,0.6892,2,1.0986122886681098,1.180927633712085,0,1
Amazing,amazing,5,0.5859,1,0.6931471805599453,1.346856617269327,0,1
N job Onoproblems,n job onoproblems,5,0.0,2,1.0986122886681098,2.2879775414337784,0,1
Excellent Excellent,excellent excellent,5,0.8126,2,1.0986122886681098,0.9827123716504822,0,1
The best app,the best app,5,0.6369,2,1.0986122886681098,1.2649362091239316,0,1
get all my favorite songs,get all my favorite songs,5,0.4588,3,1.3862943611198906,1.551015124627753,0,1
Good,good,5,0.4404,1,0.6931471805599453,1.5805707228606014,0,1
Very good camera Better than the stock camera! If only it can replace the shortcut button on the home screen. Anways  theres a bug each time I try to delete a photo from the camera screen after I take it. The picture will be gone  but the file remains. In gallery  it will be seen as a invalid image. Other than that  good work so far!,very good camera better than the stock camera if only it can replace the shortcut button on the home screen anways theres a bug each time i try to delete a photo from the camera screen after i take it the picture will be gone but the file remains in gallery it will be seen as a invalid image other than that good work so far,5,0.8423,31,3.4657359027997265,0.9350057810246337,0,1
Helpful It gives us info about which app we wnt to use,helpful it gives us info about which app we wnt to use,5,0.4215,6,1.9459101490553132,1.6109294623497772,0,1
Wow,wow,5,0.5859,1,0.6931471805599453,1.346856617269327,0,1
Good,good,5,0.4404,1,0.6931471805599453,1.5805707228606014,0,1
Love it...Ameazine Awesome Scanner I ever seen.Thanks for creat it,love it ameazine awesome scanner i ever seen thanks for creat it,5,0.8519,8,2.1972245773362196,0.919585468903148,0,1
I love it it's bomb,i love it it s bomb,5,0.25,2,1.0986122886681098,1.8864069132700765,0,1
Very nice,very nice,5,0.4754,1,0.6931471805599453,1.524350834917683,0,1
Useful This is very helpful for students.,useful this is very helpful for students,5,0.7178,3,1.3862943611198906,1.1349879538501577,0,1
Awesome,awesome,5,0.6249,1,0.6931471805599453,1.2842115992757894,0,1
The only reddit app I use. Simple interface that just makes everything work well.,the only reddit app i use simple interface that just makes everything work well,5,0.2732,9,2.302585092994046,1.8491411589764852,0,1
Important apps অসাধারুন একটা Apps....♥♥♥,important apps apps,5,0.2023,3,1.3862943611198906,1.9630265891237109,0,1
Do not miss this tool Critical for getting complete and accurate info about battery usage.,do not miss this tool critical for getting complete and accurate info about battery usage,5,-0.2158,9,2.302585092994046,2.6346133076646856,0,1
God is good,god is good,5,0.6124,2,1.0986122886681098,1.3042901306839743,0,1
This app even more than a few weeks,this app even more than a few weeks,5,0.0,3,1.3862943611198906,2.2879775414337784,0,1
Ma's,ma s,5,0.0,0,0.0,2.2879775414337784,0,1
Excellent in every way Forget all the other apps,excellent in every way forget all the other apps,5,0.4215,5,1.791759469228055,1.6109294623497772,0,1
Excellent This is very useful  thank for the offline encyclopedia  KIWIX IS THE BEST,excellent this is very useful thank for the offline encyclopedia kiwix is the best,5,0.9338,7,2.0794415416798357,0.7880309311167197,0,1
Awesome Great app. New look is a bit unusual  but doing the trick. I don't have any issue  works perfectly fine for me. Thank you.,awesome great app new look is a bit unusual but doing the trick i don t have any issue works perfectly fine for me thank you,5,0.9437,13,2.6390573296152584,0.7721287342414369,0,1
What more can someone ask for? Free  no ads  smooth game without unnecessary animations. The puzzles are pretty fun too.,what more can someone ask for free no ads smooth game without unnecessary animations the puzzles are pretty fun too,5,0.8225,12,2.5649493574615367,0.9668101747751994,0,1
OMG! Works Perfectly!,omg works perfectly,5,0.6988,3,1.3862943611198906,1.1655073215905993,0,1
Great app,great app,5,0.6249,2,1.0986122886681098,1.2842115992757894,0,1
It's actually fast Good to see this emulator is still being worked on in the unsupported builds. Oh and video scenes in the RE games skip  distorted  and pixelated.,it s actually fast good to see this emulator is still being worked on in the unsupported builds oh and video scenes in the re games skip distorted and pixelated,5,-0.3612,15,2.772588722239781,2.8681667850046946,0,1
It works That's how I like my apps  with little bugs. I get my podcasts  99% of them play after I download them.,it works that s how i like my apps with little bugs i get my podcasts of them play after i download them,5,0.5994,9,2.302585092994046,1.325171803348487,0,1
Best app I've ever used for a table top Flawless,best app i ve ever used for a table top flawless,5,0.8519,7,2.0794415416798357,0.919585468903148,0,1
It's perfect. The only problem are the controls. But it can be fixed by using a wireless controller through bluetooth.,it s perfect the only problem are the controls but it can be fixed by using a wireless controller through bluetooth,5,0.128,8,2.1972245773362196,2.082373379813963,0,1
Too useful: must have! The best app to discover the cause of battery drain and what's going on in your device. Anybody really interested in his device's operating principles must have this app. For guides or questions just search on Google or on XDA.,too useful must have the best app to discover the cause of battery drain and what s going on in your device anybody really interested in his device s operating principles must have this app for guides or questions just search on google or on xda,5,0.8856,23,3.1780538303479458,0.8654537482266811,0,1
I It is very good app,i it is very good app,5,0.4927,2,1.0986122886681098,1.496562147448755,0,1
Very good,very good,5,0.4927,1,0.6931471805599453,1.496562147448755,0,1
Perfect fit Great app  works as advertised,perfect fit great app works as advertised,5,0.8834,6,1.9459101490553132,0.8689875697545215,0,1
I love it,i love it,5,0.6369,1,0.6931471805599453,1.2649362091239316,0,1
The kushubu,the kushubu,5,0.0,1,0.6931471805599453,2.2879775414337784,0,1
Like,like,5,0.3612,1,0.6931471805599453,1.7077882978628622,0,1
Good stuff Its a stable App has good development and good features. Just a note to the dev though  I wanted to donate to you  but that donation app has hideous permission for an app that does nothing. Please fix it. Otherwise  keep up the good work!,good stuff its a stable app has good development and good features just a note to the dev though i wanted to donate to you but that donation app has hideous permission for an app that does nothing please fix it otherwise keep up the good work,5,0.7992,25,3.258096538021482,1.0042365573200565,0,1
Not like that,not like that,5,-0.2755,1,0.6931471805599453,2.730508373670178,0,1
The best,the best,5,0.6369,1,0.6931471805599453,1.2649362091239316,0,1
Best!!,best,5,0.6988,1,0.6931471805599453,1.1655073215905993,0,1
Epitome of creativity. Loved the concept. If possible please introduce some more genre/TYPE like full APLHA WAVE SESSION or complete binaural beats.,epitome of creativity loved the concept if possible please introduce some more genre type like full aplha wave session or complete binaural beats,5,0.8905,17,2.8903717578961645,0.8575829639146724,0,1
Its very important app between students. Thanks #Telegrame,its very important app between students thanks telegrame,5,0.6115,5,1.791759469228055,1.3057357849453637,0,1
Amazing Free open source better GUI than desktop version.,amazing free open source better gui than desktop version,5,0.875,8,2.1972245773362196,0.8824803428608217,0,1
its fun to use and its faster to use then conventional launcher  its really fun iam enjoying it,its fun to use and its faster to use then conventional launcher its really fun iam enjoying it,5,0.8824,10,2.3978952727983707,0.8705938522671763,0,1
Fine Very good,fine very good,5,0.6115,2,1.0986122886681098,1.3057357849453637,0,1
Greatest,greatest,5,0.6369,1,0.6931471805599453,1.2649362091239316,0,1
Helpful,helpful,5,0.4215,1,0.6931471805599453,1.6109294623497772,0,1
Long My tm,long my tm,5,0.0,1,0.6931471805599453,2.2879775414337784,0,1
Tamim,tamim,5,0.0,1,0.6931471805599453,2.2879775414337784,0,1
Aryan raj So cool,aryan raj so cool,5,0.3804,3,1.3862943611198906,1.6769476736198898,0,1
I loved this app. It did everything I needed it to. Then they took off playback speed. It took 3 months to bring it back. In the meantime I purchased a different audiobook reader (Smart Audiobook) so I won't be reinstalling this one. It's a great free app and I recommend it  but maybe don't expect it to be stable or to resolve its own issues.,i loved this app it did everything i needed it to then they took off playback speed it took months to bring it back in the meantime i purchased a different audiobook reader smart audiobook so i won t be reinstalling this one it s a great free app and i recommend it but maybe don t expect it to be stable or to resolve its own issues,5,0.9201,29,3.4011973816621555,0.8100370015400902,0,1
Works well and is beautiful! Just want I was looking for! I can have the wallpaper I want but still easily see my apps and widgets!,works well and is beautiful just want i was looking for i can have the wallpaper i want but still easily see my apps and widgets,5,0.8061,12,2.5649493574615367,0.9931532079827381,0,1
Ashok Jatiya,ashok jatiya,5,0.0,2,1.0986122886681098,2.2879775414337784,0,1
Really good,really good,5,0.4927,2,1.0986122886681098,1.496562147448755,0,1
Loved It!,loved it,5,0.636,1,0.6931471805599453,1.266381863385321,0,1
Lil baby its fun,lil baby its fun,5,0.5106,3,1.3862943611198906,1.467809690472234,0,1
Good But old,good but old,5,0.2382,2,1.0986122886681098,1.9053610469194036,0,1
It is nice,it is nice,5,0.4215,1,0.6931471805599453,1.6109294623497772,0,1
Love it Movies,love it movies,5,0.6369,2,1.0986122886681098,1.2649362091239316,0,1
Google's NO SIGN-OUT Solution Works good to secure ur phone if u have another phone to accept th authenticaaction code 4 securing an android phone that will NOT LET U SIGN-OUT! Google has no real sign out for their newer apps. Shame on Google for such a huge security breach. So this is better than nothing. Just don't use th Gmail app use ur browser to open ur gmail that way u CAN sign-out. Just tap inbox button  tap ur Gmail name n choose sign out. + u can remove ur account in ur phone settings  when u take ur phone outside ur house.,google s no sign out solution works good to secure ur phone if u have another phone to accept th authenticaaction code securing an android phone that will not let u sign out google has no real sign out for their newer apps shame on google for such a huge security breach so this is better than nothing just don t use th gmail app use ur browser to open ur gmail that way u can sign out just tap inbox button tap ur gmail name n choose sign out u can remove ur account in ur phone settings when u take ur phone outside ur house,5,0.8866,54,4.007333185232471,0.8638474657140263,0,1
Love you,love you,5,0.6369,1,0.6931471805599453,1.2649362091239316,0,1
Very very good,very very good,5,0.5379,1,0.6931471805599453,1.4239581778767576,0,1
Excellent!! NO PERMISSIONS REQUESTED. 5 stars just for that. Extremely functional  especially for rapid multitasking. If you are sick and tired of trying endless  meaningless  resources-hungry  boring launchers  just do yourselves this favor an download this app. Your Android system will never be the same again . Works like a charm in Android 6. Give it a try! Thank you so much Dev!,excellent no permissions requested stars just for that extremely functional especially for rapid multitasking if you are sick and tired of trying endless meaningless resources hungry boring launchers just do yourselves this favor an download this app your android system will never be the same again works like a charm in android give it a try thank you so much dev,5,0.3313,33,3.5263605246161616,1.7558161449912406,0,1
Maximize camera performance Great,maximize camera performance great,5,0.6249,4,1.6094379124341003,1.2842115992757894,0,1
Would be willing to pay for it The best I've found.,would be willing to pay for it the best i ve found,5,0.5859,5,1.791759469228055,1.346856617269327,0,1
The one and only Telegram  the best if best👍,the one and only telegram the best if best,5,0.6369,4,1.6094379124341003,1.2649362091239316,0,1
Nice app,nice app,5,0.4215,2,1.0986122886681098,1.6109294623497772,0,1
Use this app for bicycle touring. Ditched paper maps as a result. Invest a little time to familiarize oneself with all the features. Well worth the effort. Dont usually pay for apps but did for this one.,use this app for bicycle touring ditched paper maps as a result invest a little time to familiarize oneself with all the features well worth the effort dont usually pay for apps but did for this one,5,0.2842,22,3.1354942159291497,1.8314720513372822,0,1
Is the best I ever have,is the best i ever have,5,0.6369,2,1.0986122886681098,1.2649362091239316,0,1
Awesome,awesome,5,0.6249,1,0.6931471805599453,1.2842115992757894,0,1
bju hihgfn,bju hihgfn,5,0.0,2,1.0986122886681098,2.2879775414337784,0,1
Good,good,5,0.4404,1,0.6931471805599453,1.5805707228606014,0,1
Pros love,pros love,5,0.6369,2,1.0986122886681098,1.2649362091239316,0,1
Excellent choice to keep dumb people away from your phone.,excellent choice to keep dumb people away from your phone,5,0.1027,7,2.0794415416798357,2.1230123273841297,0,1
Love d ittt Bbbbe,love d ittt bbbbe,5,0.6369,3,1.3862943611198906,1.2649362091239316,0,1
Big! Love the clarity  no more fuzzy pics  no more micro size...,big love the clarity no more fuzzy pics no more micro size,5,0.5848,7,2.0794415416798357,1.3486235280332473,0,1
Nice,nice,5,0.4215,1,0.6931471805599453,1.6109294623497772,0,1
I love it too much.,i love it too much,5,0.6369,2,1.0986122886681098,1.2649362091239316,0,1
So good,so good,5,0.4927,1,0.6931471805599453,1.496562147448755,0,1
Awesome app Thanks!,awesome app thanks,5,0.807,3,1.3862943611198906,0.9917075537213487,0,1
So good Love the 1x1 widgets. Really useful.,so good love the x widgets really useful,5,0.8971,5,1.791759469228055,0.8469814993311511,0,1
thank*s gan..good job.,thank s gan good job,5,0.0,4,1.6094379124341003,2.2879775414337784,0,1
ITS AWESOME FOR STUDIES,its awesome for studies,5,0.6249,2,1.0986122886681098,1.2842115992757894,0,1
Shafeek Polukkum,shafeek polukkum,5,0.0,2,1.0986122886681098,2.2879775414337784,0,1
Just buy it It deserves his money,just buy it it deserves his money,5,0.0,3,1.3862943611198906,2.2879775414337784,0,1
Great quick fix,great quick fix,5,0.6249,3,1.3862943611198906,1.2842115992757894,0,1
Easy to use and a very useful application for rooted phone,easy to use and a very useful application for rooted phone,5,0.7264,6,1.9459101490553132,1.1211739242413263,0,1
Nice,nice,5,0.4215,1,0.6931471805599453,1.6109294623497772,0,1
Perfect I love art so much so this app is perfect for me,perfect i love art so much so this app is perfect for me,5,0.9118,6,1.9459101490553132,0.8233691463951249,0,1
I does exactly what it says! Gives you an awesome background.,i does exactly what it says gives you an awesome background,5,0.6588,5,1.791759469228055,1.2297586220967913,0,1
Leon Jasharaj,leon jasharaj,5,0.0,2,1.0986122886681098,2.2879775414337784,0,1
Story edit by jishan,story edit by jishan,5,0.0,3,1.3862943611198906,2.2879775414337784,0,1
Great app  add galaxy s7 please,great app add galaxy s please,5,0.7506,5,1.791759469228055,1.0823018874350803,0,1
Nice Good,nice good,5,0.6908,2,1.0986122886681098,1.178357581691838,0,1
Love this app. I love this app  but the last few days the LA Times crossword puzzle won't download.,love this app i love this app but the last few days the la times crossword puzzle won t download,5,0.6369,10,2.3978952727983707,1.2649362091239316,0,1
Best,best,5,0.6369,1,0.6931471805599453,1.2649362091239316,0,1
mohdarshadali,mohdarshadali,5,0.0,1,0.6931471805599453,2.2879775414337784,0,1
Nice app  work better than whatsapp,nice app work better than whatsapp,5,0.6908,5,1.791759469228055,1.178357581691838,0,1
Better than others. Had binary issues managed to get through them with the help of this I was annoyed by kinguser app and with this I got rid of that. 5/5.,better than others had binary issues managed to get through them with the help of this i was annoyed by kinguser app and with this i got rid of that,5,0.4588,12,2.5649493574615367,1.551015124627753,0,1
Like Love,like love,5,0.7717,2,1.0986122886681098,1.0484093264180636,0,1
Awesome apps.,awesome apps,5,0.6249,2,1.0986122886681098,1.2842115992757894,0,1
all title like all,all title like all,5,0.3612,2,1.0986122886681098,1.7077882978628622,0,1
Like Like.,like like,5,0.6124,2,1.0986122886681098,1.3042901306839743,0,1
Great game overall ^~^,great game overall,5,0.6249,3,1.3862943611198906,1.2842115992757894,0,1
Clip stack coolness Clip stack really is a nifty gadget app. Helps a lot when I may have copied something over the last copy. And to me that is more helpful enough. But the other features are nice to have. :),clip stack coolness clip stack really is a nifty gadget app helps a lot when i may have copied something over the last copy and to me that is more helpful enough but the other features are nice to have,5,0.9106,20,3.044522437723423,0.8252966854103114,0,1
Adds but works so well.,adds but works so well,5,0.5591,3,1.3862943611198906,1.3899049886084756,0,1
Useful,useful,5,0.4404,1,0.6931471805599453,1.5805707228606014,0,1
The Core of Android OS Google Play Services is a very necessary component of Android OS. It must be installed & always need to be updated to ensure the best possible Android experience. It is also needed to use Google services. So guys  don't ignore this app. It is the most required component of Android..,the core of android os google play services is a very necessary component of android os it must be installed always need to be updated to ensure the best possible android experience it is also needed to use google services so guys don t ignore this app it is the most required component of android,5,0.8903,29,3.4011973816621555,0.857904220417204,0,1
Galing Importante kaau ni sakong device.tnx kau,galing importante kaau ni sakong device tnx kau,5,0.0,7,2.0794415416798357,2.2879775414337784,0,1
Love this app,love this app,5,0.6369,2,1.0986122886681098,1.2649362091239316,0,1
Such a good game! You know something's good when there's a gajillion spinoffs of it. This is one of the few app games that care more about having fun than making money. Definitely try it out  you have nothing to lose!,such a good game you know something s good when there s a gajillion spinoffs of it this is one of the few app games that care more about having fun than making money definitely try it out you have nothing to lose,5,0.9524,18,2.9444389791664403,0.7581540763813397,0,1
I like it,i like it,5,0.3612,1,0.6931471805599453,1.7077882978628622,0,1
I absolutely love rage comics and now i can make my own...I see no problems with it yet😄😃,i absolutely love rage comics and now i can make my own i see no problems with it yet,5,-0.5082,8,2.1972245773362196,3.1042903143649516,0,1
Thanks,thanks,5,0.4404,1,0.6931471805599453,1.5805707228606014,0,1
¡Excelente! Me ofrece todo lo que podría necesitar.,excelente me ofrece todo lo que podr a necesitar,5,0.0,6,1.9459101490553132,2.2879775414337784,0,1
Good apps,good apps,5,0.4404,2,1.0986122886681098,1.5805707228606014,0,1
Nyc So suprr,nyc so suprr,5,0.0,2,1.0986122886681098,2.2879775414337784,0,1
Good,good,5,0.4404,1,0.6931471805599453,1.5805707228606014,0,1
Good,good,5,0.4404,1,0.6931471805599453,1.5805707228606014,0,1
Love it Run most programs thru it for privacy just remember not to run clock thru it or you will have time of another land ;),love it run most programs thru it for privacy just remember not to run clock thru it or you will have time of another land,5,0.7269,12,2.5649493574615367,1.120370782984999,0,1
SUMAN Kumar,suman kumar,5,0.0,2,1.0986122886681098,2.2879775414337784,0,1
I love it,i love it,5,0.6369,1,0.6931471805599453,1.2649362091239316,0,1
Using tor keeps u safe,using tor keeps u safe,5,0.4404,4,1.6094379124341003,1.5805707228606014,0,1
GREAT! Easy to use,great easy to use,5,0.8412,3,1.3862943611198906,0.9367726917885548,0,1
Good Good,good good,5,0.7003,2,1.0986122886681098,1.1630978978216167,0,1
This is prodigy,this is prodigy,5,0.0,1,0.6931471805599453,2.2879775414337784,0,1
Good,good,5,0.4404,1,0.6931471805599453,1.5805707228606014,0,1
