text,star
was working till update was gonna buy full version lucky me dont work any longer,1
When I open the game on it it says ppsspp has stopped working and it stops.,1
Mission Just,1
After few hours of installing when i again opened it . It is only showing connecting and connecting,1
Don't have every song,1
Taking too long n require constant updates,1
Very biased news feed Bought and paid for by the Crooked Clinton campaign,1
Useless The advertisements blocked the editor,1
Buffer issues Rarely allows streaming news service. Worthless.,1
Very poooor Not a nice app,1
Wow Honestly guys  if I can barely play pokemon or Kingdom Hearts with no volume and really slow frame rate  I might as well buy Drastic DS Emulator ????,1
I need google play revise,1
It has many grafical problems in the zte meo smart p80,1
Worstest App ever Have to update it hundred times,1
Loser This app is not help,1
When you update it keep on loading but nothing happens after that.,1
Lost backup!! I completely lost 8500 txt messages  can't be recovered! Thank you for nothing! Sh*t app!,1
New scrolling and selection is very buggy,1
Copy to other phones Please add option to copy to other phones,1
Opened one time and then won't anymore,1
Forced updated sucks,1
Plz I dont know hw to root my device,1
Not rejisterd,1
Bad services ! Bad ! I've waited to many hour for updating this services !,1
Je voulais faire 0 étoile non mais je fais la mise a jour car c obligatoire pour certaines apps mais a mon avis je ne l'installe pas,1
1 star A single star,1
Invalid SSL certificate Why is this? It only happens on this app. I am trying to sign in through my self-hosted sites. I must go through the browser  which renders the app useless.,1
Misrepresented. Runs on their servers only? It doesn't ask for network permission  but won't add 1+1 if network is disabled. Apparently does not run locally. As near as I can tell  you can't back your files up locally either unless you cut and paste. Crashes *any* time plot is called  etc. Last crash lost a couple hours of work and all the examples.,1
"It crash. Every time I click the file it always says """"""""""""""""""""""""""""""""unfortunately nds4droid has stopped"""""""""""""""""""""""""""""""" please fix this..""""",1
Not able to save work... Couldn't find in gallery. Otherwise it was easy and fun.. But no use in the end if not able to save.,1
So annoying I will keep updating and updating and yet it won't install It's useless,1
Not able to install on my MI Max getting error,1
Very poor Trash. Very dull of an app,1
Intollerable Buffering Cozing Low Battery!!! I'm trying to Download GOOGLE PLAY App since last 1(one) Month into my MICROMAX A-28 BOLT ANDROID Handset. But till date  its Bufferring since a Huse Time grabbing my Phone's Battery & also Data Balance!!! Yet Neither its Downloading itself  Nor leting Download any Video/Mp3 Songs I wish to Download. So I Never found such a THIRD-CLASS & FAKE App till today!!! :-(,1
It stopped working,1
Hates it Awful!,1
The placement of the stars is backwards help,1
No keypad Useless as there is no keypad to enter the new verification code in the Genesis app before playing a movie,1
It was a 5 star app and then... Love this app... But recently  snooze stopped working. I almost missed work because the alarm did not go off after the initial alarm. I think it began around the time I updated my system software. If it's fixed  this will be a 5 star app again!,1
I like this app This app contains many specialities.,1
Sucks,1
Eat so much space,1
It's large n hanged n virus,1
Doesn't save on SD card,1
This app is always updating  not all of the people can upgrade their phones dont you think of that .Why this app alqays updating fuckyou,1
.. Um  just downloaded it and I can't even type into the search bar to find a song. Great app???? Not.,1
Waste of an app What a waste of time and space! This app is a useless joke. You can't do anything on it at all. Uninstalling.,1
Hate this app,1
It takes for every to download,1
Stopped Working Won't connect.,1
Sucks,1
Crashed my galaxy S7 and when it rebooted my sd card wasn't recognized and required formatting. Luckily I just uninstalled the app  rebooted  and everything went back to normal,1
Hai shame ngiyabonga! The codes that i was given were are not working  ive been unable to login for days now. M so unistalling thank u,1
Soheb It required permission dn't know what to do??? Plz guide,1
USELESS APP. NOT EVEN USING IT. Why cant other apps function without it. Tsk... Stupidest app ever. Dont even know what its for... Rate 0 stars if possible but nope... Update it anyway. Since cant use other apps without it being updated... 😠,1
Bekar not update,1
It takes forever,1
Waiting for verification. Verification code not arrive in India.,1
fack not work,1
Sad Hate it everyday. Always updsting and giving errors etc. Fix it! I deserve to use other apps,1
Fuuk youuuuu Fufuuuuk you,1
Awsome Its work,1
Disaster,1
Hate it LOW BATTERY. I'M DONE WITH THIS CRAP,1
I think most of the apps are useless to me.,1
It won't go away! I can not remove from my phone and since I downloaded it my phone has not worked right at all,1
Bad Bad,1
New interface changes need work Seriously  the main reason I was using this app was because of the black background. Not cool  man. Give us an option to at least invert the scheme. Also give an option to disable swipe. I've deleted dozens of puzzles on accident. It is way too touchy.,1
menganjing semua aplikasi mesti perlukan apps ni...kuat menganjing betollah,1
Can't play my games now. After the latest update I am not able to play any of my games and the browsing speed has also reduced a lot.,1
ERROR On average it will be stopped by an error and there is nothing in the troubleshooting section that even remotely helps me fix it,1
Too slow to download Tried multiple times,1
Setting not working Poor app.,1
No need.. Please stop updating this in my phone!!!,1
Waste of data,1
Please Erase the annoying notification,1
rubbish,1
Good May be good.,1
Won't download songs,1
Unable to search file / further subfolder names in subfolders! After cut-paste  the operation process name is stuck at the notification bar for ever.. How to customise menu layout?,1
Sivakumar Kumar,1
I hate stickers in this app...... Please urge your company to remove the stickers as insulting to buddhisam here. And indeed woried about what to include such Please  remove buddhisam stickers,1
Siam sim,1
Need update !!!!,1
Eunice Wao,1
Dakument,1
Too much hassle Plugin needed for every next feature.,1
Doesn't sync ALL photos & Ads I use to love this app. Used it for years. However  now it does not sync all my contacts that are in my phone and there is no way to manually select either. Also  the ads are annoying. Uninstalling until it's fixed.,1
Not restoring anymore. Used to be good app.,1
It not respond Solve this problem it doesn't respond on my Qmobile I5I,1
It WAS an amazing game but... I changed the GUI size once and instead of making it bigger  it made the GUI super small. So small to the point I could not start anything. I could not fix it's I tried reinstalling even! Please fix it...,1
Super Assom,1
Used to work okay I have always had some complaints about this app  but now it's just unusable. The sound skips backwards frequently. Adding this complaint to obsolete content and the very annoying twenty minute cutoff for shows that are longer than twenty minutes  and I am uninstalling.,1
I wish the cached music I set. Wouldn't delete it self. Please keep the downloaded music on the app.,1
I lost my keys after update Thank you  Google :(,1
Uses up too many resources.,1
Awesome and reliable! Update Jan 2016: NO LONGER SILENCES AT NIGHT. Old review:I have used this with three devices. It has never crashed or caused an issue for the four years I have used it.,1
Stop this nonsense Google please stop this it uses more RAM,1
It sucks It never saved correctly  it was way to slow and kept on freezing.i also couldn't see any Pokemon during battles,1
Crash Crash Crash whenever I try to start a blog it crashes. Fix it plzzz asap. :),1
wish all of google wasnt mandatory stock apps.,1
It won't update,1
Good I want it,1
This used to be great  now I get invalid qt version. My app is qt4.8,1
Google Talk Back this is not a cool application,1
Cant use on android 5.0 Just white screen appear,1
"This is a program  not a service or place of business for illegal telepathy and craft to be conduct """"""""""""""""""""""""""""""""cles'"""""""""""""""""""""""""""""""" I am not pleased with such carelessness. Think about your mother..""""",1
I.m time updeating a was problem me,1
Pokemon dont save itself. Always crashing.,1
Cant be removed,1
Need big memory,1
Games Games,1
It doesn't have most of the songs I was looking for,1
Too much time wasting,1
"Constant error message. """"""""""""""""Unfortunately Google Play services has stopped"""""""""""""""". Who cares ???""""",1
Ha 12,1
Sabc F*** you,1
This app. Will brick your phone By enabling this application I almost bricked my phone it takes me hrs. to bring back the phone to normal condition,1
Bad Won't come on and keeps saying error,1
Sucks I think its for the blind,1
So irritated,1
NTEGE GERALD Hello,1
Usefull,1
Annoying popup The pop up that shows when I open remote is too annoying. Possibly because I am using an older version,1
Stinks,1
Weak  garbage Calibration is off  like stupid off,1
Devil It just sucks,1
This app sucks. It will not find any songs I want.,1
I hated it,1
my carefully aquired playlists have just disappeared  beware ! buggy software!,1
Uses more battery than it said it would Not a very good passive app. Didn't seem to have a setting to passively collect data. Also couldn't delete my recorded data in the app.,1
Hate this app Horrible first impression  doesn't even work,1
I just dont need it Just like the google text to speech i do not need this app... i cant get rid of it cause its a permanent app on my phone and its just annoying!! It should be an optional decision for the user to download it or not!!,1
POOR UI it's 2016,1
lakhan,1
Garbage... Not even worth 1 star!,1
It won't up date iv tried and tried and not going to try again!,1
App is junk. Locks all other apps if errors occur with it. To bad no zero stars,1
So boring Its so hard to control,1
Crashes instantly every time that I try to connect it to a standard rtorrent server  can't even open the anymore.,1
Keeps shutting down Since the update it shuts down everytime I try to start it on my galaxy tab A,1
Good for the first like three times playing it,1
Horrible No coming back to life,1
What does please configure a games directory mean,1
Bad Ak baar update karo to hota Hindi,1
Didn't scan and didn't open any files.,1
no? wor? on ?o?o g 3,1
Can't use my phone  try to install but won't work.,1
Like It's is a good app,1
Bbbb Ha,1
Pointless.,1
I think that it is annoying because when i try to open a page it says Sorry we cannot find a matching file😴😴😴,1
Playlist doesn't work If you make a playlist when it jumps to the next article it either starts in the middle or just before the end. This is extremely annoying - please fix ASAP!,1
Why do we even have to install this,1
Upsate 59 60 time but not work. I can't installe??,1
poor to no documentation. certificates are non-existant. hours wasted,1
locked out of files & won't update database I am locked out of my files. I apply my password  and then am told to update. It never updates and then tells me I applied the wrong password. Backups fail too. Reported to helpdesk four days ago and no response. Uninstalled it to free the files to the root directory and moved them to my PC-they were corrupted and unopenable. Reinstalled it but couldn't move the files back to the phone. Now what? Hey  thanks for nothing!,1
Emir SARAFOLU,1
Little Net,1
time waste. it does nothing.only show permissions which already app manager shows. just go to app manager to see permissions.,1
Why these update eats up phone's app storage These updates are very huge in size and I m having trouble in installing other apps,1
P O S NEVER DOWNLOAD THIS TRASH!!!!!,1
Useless,1
Useless,1
'Cause of the folder that it creates in the storage It can't be deleted. Apparently  I do not have permission to edit anything in it. I wonder why that is.,1
******* little app This app is nonsense dont ever install it. I used it on clash of clans but after that the game never ever opened even after uninstalling this app and again downloading clash of clans,1
Amazing Khan,1
I install and can't even open,1
Always need update and make my storage full!,1
SAMIM samim,1
Not working Not working in redmi note 3. Android L. Useless apps. Don't download.,1
Don't install! Crashes device by freezing the screen  torch can't be switched off. Only a couple of reboots fixed the problem.,1
Thanks for making it worse I live this app because it is easy to use and simple. When I open a file it crashes. It's very annoying. You have to fix it,1
Doesn't install. Even tried downloading the superuser.zip and installing via recovery. Getting a footer length error and verification error. Back to SuperSU I guess... ;(,1
Tippanna Tippann,1
Not Working on Lollipop I just updated my Samsung Galaxy S4 (I9500) to Android 5.01 (Lollipop)  and now DashClock no longer works...,1
Require much ram It uses a lot of ram and I cannot play YouTube without it .,1
Big Time Garbage Google play total lack of service. Can't get this to install. Can't install anything else without it. Did a factory reset. Now have no apps. It won't load anything. Does anyone know how to get this piece of crap to install?,1
Junk application I really hate this app... Crushing my phone..,1
Dgh,1
It can not be used,1
Not working good,1
Its not good Its not good,1
Doesn't work I can open the app at all.,1
They get much space,1
Very nice,1
TMGR Good,1
Moved song then try playing it and comes up can't find file 😁,1
Garbage,1
L a g g y,1
आईची गांड download करु नका,1
Eww Didnt work on poot. Says invalid qt version,1
What expect but TRASH Its a Google app,1
Comsumes a lot of memory,1
Noob You are 1st Stupid at world,1
It sucks. I can't open my Gmail up due to its update. I wish it won't affect my other apps.,1
"Doesn't work fails to access my GPS """"""""""""""""""""""""""""""""waiting for GPS sync""""""""""""""""""""""""""""""""""""",1
Wasting time and wasting the kuota,1
Kunal Kunalkumar,1
Not loading I can't download it hard,1
IT WON'T LET ME UPDATE MY DEVICE!😭😭😭,1
Can't remove lockscreen info This app has a lockscreen notification which cannot be removed. I uninstalled it because I find it extremely annoying.,1
Haty Xxxgift ,1
No File Explorer. It used to work on my old phone but now with my Kyocera Hydro Vibe it Crashes. If it wernt for this it would work because I have more than the recommended specs.,1
Many words are missing Having no updates makes this app a limited reliable source. No words are being updated to the database. Pathetic. I am giving just a star for this app,1
No BIOS works Tried various BIOS versions and copied to the correct directory. Reicast either cannot find the loader or if if does the application crashes out each time you load.,1
Is not good to use my youtube cannot be play,1
Brıng back reboot recovery why you removed reboot section it was very helpful for me pls bring it back it is hard to reboot to recovery on lg phones. not hard but annoying,1
Completely red world ripoff no mods verison of Minecraft. Litterly have to download another app for mods. No basic fly button  junkyiest inventory screen ever  crafting = Horrible  ripped off Minecraft  and has some lame ore called Mesa  also same dam seed over and over.,1
What. Seriously  it just jumps out when I try to open it. On an LG LTE phone. If someone helps  I'll raise the rating.,1
Sensitive Very sensitive,1
What to do ? Please tell what do to downld my game i m new to this,1
👎👎Boreing❗ annoying app.❗❗ Totally took over my phone like avirus TERRIBLE!!!! Pre installed on Android and had take battery out then still wouldn't shut off locked up my screen. Then my entire phone. Beta testers sucked on this app. Virus acting!!!!,1
new error after ur latest update. when I choose a video file from gallery and send it to someone . he/she cant play that file or in some devices it played very bad with no quality and like a break down cd.,1
Good Very nice,1
How many hours does this take,1
I was using this app but recently it crashes all the time  photo and video. I've sent reports for the past month  nothing. I'm using Samsung S5 up to date.,1
Terrible. Hate it. App won't even open. Crashes as soon as I click on it. What a waste of data.,1
Shit Bull shit,1
Orbot is starting...............,1
Crappy Crap,1
Getting -505 Error I have a OnePlus One with Cyanogenmod 12S OEM factory version installed and trying to install it  getting a -505 error. Getting same error when trying to push the install to the phone from my desktop. Other forums indicate same error on other Oneplus phones with Cyanogenmod 12S.,1
Suck this apps.. It doesn't update I been try many times to update but it didnt work... My phone CNT update my google play service,1
Worked on first try but then..... Then after 1st ring tone it would only load 5.92 seconds of every song. Useless. I have a Galaxy Note II & I would think it would be common enough to work with most apps but apparently not this one. If the folks who made the app have any suggestions & can make it work I will be happy to change my rating,1
Drains battery,1
This app used to be the one app I recommended to everyone  but it said I needed to update and when I did it quit working. I uninstalled / reinstalled to no avail. I disabled screen overlay for everything and made sure location permissions were on. It doesn't show me what I'm looking at anymore just random OR I can manually input something general. But I can no longer point it at something and identify. They ruined it.,1
Great app. Have used it for some time. Unfortunately  started crashing every minute. So frustrating. Had to finally uninstall. Can't give higher rating until latest updates get fixed.,1
Didn't read epub files I have on my phone. This app claims to be a reader however I cannot take in files you already have on your phone.,1
Cannot perform initial setup After clicking connect to Facebook and clicking OK  app loops back to prompt asking if I want to connect to Facebook... Can't setup,1
Never Performs Right Reported problems on Asus tablet back in April  I see nothing has been fixed.,1
Boos athui,1
Doesn't work with passcode I have my device secured with encryption and a password. This just doesn't work unless you have swipe to unlock :(,1
Does not work Says that it can't find Kodi anywhere on my network and yet I'm watching it as I type this review. Seriously?,1
Voice capture does not work! Every time I use the voice capture function it stops working and kicks me out of the app. Sucks!,1
No info found Went to Dropbox & wasn't able to see my information,1
I THINK THIS APP IS REALLY STUPID LIKE I DON'T KNOW HOW TO REALLY DOWNLOAD GAMES I WANT RESIDENT EVIL 4 BUT THE STUPID PPSSPP EMU PARADISE WON'T DOWNLOAD IT THIS APP NEEDS A LOT OF IMPROVING TO DO BEFORE IT GETS MY ATTENTION.,1
Hate it Installed  synced multiple times. Codes never accepted.,1
Junk Did fix anything,1
Dar essalaam,1
Good Good,1
YOU DON'T EVEN DESERVE 1 STAR FAKE FAKE FAKE FAKE FAKE FAKE FAKE FAKE FAKE FAKE FAKE FAKE FAKE FAKE FAKE FAKE FAKE FAKE FAKE FAKE FAKE FAKE FAKE FAKE,1
Pablo u need to filter ur contact list to show only those from ur google account. Its in contact settings. Otherwise awesome app dev! Hope u got my feedback suggestion,1
I do not like it It is stupid and foolish,1
bal bal,1
Dood app not sogood,1
"Wtf game I got this message that said """"""""""""""""""""""""""""""""it's just like minecraft"""""""""""""""""""""""""""""""" than it exited out Same thing happened again !""""",1
Money School fee,1
It better,1
Terrible Looks very amateur  considering it's from Google. Why not a mobile version of the Sky feature from Google Earth with high definition images instead of that plain blue background with dots on it?,1
I can't even update the app on my phone,1
Wahiyaaat yakkkk,1
Baddest Baddest emulator ever multi touch is not working in this app. Delete this app from playstore,1
Its not working,1
Going to view messages crashes the app Used to work  doesn't anymore,1
It's not working in my phone it's a bulshit all fake,1
Hated it Hated it crashes all the time,1
I don't use it and it keeps popping up to make me set it up. No way to stop it trying to set up for use.,1
Piece of * Consuming all my storages,1
Really It consumes a lot of RAM...if it could be improved to a stage were RAM consumption is little,1
It doesn't register as even being on the phone so when I find it in the bin strait away,1
PPSSPP The best,1
Troubleshooting- can't deactivate once activated I have trouble with removing this app please fix. I need to deactivate it first  but when I want to deactivate it from settings&gt;lock screen and security&gt;device administrators&gt;Ac display  it always crashes. I already tried restarting my phone (Samsung S7),1
I cannot open YouTube app it's closing unfortunately . even sync error all the time . my device destroyed already with it dmn,1
Does not work correctly on edge 7,1
Cant download n install it,1
bad,1
Doesn't work,1
Randomly f's up most of your apps,1
Because it keeps on downloading every song from the artist it's b.s. only downloaded two song from the artist and it downloads every song,1
Always says 403 forbidden. what happened? I can't open my account! I have already linked it to my gmail  but nothing happened always says 403 error,1
Chhotelalbind421@g mail.come Amit kumar,1
Oho Thats so good,1
"Latest update broke the ability to download any apps either by Wi-Fi or wireless. Just hangs and says """"Waiting for network"""" on ZTE Axon 7 with latest Nougat upgrade",1
Note 3 This app is way too complicated its not even worth it,1
i hate this stiker Please urge your company to remove the stickers as insulting to Buddhism here. And indeed worried about what to include such,1
Very bad app Worst ....,1
"I hate sticker in this """"""""""""""""Please urge your company to remove the sticker as insulting to Buddhism here. And indeed worried about what to include such""""""""""""""""""""",1
Dat bullshit,1
Pshhhh I have a Samsung S6 and everything is an error!,1
Worst Don't download... Waste of time,1
Not running in my device,1
Does not boot or open games Tried booting up the bios  but it crashed. Same thing happened when I tried to play Seaman,1
Does not work Widget just brings up settings menu when added to page,1
Hated it this app,1
Can't stall! Error unable to stall superuser. There's no currently superuser apps policies.,1
Update trouble Reduce the size of this useless but essential app,1
2013: loved it  can't wait for it to be finished...5 stars 2017: wow  still an incomplete game...glad I lost hope back in 2014,1
I don't know What is a zim and how to download the offline read please reply,1
Takes up to much space on phone thust slowing it down,1
Werdo berdo app DUMB DO NOT USE IT,1
Its sucks Make it work on my hp,1
It doesn't let me update apps Can't find why & how.,1
Where did Samba support go?? I used to be able to access my network shares through amaze  now I don't see any such option or setting anywhere  did you guys remove it for some reason?,1
It's not good,1
Doesn't work couldn't even press finish once I opened the app,1
All false predictions. Hello owners of this app....i want to talk to u..,1
Good features (in theory)  but not much use when it crashes so frequently.,1
Boooring Its content is blank,1
broken i installed it along with orfox  and a few alternate browsers that offer tor integration  but it won't even allow me to open any website or link,1
Hate it! Why do I need your messaging app? Why do I need to download your messaging app to replace my stock one to restore my sms backed up in gmail.. carp!,1
Ranjeet Chauhn,1
Nice Good,1
Didn't solve the issue When I get connected to WiFi but no internet  this app should solve the problems but nothing seem to work,1
This app s***s Don't even recognize the barcode,1
Waste of installing Playstore is waste fit for nothing,1
I have a question Does this work for 5.1.1 androids or a LG k7?,1
I hated because I kept dying for no reason and it's just not fun at all.,1
Rating down till addition of feature Really appreciable work.. there should be option to input consumed minutes in plan setting. Also option to select multiple numbers at a time/ select contact group in number groups needed,1
Update broke it,1
How to remove the error,1
App filter my channels  I'm 30y  I know what to do Not protect my privacy :(,1
cant log in 😤,1
Nice try FBI,1
Why is this tsking so long,1
No good,1
Pathetic,1
A lot of pauses in the system,1
Unuseful This app is very unuseful app.dont download it.this app made idiot,1
Nhi app is working,1
Ruined!!!! Looking for another shopping list app now. Worked great until the update.,1
Poor....,1
Ketan,1
Widget broken Doesn't update,1
Reinstalls itself after deletion thanks for taking up space google!,1
Consumes high battery After update battery reaches to 15% earlier by 2 hour,1
What on earth is going on with the new layout/design of this app? It's been materialised.. however.. theres now TINY text  and MASSIVE spaces of nothing-ness for now reason.. I have like 25 codes.. and can now see 5 at a time.. Can someone at google actually try installing the app and do a quick test before releasing it? Its terrible now.. It was fine before. Please put it back to closer to what it looked like before  as the current version is a mess.,1
Slow,1
Eh One of the enemies is from hexen,1
Useless daily update just hate it,1
Glupost,1
Just a crap app Google should improve this ugly big monstrous app or drop it,1
Tweaking and tinkering needed. Doesn't work straight out of the box. For a paid application  my expectations are that everything works 100 percent. This is not the case here. Most features won't work unless I configure the app in a special way  and/or root,1
This is not working in Moto z play Plss. Query why it is not working,1
Very slow You cant even play pokemon,1
Stopped working after update Screen frozen,1
App do nothing App do nothing,1
S5 Doesn't work on S5.,1
SUCKS!! It fixes the wifi for the use of other devices  but stops the wifi from working on your device it sucks !,1
How to use I have s5 and i dont know how to enable this,1
"New version not working After a long time of great results using this app it has now suddenly become useless! Permanently stuck """"""""""""""""upgrading database""""""""""""""""""""",1
Hang after installed,1
Can't install app. Like wtf bad update,1
It is stupid,1
Hogs up a lot of internal memory Takes up over 250MB of memory.,1
what? Why is it so hard to play games Why Can't This Be a normal emulator where you find the ROM why do I have to create a folder and then put another folder in that folder and then put something in that folder and then put the rom somewhere in that folder it's so confusing definitely not using this app 0 Stars,1
How does this work,1
Balaji Cumbum,1
Stop giving inbuilt compulsory apps,1
It crashed Right in a middle of a good comic it crashed:-( :-( :-( :-( :-( :-( :-( :-( :-( :-( :-( :-( :-( :-( :-( :-( :-( :-( :-( :-( :-( :-( :-( :-( :-( :-( :-( :-( :-( :-( :-( :-( :-( :-( :-( :-( :-( :-( :-( :-( :-( :-( :-( :-( :-( :-( :-( :-( :-( :-( :-( :-( :-( :-( :-( :-( :-( :-( :-( :-( :-( :-( :-( :-( :-( :-( :-( :-( :-( :-( :-( :-( :-( :-( :-( :-( :-( :-( :-( :-( :-( :-( :-( :-( :-( :-( :-( :-( :-( :-( :-( :-( :-( :-( :-( :-( :-( :-( :-( :-( :-( :-( :-( :-( :-( :-( :-( :-( :-( :-( :-( :-( :-( :-( :-( :-( :-(,1
The game is too hard to beat.,1
I use to love this app but once I got a new phone  it became a pain in the @#$! Its been 3 months and im STILL getting booted out of it,1
I liked it before it started pushing news notifications. Now  yeah  I'll just get NPR News through my browser. Applications and services need to learn the difference between marketing themselves and being overbearing.,1
No,1
This app is bad it teaches kids to talk back that's bad😥😷😭😲🤐😴I started throwing up everywhere when I was using because it is so bad.,1
Not working,1
Fxcking permissions are ridiculous!,1
I think it is so slow,1
Bad app It's too slow the mobile speed like hanging fast,1
Waste of time! Always crashes!,1
Bekar hai .... bilkul bajwaas no working app for any peoole,1
No seeds and almost no peers so I can never download a single movie even new or kinda old popular ones  also ads everytime I leave is making this app really avoidable and time consuming.,1
bql,1
Could not browse for files on note 4. useless app.,1
I can't install google play service!!!!,1
Update runs in background I don't like non essential apps running in the background at all times. Uninstalled.,1
Very hate this Google Apps Tnx for this fake products,1
Not that good at all 😠 Barley has music that u want 😑 there's no albums no nothing not even new songs that just came out like starboy -.-,1
Lel,1
What the fuck,1
Useless SMH,1
Bar bar uptad nhi chalga Teri maka bhosda,1
Doesn't work,1
very bad bad bad bad,1
Not workable Doesn't work for messenger and few apps. I use this app to avoid facebook msg and notification while doing some work on my phone  but still able to get the fb message. Using rooted note 4. Sometimes it completely blocked the Internet access for all applications. Installed external busy box but still not usable.,1
Cannot be used,1
Oi safe It is next to impossible to backup or export the files. I will be dumping this app for anything that is easier to use.,1
Nobody tells me what stories to read. Won't allow push notifications to be disabled  so this app is being uninstalled. It's a shame  too  because NPR is one of the few decent news sources left. Get it together  developers.,1
Drops connected Frequently stops playing and has to be manually restarted.,1
Interrupted some other more important things,1
Kill yourselves,1
It takes up too much space.,1
Can't Enable No setting in security to enable widgets. How do you enable on lock screen??? Only got it to work on one of my pages,1
Devendra Yadav,1
Bad R (hold) + circle button . Don't work ...,1
Hardly worked at all for me. WiFi Keyboard+Screen Capture does much more.,1
Very bad,1
What happened? Where is search by adress? I can't search by adress like I used to. It's all POI. Please  help me find normal search by adress! The way it is  the search is useless! OMG  why did I update this app? It used to be so good!,1
FAKE,1
Bad user interface Hi there  I tried to use your app on an S6 when I really need an app like this for a small home project but yours was hardly usable due to colors. You shoud make that buble white  or other color  so it should be contrasted with that blunt gray backgound. Because the buble has no evident color I eas strugling to see how acurate is its position. One star  because I couldn't use your app when I need it for the purpose it was built.,1
Mmm I don'nt like to update,1
Please Fix Pictures that are picked are not centering properly. Please fix was working great not too long ago. Nexus 5 (latest build),1
Inconvenient update. Update won't process .,1
Useless,1
No need for upgrading this app...still have to....makes me frustrated,1
Like Shit,1
Snooze doesn't work Whenever I hit snooze it merely resets the alarm to the next day rather than 10 minutes later. Useless.,1
Can't save attachments,1
I hate it,1
trash overly complicated install  not user friendly at all.,1
V bad,1
LOCK screen doesn't mean leave it unlocked The Lock Screen is there for a reason. To LOCK the screen. Anyone leaving their device unlocked is asking for their information to be stolen. Not happening with my device!,2
Limited No tabs. Can't keep track of passwords. Slow. One shot deal for one machine. Start Page gives better results. Your ISP  OS and apps track you  so don't think that this is going to protect your privacy. OK for Tor  but might as well use Orbot if you know the URL.,2
Nice  but Cannot write on SD Card  you should use the damn Android APIs for this  they ask the user to authorise SD writing and then it should work.,2
Didn't work for me... Promise,2
This application is really cool.,2
Not showing graphic  very poor version of PPSSPP Extreme poverty and not working according to which we love download PPSSPP gold version from Google APK mod h*** get the description in the given link this is very poor S first of all and hated it because it does not show graphical anything vs black screen and some buttons nothing else,2
It,2
Google user,2
App is not working after restarting device,2
Cant figure it out yet,2
1 problem Can I change permalink of post in free wordpress blog?,2
Help Need help with the bios,2
Weak app U need to visit your graphics,2
What happened? Used to be real great.,2
Problem I can't add image from my album,2
This is not working properly,2
Good,2
I cant figure out how to add the rage faces. If you can help with this I will rate 5.,2
Where is kashmir???,2
The stupid app download things. The app things on the bottom of the screen covers the menu button :-( :-( :-(,2
It didnt update when i tried to update it,2
Cant Save or open settings,2
Mamo Ami thikh hai ap apna khail rakha karay,2
Having issues App keeps crashing  just out of nowhere,2
Functionality Problem First  I absolutely LOVE npr. I usually listen twice a day for an hour both times. This app  however  has some serious functionality problems with streaming/buffering. I take the bus to work every day and it is constantly stopping to buffer even when I have almost full bars of 4-g service.,2
Aqua Q7,2
There's not really any songs on here,2
I used to love it  but it is broken in Marshmallow.,2
I lyk it,2
For now I don't know what's happening because I update this everyday but non of my apps working,2
No keyboard Was the only reason i downloaded it,2
Still struggling to find all pictures and folders. Sort by date not working. Love the concept and the minimal permissions. This would be the replacement for QuickPic except for one issue - it doesn't display all of my photos - about a third of my pictures are missing from their folders  (.jpg and .png). They are shown by other galleries  and shown by Simple File Manager from the same developer. EDIT▶v2.2.1 shows missing pictures  but the folder picture counts are incorrect - they're not equal to the number of pictures displayed in each folder  but show the same number as before this update. Also some folders are not shown. EDIT▶v2.2.2 Retrograde step - back to missing at least ⅓ of pictures. EDIT▶v2.3.0 Now finding all the pictures in each visible folder  with correct picture counts  but not showing all folders (they have not been hidden). Sort by date not working. EDIT▶v2.3.1 no improvement.,2
Nice,2
Put,2
Wordpress App is bad. There's no comfort in posting through it. Most of the times  you can't even see your draft  sometimes your draft gets automatically disappeared after you have written 4-5 paragraphs. The team seriously needs to work on it as mobile posting is no longer a privilege  it's a need.,2
Why do you treat different countries differently? It's not fair.,2
Terrible routes From hackney wick to Limehouse you cannot not suggest the canals tow path. Tried to plan from there to the Thames barriers and what suggested cannot be the best route.,2
Possible overpermissioned app creates security and privacy issues ... App requires permissions not required for app function. App acquires perms for PRECISE GPS LOCATION and PHONE STATUS & IDENTITY INFO (call logs etc)!!! Why??? DEVELOPER NEEDS TO EXPLAIN NEED/USE OF ALL PRIVACY SENSITIVE PERMS!!!,2
Error Error 507 😰😢,2
Eh Er,2
Always crash When renaming & deleting a file  it always crashes,2
Rana Friend,2
Its not instoled when i want to instole i dont know the problems.,2
Talkback It was too much into things. Loud and constant. After 10 minutes of use it was gone. Would like if only talked when you asked for info or when needs arise,2
Meh,2
great app try to add picture.. but got error result... 😭😭,2
Keeps crashing I couldn't make the app work on my device  I encountered constant crashes.,2
Pls release update ver. ASAP. The switching button won't working and THAT IS VERY IMPORTANT FEATURE AND VERY VERY FREQUENTLY USING ONE..SO DON'T MAKE DELAY TO SOLVE THE ISSUE... waiting for the reply.,2
This app worked for awhile and then totally stopped,2
It is very good,2
No cloud sync  not that useful.,2
Needs permission from all Facebook friends to gain access. Nope,2
Not want I wanted Disappointed,2
Pretty good Works well for the most part  but playback during downloading causes the songs to stop and start over from the beginning. HTC One M8. Edit 5/9/14: now downloads two copies of the first and last track of every album to my device. Annoying. SD card problems still not fixed.,2
Was great to use but now it keeps crashing.,2
After 5 minutes i couldnt take it any more. Unbearably slow,2
Okay,2
Not nice,2
Happy,2
Works fine initially  but doesn't seem to play well with all of my apps and sometimes needs to be turned off so that I can connect to the internet at all  which is rather frustrating  as I still appear to be connected to the internet.,2
Minta puji 😑,2
pdate every now and then!,2
Functional at Best. Use Authy app instead This app is the minimum you would expect. It's functional  but that's it. If you want cloud sync to your computer  or just a backup of your codes in case your phone is stolen  or you want to switch phones without resetting your two factor authentication codes for every account  use Authy app instead. I also prefer Authy's UI  but that comes down to personal preference. Google Authenticator would have a smaller learning curve.,2
It is missing the dc_boot.bin Missing the dc_boot.bin,2
300M Home Wifi to download OSM Map data 94MB for 1 hour!!!!!,2
I have been updating this app for more than 8 times it can't install n my data is gone.this new version of urs is killing me cz it blocks most of the apps in my tablet after updating it shows an error sign on top of the screen,2
Vijaya,2
They r showing many times the msg which r causing lot of disturbance,2
Difficult to use for new users,2
Bad app.,2
"Content is nothing but """"""""""""""""progressive"""""""""""""""" manipulatory propaganda. I have better things to do. Uninstalling.""""",2
Torify doesn't work [Model: Zenfone 2 ZE551ML] Tried to connect using VPN. Sadly the service just hangs and doesn't find nodes. Oddly  it otherwise works on Marshmallow. Reverted to Lollipop and the problem appeared.,2
Nice but... Sometimes it takes a while to show the notifications after the swiping effect. And I would like an option for it to automatically swipe when a certain notification comes.,2
SAMADHAN BHAU Best app 200 mb,2
Gulabsha,2
Soooo sloooow.:( Even on tegra note 7 tablet.,2
Please add parameter to the new habbit  called minimum count of hours before next repeat.,2
Awful 90% of what I search is not found. This app used to be pretty good now it's so aggravating. After reading reviews I see developer only responds to high raters. Offering no help. Well done ass.,2
Siraj,2
Prime Example of What's Wrong with IT No user documentation in android app. I'm sure it's a powerful math processor for GEEKS AT GITHUB  but distinctly unfriendly to the average consumer.,2
Fails to update binary. Says something about signature not valid on reboot.,2
Too difficult to understand This was too much information and very difficult to use,2
Best wikipedia,2
Looks good...but Have to keep calibrating. Not sure what the sound icon does???,2
Hi. .. Thanx for your reply.. I've tried reinstalling but it still doesn't auto restart.. I need to open the app each time to activate.. 😢.. Hopefully it'll work on the next update.. 😀,2
Isn't working Currently crashes when booting the DC bios,2
Decent It works okay  but very choppy video and there isn't a setting to fast forward the gameplay.,2
Not fast,2
Not working any more Is it just me?,2
Mapurisa Today wry wwsr,2
Backed up message email recipients wrong Each message I send and receive gets backed up  but the emails that are created don't show the correct recipients. How do I get you more bug information? Galaxy S6  Android 5.0,2
App keeps crashing  wallpaper apply button doesn't respond. app is restarting all the time. Please fix this issue. Im LG-K220 (X-Power) running Android 6.0.1,2
No retrieving options The only thing it really moved was the camera photos. Once they are moved there is no way to retrieve or view them. Might as well just delete them.,2
Barcode scanner is FAIL Couldn't ever managed to scan barcode from my laptop,2
The songs will not download anymore. It used to work fine. Please reply and I will Rate 5 stars if problem is fixed,2
I'm not getting notifications,2
Can be better Patterns are meh and majority of pictures have blue color:/,2
Selling Perfumes,2
Key pad is screwed up.,2
Problems syncing with multiples email and game accounts,2
WTF!! Can't download a game!!!,2
Abdirashiid Maxamad,2
Sad It used to back up all sent as well as received now it's just received,2
WHY Do I Need This App? To Open My G MAIL. LOCKED ME OUT DUE TO A REQUIRED UPDATE.,2
Gud,2
Used to like it Crashes constantly. I also don't understand why i cannot move emails in trash (deleted in error) back into my inbox! Its just not possible and should be! In the trash can they cannot be fully loaded or replied to.,2
Editor is missing not even half the functionality as the one in the web browser. You can't even add a heading or set the font size. The only way to do it is by going to the HTML editor and add a tag that way. The only good thing about this is being able to manage posts  pages and comments (move or remove them). If you want to edit posts or page on your phone or tablet  you're better to do it another one and copy + paste it in using the web browser admin panel.,2
Annoying,2
Very annoying Every time youtube or something updates i have to update this and this takes a lot of storage!,2
Mi4i Uploading very very slow,2
The editor is very poor. I cannot add links and I cannot upload audio files,2
Killing my battery on Pixel XL,2
kolay kolay,2
My posts are not getting uploaded in it,2
Not accurate Not sure what algorithm they're using  but a habit is known to take about a month to develop - this takes far  far longer. On day 43 of one and only at 90%  and based on the rate it's slowed down to I expect another month at least until I get to 100%,2
Updates every 24hrs? Daily updates??? Seriously what has the dev been doing for 2 years prior to this. XDA holds the key. Legacy.,2
Log Need some bug fixes,2
Loved is app was run good I liked,2
Notification Problem After recent update  the message notification and the message itself loaded into my phone only after i turn on/taps the apps. I hope the message problem could be resolved ASAP.,2
I would give a higher rating if it had a compare method for weapons  a visual look of the weapons and if! If the armour maximum of all pieces wasn't so incorrect.,2
I go storage/emulated/0/ and look for the downloads folder only to find its not there. What's up with that? My file manager finds it just fine. Useless app for me.,2
12 I like this Google services best app,2
Not functioning properly Ever since i rooted pjone the app is not working at all....my background shows black screen only....and the app says retry....but there is no connectivity issue as well,2
R Rk,2
Has no irc command Or autocomplete,2
I downloaded a few songs that I wanted to download from my favorite band but after I downloaded those songs it started to download songs from said favorite band that I didn't want to download fix it and maybe I'll reinstall it,2
Bad,2
Absolutely slowest camera I've used. Seemingly no auto focus  camera takes 3-5 seconds after pressing the button to actually take pictures. Other than that this app has great potential,2
cant find clash of clan sv,2
Doesn't work on KitKat Doesn't work with Galaxy S5 KitKat 4.4.2. It will only state 1mA if charging and 0mA if not charging.,2
The Books' stories are Interesting But the puzzles and controls are too difficult even for the Tutorial Book. I found all the masks expect the black one  I've tried everything but there is no way I can retrieve it from the edge of the mountain. The controls are confusing but still I tried Everything  but I am STILL stuck in all the stories I've read: Tutorial book  Medium tutorial book  and the Detective book. I dunno what's wrong but I can't solve them  So I'm Uninstalling this app.,2
Khienandab Khien12345,2
Google Team can you please tell what does it do,2
Not a fan Not a fan of this. My all day events dont show up on the correct days. Tried changing settings and keep re checking ive entered the date correctly but somehow the dates are still not right. Was looking forward to using it. But not now if my dates cant even be corrected.,2
Functionality lie. It doesnt scan the barcode it just google searches the number under the barcode. Usefull when lazy.,2
Notification issue on nougat. After the update no notifications show up on my oneplus3,2
Can't do ad hoc mesh connections without Root  not going to risk rooting and bricking my phone.,2
My. Sim phone contact neembars,2
Seems to be a good app for the people who are using it. We that do not find it useless but we are not allowed to remove it. For cheap Android devices like mine  every MB is valuable and this app uses too many!,2
Good  but needs filtering options Works really well  but is a bit annoying how it lumps in composers  conductors and bands (orchestras) in with the Artists. These are separate fields for a reason  and to lump them all together makes searches longer and annoying. This app needs to allow filtering of what appears in the Artist list. UPDATE: I couldn't stand the endless searching through reams of conductors and composers  etc  so finally took the plunge to buy Squeeze Ctrl. Problem solved. Shame they couldn't fix something so simple  but hey  you get what you pay for  and this is free.,2
Emoji Harrow right now Emoji Harrow right now,2
What is this ??????? It is a junk,2
Worst thing of google,2
Unexpected dungeon review Just unappealing and uninteresting  I need a game that keeps me focused and entertained,2
I dont now Is loading and open one screen and I click start but isnt open.i dont know what I can do?,2
Its eats my memory and battery.it need lots of improment,2
Update brings major bugs  please bring back old version 1. If switching from portrait to landscape and back half of the page becomes blank 2. Search function does not work anymore 3. External links don't open in browser,2
Aa,2
Crashes when trying to message Crashes everytime when I click on message. Otherwise 5 star. So please fix.,2
Used to run great  now doesn't work on lollipop Please fix it I love this thing but cannot get it to work after upgrading to lollipop,2
Google play services App needed to b updated but wouldn't update.what a waste of battery trying to get it to update,2
I can't get bios help Five stars if helped,2
Telegram is not a Indian app,2
Nice,2
Thanks for this Very nice,2
This is pagol marka,2
Can't load config Why i can't load config (.ovpn),2
Fairly Good,2
Why mess up with a good thing All got screwed. No zoom  long hangs.. It is unbelievable how such a broken version is released...,2
"Unhelpful error messages Getting """"""""""""""""transport exception error occurred"""""""""""""""" I know it's not my credentials because I'm able to use the command section of the app just fine. Would be nice to have more info to troubleshoot""""",2
View site button is gone? I use this app all the time. After the last update I can't view my blog anymore. Frustrating  I hope you fix it really soon.,2
Got to do better Does not launch. Samsung Galaxy S5,2
Doesn't provide any more info than device itself,2
App balloon or number badges damaged I don't know why  but my app badge only show 2 notification on homescreen instead of real messages.,2
Only Bad!!!,2
Not working? Says cannot link executable. Did the nmap download... Still not working,2
how whenever I open this app  its completely blank what should I do,2
No safe,2
Sethi Pinku,2
Almost there Buggy page turning  no pinch zooming. However  what is making me start looking for other is that it was reading the contents in the wrong order for this last book.,2
Nice Of course,2
Won't allow me 2 update,2
I would like it more if the app would update and let me see my emails,2
This new update is terrible. App crashes before it opens. Please do something about it.,2
Boring,2
I hope I hope it can be used as background sound with any kind of app we running  cause sometimes it is forcestop when I am studying with my gadget  using wakefulness relaxation for studying  which  of course I will open up file manager  plus browser for searching informations on my study program.,2
"TOO MANY ADS I've been using FrostWire for 4 years  2 years ago I said it was """"""""""""""""the best thing that happen on the internet"""""""""""""""" but now it's just like BitTorrent with a tons more ads. My question is what have change from a free app with no ads to being ads app and pay for app""""",2
Anuj poonia,2
As Yes,2
What happened? Only word are being loaded and refreshing doesn't fix anything.,2
pdjose@gmailcom 19560113panji,2
Very slow became,2
Won't get messages. It won't show all texts. Have switch between this and the stock SMS app.,2
Can't Play Any Games! God! Can't Play Any Games Like House Of The Dead 2 'cause The .cdi Can't Accept It In The System! And Also Has A Hassle! Can You Just Change On How It Goes... How About Just Directly Play Any Zipped Dreamcast Games Or .bin Filed Dreamcast Games On This Emulator!,2
Overrun by adverts Unusuable now due to ads shame use to be great,2
the only best problem is that of crashing it crashed when reache to a particular place,2
Needs a remodel.,2
Horrible theme settings,2
Sort of annoying It is useful for communication not much else  secure communication is not one thing I would use this for,2
Its not better,2
Good apps I want to use,2
Still soooo slow. It would be a great app (especially with this minimum permission) but speed is still an issue. Sometimes only a grey background is shown for seconds  could not load pictures quick enough.,2
This time the emu is not working on KitKat 4.4.2 why,2
Useless without the extensive instructions on the webpage The app doesn't look very complicated but it is impossible to configure without having studied the instructions on the webpage! The UI and descriptions of options are confusing and everything but helpful :-(,2
Still don't get my notifications until I actually open the app. Never had to do that before,2
About updates Because you removed the speak announcer day by day you update more but do not remove previous updates,2
Chutia application hai. Sala 350mb space kha leta he.,2
No sound No sound!!,2
Good enough... Really good enough as according to the space of this app....,2
Will not download songs someone needs to fix this,2
Big issues Can't zoom in/out when reading pages are not centered.can't go to next page and sometimes it gets stuck in the middle of both pages.,2
Doesn't work Cant connect to VPN,2
ADD MORE SONGS,2
How do i do the bios i already downloaded games Pls help me icant play,2
Doesn't always work. It scans but nothing shows up  which is annoying.,2
Won't work,2
It's gotten so bad with to many notifications  plus it's running the battery down which I don't remember it doing that in the past. It's sad bc it didn't used to act like this & I really like most Google anything. 😡,2
Abandoned Says updated biweekly but hasn't received update since March 2015. Plays music but lacking in basic features such as lockscreen controls. Widget does not update as track changes.,2
Nice,2
Hinby Rate this,2
But it's not on Amazon... Dependent on Amazon's database. Books by other publishers only scan ISBN number but give no information.,2
Photos vs videos Photos are very good. But video recording is very bad. :/,2
Recycling the Same Photos Why does it only recycle through the same few photos?,2
Update,2
I don't even. Use it,2
brysnm good,2
app this app so easily hac by another app soch as teletak.خیلی راحت توسط اپلیکیشان های دیگه هک میشه مثل تله تاک,2
Men Cool man Happy father Happy father Happy father Happy father Happy father Happy father Happy father Happy father Happy father Happy father Happy s Happy father Happy father Happy father Happy father,2
SGN3 w/KK4.4: Won't write/paste to external sd (browse/copy only - which is functionally useless). If you took the kitkat update  don't bother looking here for a solution.,2
Use to backup automatically but since long time now auto back up is not at all working .need to do it each and every time manually. Try to fix it asap. or we need to look for others,2
Goodbutnot perfect,2
Its not working I dislike it because it sucks like hell it didn't capshin my face right an it sucks,2
could not connect rx100-m3 connection fails when trying to use from within blackberry os v10.3. query for network password comes up but nothing happens after entering the password. note that the rx100 m3 doesn't seem to have an option like 'control with smartphone' so i've tried other options like smart remote...,2
Plz add audio call,2
You tube won't run unless I update it,2
Fps I tried to use pokemon blaze black but it WAS giving me like 12 fps! Please fix,2
Its hard It feels like the game is just trying to kill me because I either die from enemies or lack of essential items,2
It is not downliading,2
No HD channel number entry Can't manually enter US ATSC channels like 2.1,2
I can't select the music I want it to transfer from my phone. It shows the files and opens them  but not the contents.,2
Not deleting old episodes UPDATE: Dec 27 - The problem I had was that new episodes weren't being DL because the old ones weren't actually being deleted from my phone. Even tho I set it to delete played episodes and they were still on my phone but not available through this app unless i re-DL the file. Need to manually delete the files using a file manager. *****DEC 26 2016. It's not downloading new episodes suddenly. I thought I should update it but that didn't help.,2
"This is a great source of information. I would consider some changes in it:- 1. When the page doesn't exist  then please make it as soon as possible. Also if the page is not there  the app should inform that it is not there. There are many blue links but the page doesn't exist and when it is opened  only buffering circle can be seen there. 2. Please provide all the services of wikimedia  if not able  please provide the most essential in this app itself  like wikitionary  wikiquotes  wikisource  etc. Please provide them as widgets or try any other thing that would let the user use all of the wikimedia services in the same app. 3. Please provide the """"categories"""" pages. I have surfed through many pages where category is written. The page has always opened blank. Please provide the categories pages in the app as you have done it on the browser. 4. I love to read articles and gain knowledge. I liked the concept of reading list but I would appreciate it if you please provide a backup in google drive so that whatever article I have saved under the given caption  they should be saved as it is in google drive under same caption as they are given under the Wikipedia folder in google drive. 5. Please provide reliable links for the books. In some articles  the link goes to that page where either the there is no access or there is no book as promised by the link. 6. Please link google id to the wikipedia so that users don't have to make wikipedia. This would also serve the purpose of google drive backup. 7. This is very important. Many books are not available on wikibooks. Please consider to upload the books that can be uploaded in wikibooks as soon as possible. It is really disappointing that after we open a link and we find either no book or some chapters are missing or some pages are missing. 8. I would highly consider to make the wikipedia search engine better. Please provide wide range of keywords so that the desired article can be accessed. These are some generous suggestions to the wikipedia team. I would be extremely happy to know that you would have considered my suggestions. If you have a better option to make available these services  then please do it. The efforts that you have made to available the world's knowledge at doorstep is highly appreciating. I just wanted to make it a little better.",2
Notification issues Can getting notifications to work,2
A lot of viruses. Also  only works half the time on mobile devices.,2
Cant publish my blog! Always saved as draft,2
I can't upload pictures to my posts.,2
Didnt worked on Asus Zenfone 3,2
support for oneplus one please add support for oneplus one thanks.,2
"sync troubles Synchronisation will randomly switch off and be """"""""""""""""disabled"""""""""""""""" until I go into the settings and turn background synchronisation from """"""""""""""""always"""""""""""""""" to """"""""""""""""never"""""""""""""""" and back to """"""""""""""""always"""""""""""""""". WTF?!""""",2
Worked for years but not anymore,2
Afsal p.u Bad,2
Useful but... Please tell me how to back up my side of the text conversation.,2
Fun but WAYYY too hard,2
Stays at a blue screen Please help the game just sits at a blue screen,2
Can make it main lockscreen htc one (m7) I don't know how to make it as my main lock screen it shows up as a widget and I have to scroll over to it if I want to use it. Any help on fixing this issue would be much appreciated,2
Too slow and won't level up pokemom Too slow and when I play pokemon black 2 my pokemon won't gain xp,2
Not have auto reading Sad,2
Improve more.it is not working proper.,2
Great app but has no sync of saved generators  which renders it useless.,2
LG G4 Worked very slowly. Gave up before it even finished,2
Needs guided view like other comic apps.,2
All,2
Doesn't work for remote files! Keeps saving a new local copy and loses the last change I made.,2
Skips or restarts songs I bought the license and have an excellent connection  but it still has a hard time streaming mp3s. I can play music flawlessly with Google with half the signal. And pinning the music first doesn't seem to help... Wish this was a little more polished.,2
Just a shortcut to the browser This ask for permission for your camera and your location but it doesn't give you the same thing you can get off of Google Chrome by just going to the Facebook website this app is merely BS while trying to tell you it's protecting you it's not giving you any more options you are just using the website so basically you're downloading a crappy browser!,2
Laxmi lal,2
Nice Beautyfull Apk..thanks by bdfixed24.wapka.mobi,2
I'M FROM ENGLAND!!! NOT USA!!!!! I want to love the product and can't stand Google BUT STOP GIVING ME C#$P FROM AMERICA!!!! I've changed every setting I can but all it seems to do it pull stuff from the USA. Grrrrr,2
Was good  but lack of updates killed it. This was my favorite browser  but it no longer receives updates and has too many bugs to be useful.,2
Crashes everything I saved in-game Work okay for a little while  then it closed as soon as I tried to save in the game. Saving states worked for a little while  until the game I was playing required in-game saving. Fix this.,2
New update sucks... After update.. WordPress site and admin panel is opening in a browser. Every time I need to login.. So why I use WordPress mobile app. now there is no need to use the app. Old version is better.,2
Nice Good,2
Don't download,2
It won't update I tried a million times but nothing,2
Kaloma Very good app,2
I have been using this app for a long time actually across a few different phones  but recently it seems to be broken. It only registers about half the tracks I play. It used to work fine though.,2
Does not clean Cache. It shows how much but does not clean. I run scan then go in app..still has cache?,2
Htc user Please check urdu  all alphabet on wrong keys,2
Jamal,2
"Help Please. My Nickname contains """"""""""""""""""""""""""""""""[ ]"""""""""""""""""""""""""""""""" and it's saying the nickname is invalid! Is there a chance to fix that??""""",2
"Sammy S5 Worked well for about 2 weeks  then started to show WiFi """"""""""""""""""""""""""""""""disconnected"""""""""""""""""""""""""""""""" and in the notification bar it tells me I am connected to mobile network  but when I check my WiFi settings I am actually connected via WiFi. What happened? Why did it change?""""",2
Whenever I play my game the screen turn black and come to menu every time i play.,2
Doesn't save over original file As said in other reviews  this app saves edits in another place  with no customization options s to where our gets saved. I want an ODT editor that works  this wasn't it. Uninstalled.,2
It is not very bad,2
It didnt works on lenovo vibe z..fix please.,2
Not working on nexus 6 Not very reliable on lollipop... Or I haven't set something up right,2
Again and again update error,2
Piece an Board style There is no option to select different piece and board styles,2
Not working on nexus 7 with lollipop,2
No menu button Menu buttons are Android standard at this point  bad dev practice here,2
"Geht nicht für die TU Dortmund Die App kann leider nicht die Karte der TU Dortmund auslesen. Es steht nur """"""""""""""""Communication with Card failed""""""""""""""""""""",2
Wtf Could be a great game but takes to long to get anywhere. Can't buy gold and as you only earn small amounts it takes for ever to buy healing potions. Boring and very frustrating. If iam wrong please point out why and I may amend my view.,2
Terrible Lags for no reason get DraStic,2
"Says """"this version is deprecated  please upgrade"""" and no longer scrobbles. Help please",2
It was great before the newest update. I Loved this app until today's New update. The pictures are huge and you can't see half of it. Seems like it is not working at all. It has gone crazy and rogue on me.,2
Abdul Razzaq Dsdf,2
Live stream gone Live radio stream of Wisconsin Public Radio's Idea Network was removed from the app. Bad idea. I uninstalled.,2
Won't save Its 2 stars cause it downloads and plays fine but after a little time of being downloaded  the songs wont play and it says media not supported,2
Samsung galaxy tab 3 sm-t210r It does nkt work at all i press poot and ut says error if you guys make a root app then make it root and if not metaselo a sus pretinas,2
Cool this app useful thank,2
Ismail I think its slow,2
Uhh I can't find it I down loaded it now it is gone and it won't let me open it from here,2
Not impressed,2
Broken Worked fine but recently it's been messing around with other apps and the boarders are broken.,2
Not good at all,2
Problem with update The update is giving me problem. The app stops working when updated and keeps on popping up.,2
Ok Good,2
Old content Hourly news stream is 20 hours old.,2
I should have a choice to uninstall if I want,2
Right 😂,2
wa,2
Loved it but now it won't let me download anything. Please fix.,2
Will not start It was great at first  but now it just does not work. When ever i go into the app the screen always goes black and then goes back to my home screen.,2
Nice .....,2
Has potential Touch sensitivity is awful  lack of options  no zoom.,2
Battery drain again when not using my phone.,2
gusar,2
Weather bug It's good but the weather is still not working :/,2
Getting there The viewer seems to work well  but I can't get the editor to play ball,2
Devastated. This is why I avoid updating favorite apps. Latest update wiped all of my downloaded puzzles - I checked all files on my phone and they're just gone. This was a 5-star app. Maybe I'll add stars back when I'm feeling better. So disappointing.,2
Mulki elaw,2
Constantly force closing. App force closes and when you try to reactivate the app it stops. Cool app when it worked so I will wait for an update and try again.,2
Meh Meh,2
Ok,2
Better then old version,2
Can't Update Told me I had to update Google Play after phone did an upgrade  but there isn't an option to update.,2
New design update is absolutely disgusting,2
نوشتارتبدیل به گفتارTalkbak خسته نباشید.این برنامه اصلان درست کارنمیکنه.خواهشن راهنمایی کنید.خسته شدم.,2
Like it,2
It takes up too much memory please make it lighter on memory,2
Fixes Locked notes keep unlocking themselves  notes keep rearranging themselves  and I keep getting archived notes showing back up in my lists frequently. This app was high on my list  but its beginning to get annoying.,2
Good idea but app needs improvement Wish there was an option to change camera settings.,2
Wow,2
Bummer WTF? As of yesterday (3/7/14) the best weekly crossword  The Wall Street Journal  no longer downloads  or rather it shows it downloaded but the file is nowhere... so now  the best xword program for Android  bar none  RUINED...Sucks...,2
I dont like Bekar,2
Lame No Fahrenheit  no temp at screen top  no real Noaa alert config or alerts.,2
App crash All the planets went white and I can't use the app,2
Flawed update. Downgraded for now. Very slow to load tabs  and switch between my site  reader and settings. Sometimes it just fails to respond and stays where it is. (All this on a good internet connection that loads everything well in another web browser app). It ultimately just refused to let me go back to 'view site'. Please fix. Reverted to v4.0  which doesn't look as nice but does the work.,2
Could be better I made ONE. Then I deleted it because I didn't like it. Now it won't let me make any others. Going to uninstall.,2
Video framerates Not getting 120fps on my phones,2
:( It tales too much storage,2
"Offensive Sticker Packs Remove the sticker pack named """"""""""""""""modern buddha"""""""""""""""".its very offensive to some cultures and until you remove it you will lose a lot of good user.just watch""""",2
Not being able to move to new phone Even on Android you have to add everything manually? Absolutely ridiculous oversight.,2
Hey,2
Meh...,2
Lifesums barcode scanner can't focus The barcode scanner won't focus. Galaxy S7 Edge,2
Only criticism Not in my family library as bought before July. Dev needs to allow past purchases! Update - the problem is that you have not allowed purchases before July to be allowed in the family library. If you allow that my family members will be able to see the app also.,2
Occupies very large space,2
80% of the songs that I play will never be scrobbled or show up in the app at all. Even when set yo scrobble after every track it instead just builds up the cache - only sometimes it will go days without logging anything at all. Why even bother?,2
Never finds the server Nothing Left to Say,2
Used to work  but now it says the moon is in front of me when it's in fact behind me. I tried calibrating and making sure my GPS is on  still nothing. Too bad  I really liked this app.,2
annoying My you tube is now broken and my other games thanks alot google,2
First 10 seconds horrible The audio was corrupt it looked blocky and then it just lagged all in ten seconds,2
Ffc F !,2
Keeps asking for updates way too often,2
Not good The app sips too much of the phone memory. I want Google to solve this problem because my phone has a limited space so it requires an app with a limited space as well not an app which keeps increasing space. Please set it to use Ram only not the phone memory.,2
ALMOST Great... Forcloses when i try to play on LG G Stylo,2
Not working on round objects,2
Too much bugs I like the user surface - easy to understand and apply. Unfortunatly the app crashes down every third application and the notifications are constantly on even if turned jz off.,2
Nice Shhs,2
Good Cj,2
You ripped me off of a legitimate refund!,2
I can't connect I already root but I can't connect,2
Doesn't send pictures.,2
Constant notifications about the same article. Infrequent updates to article lists.,2
Delete,2
Editor works bad When i delete a text using nano or vi editor  words in cursor position jumbles up and mesh the code.,2
This game in PSP very lag,2
Doesn't work anymore I hope the dev would push this project,2
panorama function missing This is the best camera app but missing panorama feature. Add it plz!,2
Please fix! So everyone is having the same issues with the messaging . This was my go to fb app ! And now I can't even use it anymore without it crashing. Please do an update to resolve these problems please!!!!!,2
Broken  the screen doesn't rotate correctly.,2
Doesn't back up received text msgs!,2
The goddamn Graphics is worse than my Psp Its so different,2
Sani,2
Not working properly,2
I hate how you force us to install this app Finding the right Google play services for your phone is a hustle. You guys make things worse,2
Won't update  have 2gig of space.getting really sick of Google,2
Not showing correctly internal storage in moto e3 power.,2
Dislike it baby,2
Very difficult to update Keeps on wasting my data can't update yet can't use the outdated version what should I do,2
Latest update had extreme CPU usage problem I had to disable this app because it caused my phone to heat up and become unresponsive. Clean reinstall working so far. But this happened without warning and caused a significant percentage of my battery to be used in the span of minutes.,2
Nice,2
Latest updates is causing the app to constantly crash on my Samsung. You can't compose an email as it will crash while you are doing so.,2
I don't like it Boi what's the point for this app other than snapchat,2
Worst app I ever seen,2
Raju khan,2
Not good,2
It's OK,2
Not working It will only show 1 reference point for stats. Doesn't give me option to see since unplugged  charged etc... not working tried to install as system app still doesn't work good. If phone goes to deep sleep it resets. If I reboot it resets.,2
sign dandi (।) is missing in Punjabi Keyboard. Please fix it as early as possible.,2
Google PLAY,2
It was working fine but now it's lost all my settings & keeps losing photos. Disappointing as it was excellent. Uninstalled.,2
It does not find everything like before Idk if there is a problem with this app  but years ago I used to love it and find anything now I can't  I gotta use 2 other apps just to find music if frost wire can't find it.,2
Kirantammireddy Kiranreddy,2
A Siam,2
I'm it doesn't have all the artist songs,2
Bland. No customization AT ALL. It shows the battery percent in upper left as tiny icon...actually hard to read. It cant be size adjusted or color coded by the user. Its vanilla ice cream  and not even French vanilla or vanilla Bean!,2
This doesn't work on LP or MM right,2
Not so good This is not so good. It doesn't seem to work with my Xiaomi Redmi 3 Android version 5.1.1. It can't change the core max and it can't change the governor settings.,2
Problems with the updates again Seems every time this gets an update things don't work.. Wondering if they even check it out before releasing. Every time you go to settings or any other part of the app it shuts down. Please fix this ASAP.. Try to get all part running before releasing.,2
I hate this Every time i update this app its going to interupt its so hate this,2
Won't reconnect Worked really nice the first week or so but now when I launch it  it finds Kodi but won't connect.,2
Flaky  which is a shame Such a great idea but it seems very flaky. For example  tagging a person in a comment just returns the cursor to the middle of a random word in the comment this morning  but was working yesterday. The app is also sometimes very laggy even on a good connection.,2
Posts in my news feed are no longer in chronological order  meaning I miss some. Please go back to using chronological order  it makes keeping track of things a lot easier.,2
Laggs too much,2
Great email app I've been using K9 mail for a long time. When I am forced to change Gmail PWs  I have to uninstall & reinstall for the app to work right. Also having issues with sync suddenly being disabled on accounts. No way to contact developer anymore and app has become a pain in the a$$ to use.,2
Can't save It's too hard to save while playing and,2
Worst game,2
To err is human.. To update is always an error.,2
It's not downloading,3
Best app,3
Nice apps but...sometimes zero log Sometimes I found no record in my lenovo :( just empty log.,3
Works great on one device  but on another... Hoping you guys add support for lenovo tablet 1050 as it isn't loading the BIOS  but it knows its there. This is a solid emulator however  as it works great on my One+ One,3
Its not work sometimes,3
Does the job so far the the best to match my requirements in store for similar category. However filter criteria is too basic and primitive. I have seen far better App in windows store to do this thing way more effectively,3
Needs more improvement OK app,3
Cant use more than 2 cores Update it so we can use up to 4 cores to emulate psp games and ill give it 5 stars,3
Not very good sometimes it create problem but its good,3
Meh. For my setup  it doesn't like to connection even after having the correct ports open.,3
63pubhouse@gmail Network Accounts,3
It's so slow and it's being stupid. It won't even let me on my apps,3
"I am unable to use the app. After installing and entering mobile number it get stuck showing """"loading"""" endlessly. Please help me to get it working",3
Study and learn Nice but there should be more effective therapies for learn and study.,3
Ok Ok,3
Gud,3
l like shopkins and foot ball slm card is rellay good,3
Like it but crashes I like this app but it crashes on my galaxy tab pro 10.1.,3
Okay but it cannot locate things properly It's okay bothering the locations but we only have to move our phone here and there following the arrow to find a particular thing. After you find u will probably zoom to see a better vision but as soon as you get close the screen starts shaking and your arms start to ache. I tried to zoom to andromeda galaxy. My right hand that was holding the mobile was still and the left one was zooming yet the screen was shaking. That probably means that the app didn't want to let you see it. I say Do NOT download this,3
Kasmir kaha he Is me kasmir nahi dikha raha ge ku6 map me,3
Bugged Double tap doesn't work,3
Not complete Satellite portion incomplete  not showing northern states,3
"Hahaha  wie gut man sich dadurch täuschen lässt! Es kommt einem so vor  weil man denkt  dass alles so ist! Würde der App-Entwickler sagen  man werde dümmer  dann würden viele das auch glauben xD Seid schlau und trainierts euere """"""""""""""""""""""""""""""""Rübe"""""""""""""""""""""""""""""""" selber  für mehr Grips ist dies die einzige* Lösung. * Die einzige wissenschaftlich  medizinisch + ecc. bewiesene Möglichkeit IQ zu steigern. Ich gebe 3*  damit auch zwischendurch einmal """"""""""""""""""""""""""""""""Fun-Apps"""""""""""""""""""""""""""""""" den Weg zum PlayStore finden ;) Appropo  zum Verarschen von meinen Kollegen sind diese Apps irgendwie auch nützlich* :D""""",3
Can't stream my station anymore!! I used to be able to stream MPBN from my phone anytime. Recently it has not been working. I would give this app 5 stars if it starts working again.,3
"Its alright If you like games that require A LOT of grinding  slow exp gain and glacial accumulation of wealth you'll love AT. I'm not saying it's """"""""""""""""""""""""""""""""bad""""""""""""""""""""""""""""""""  I'm saying it's tedious. Not the kind of game you make progress with at the Dr's office  on a lunch break or with any less than an hours attention.""""",3
Headache I tried the lucid dreaming one for the first time and in the first 5 minutes it gave me a headache. Any suggestions? Thanks,3
(Problem) Flash as focus assist. I could not find an option to stop the flash from being used as a focus assist. (moderately annoying) But overall a very solid camera app.,3
Samsung note 4 The clock is just ok...not sure the numbers are going to be large enough to read at night.,3
Shresea mea,3
ramkaji nic app,3
hey  could you please speak twice as fast so I don't even have to try understanding a single word ???? Is there nobody to tell him ?,3
No way to check notifications from repositories you watch,3
"Grammar/Spelling The use of """"""""""""""""""""""""""""""""everyday"""""""""""""""""""""""""""""""" in this app should be two words; """"""""""""""""""""""""""""""""every day"""""""""""""""""""""""""""""""". The word """""""""""""""""""""""""""""""" everyday"""""""""""""""""""""""""""""""" is an adjective that doesn't fit in the context used in this app. Other than that  this is a pretty neat program.""""",3
Feeling Confused Why permission in contacts and gallery photos?,3
No bad! It will do for now.... most of the others are junk. I have not seen a ad yet so that's a plus.,3
Problamatic Some song won't down load,3
Karita Susana,3
Good app but Need battery voltage changer,3
ASkey Kool,3
Problem! Please fix! When double taping on home screen the focus doesn't change  i use samsung galaxy s6! Help! I would give 5 stars if this work with me ?,3
You should add Chromecast to this app because NPR One sucks.,3
hihi sebernanya sedap ko wikipedia ni,3
Wishes!!!! Fast forward button please!!!!!,3
Decent. It definitely won't improve the visual quality of your photos/videos but the app itself has a good few features more than the stock Android camera on most phones. Bottom line  if you enjoy tinkering with settings  you'll enjoy this app.,3
Always force closing,3
Urgen pem norbu Leey bhai,3
East of England If you live in Cambridgeshire it's East Midlands & if you live in Peterborough it's East of England! We should have big city names next to the regions names  everyones has there own way of saying a region  East Anglia is a other way of saying East of England  also some believe Peterbouough should be included in the East Midlands area,3
Yeah weather's broken again,3
Will download any song But there is a price to pay. This app chews up data like no other downloader. If you have data to burn  you won't find find a more reliable and quick app. 👌,3
Its not that bad its got a few kicks to it,3
Unfortunately it doesn't work on my device honor 5x . Please fix this. Your pressing method doesn't work on my device.,3
Love this BUT has a new glitch Have had this app for ages and love it. But have noticed that lately times in widget are an hour later than actual time in calendar. So if i have an event in calender for 7pm  it's showing as 8pm in widget. Very annoying. Please fix!!,3
Set Voice and video convection  and we can add friend with id in addlist. please,3
Its ok,3
The search for wallpaper apps is over Simple. Elegant. Refreshes itself. Custom blur and dim settings. Great extensions. What more can one want? EDIT: Ever since the Lollipop update  there seems to be a bug in the extension: for all 3rd party apps offering Muzei support  the wallpapers get cut in the bottom 3rd of the screen  leaving a black blank space covering the entire dock.,3
p.s p.s,3
Awsome apps LOVE IT!!!!!!!!!:D,3
"It works....but after running a scan  i find a folder """"""""""""""""""""""""""""""""storage"""""""""""""""""""""""""""""""" with a sub-folder """"""""""""""""""""""""""""""""sdcard0"""""""""""""""""""""""""""""""" in Android File Tansfer (am using a Mac). It appears to be an empty folder  and deleting it """"""""""""""""""""""""""""""""conveniently"""""""""""""""""""""""""""""""" wipes everything that used to be on the internal sdcard. Lenovo Vibe X2  Mac OS 10.10.3""""",3
Constantly crashes I love that this is open source  but the fact that it crashes all the time is a real problem. I'll try on another device soon.,3
Google Play Services,3
Can u please make the user interface more intresting??????,3
"Where's """"""""""""""""""""""""""""""""More"""""""""""""""""""""""""""""""" button? I need 'More' button ㅠㅠ but now it's disappear ;_; It's suck when I upload a post and I can't cut my own post with 'Read More' caption.""""",3
Nice,3
doesn't sync any details of contacts except photos. no manual profile selection for each contact,3
just as an idea there should be an option to keep wifi on if a certain app is open,3
I don't like to update this app but               because of YouTube I had to       update this app,3
Troble My phone will run for a while then my screen starts blinking then my whole phone crashes is this normal ? or is it the rom ? It would be good if you could speed things up like the gba emulator other then that its good.,3
It's nice it just take 30sec to download and update,3
Simple but needs ability to swipe between lists Heavily relies on a hamburger menu & needs ability to swipe between counters. Other improvements could include negative counting  grouping of counters  counter interactions (e.g.  2 counters can be linked & a rule set so that when the first counter reaches 10  the second counter increments by 1). Otherwise  this is a good simple material design app with multiple counters & even a dark mode!,3
I like this game but I hate that when u die u have to start over,3
Doesn't scan barcodes. I have tried using this to scan dozens of 1D barcodes and it does nothing except make me look foolish standing in one spot for five minutes with my phone in one hand and some bag or box of something else in the other hand like I'm going to perform laser surgery on it. I'm giving it 3 stars because it does a great job with QR codes. Call it a QR scanner only and get 5 stars...or add the ability to perform laser surgery with the app. Up to you.,3
The mandatory update isn't good..,3
Ilk it,3
Wont sync with the work i have done on computer,3
Ok,3
Iffy It has every song but it wouldn't let me download the song,3
Won't open. Crashes on nexus 6 on 5.1,3
boot animation plz bring back the boot animation and i'll give you a five stars...,3
nOt bad,3
What does it do ? Is if only for you tube ?,3
I like this app it is very useful.....,3
Good,3
pytpyt,3
Good,3
Love but I have an issue I have solved many many puzzles but my rating has not been raised in over a year...what's up with that?,3
I don't know,3
nice,3
good,3
What happened This use to be the most reliable app,3
Good,3
Nevermind Its fine just I have to turn the horrible new editor off when posting.,3
Black Screen on every crossword ? It used to work great but I'm getting black screen when I open any crossword. I can still tap and get the hints but can't see the crossword puzzle.,3
was working great. even though I still have the app it has deleted some of the files and now the app won't download anything. help !!!,3
It's OK but hard to find your way Round it,3
The subscription are stuck in a grid icon view  and you cannot remove the podcast image from the list item  but otherwise good clean simple app.,3
But I wish it just had more.,3
Snow Snow,3
Google play updates When I want to update or download an app it takes forever and I have all the bars fulls I have strong service and 4G lite... So why is it that I always get a (error code 500  291 ) when I have full bars and 4g lite???,3
Don't show stickers   pic and videos,3
Could be a good game This game is decently fun the first few times you dive in. But there is no saved progression and a moderate high difficulty so your process is mostly based on luck. Due to his it gets very repetitive and boring quickly. Installed. Got bored. Uninstalled.,3
Good app but has issues The app has had bug issues for a while where it drains battery life. It is consistently the top drain in my battery stats page.,3
Google talk Group,3
Needs multiple instances per day to be fully useful for some tasks. Solid foundation  but not fully there yet.,3
It's fine,3
How i use it,3
It's good,3
Not so good,3
Too many ads!. Ads are always bothering me. Hope you can fix it.,3
XopC6zhv I don't agree with paid or fake reviews for cash. apperwall sent me here to leave a review for 51 cents. poor practices in promotions.,3
Ridoy Ridoy,3
To much advertising cannot enjoy the app with all these pop-ups asking me install. Also  the permissions are too risky  I feel I have NO PRIVACY and wide open to hackers. However  aside from that it has interesting Apps!,3
Sea,3
Lock Fasttime,3
I need a phone number for this communication service?,3
Didn't really like it. It simply took too much time to load the songs and then at the notification bar  there's a creepy eye with the notif: Frostwire is running. So yeah that creeps me out with the eye.. but I mean it's ok.,3
good better,3
Was great... But seems to have died  does not work for me in marshmallow. Last update from dev was for KitKat.,3
Wtf I recently upgraded my android and now it only says I have three contacts synced with fb. My old phone synced EVERYBODY. Fix this,3
Slow Needs a better out look,3
No,3
V useful,3
Pay version??? Is there a paid version for those of us that do not want the ads? I can't find the option if one is available. That is seriously the only downfall to the keyboard but unfortunately it will likely make me uninstall it. I don't like to have apps with ads.,3
Lag on s5 What the fk.,3
Good job Contiunity,3
Cant activate VPN. I press OK but it doesn't let me. Plz fix.,3
yaşa,3
What happened? The last 2 days I see a download arrow but nothing downloads. I miss my puzzles! EDIT- puzzles took forever but finally arrived.,3
Sir I Have A Question How To Download Games in PPSSPP?? Its So Hard To Understand How To Download the Game. Can You Please Explain it To Me??,3
Great app,3
Still tracks you The browser is still tracking my searches even after i turned off autocomplete,3
koko like,3
It's alright Files to large takes up a lot of space,3
Why?? This app has not been updated for a long time . I want to know why?,3
missing info no info about object on the map  e.g. magnitude  coordinates ...,3
Umema mughal zzz,3
Impossible to even play with current button size  and no obvious way to change it.,3
Does what it says on the description. The only problem is that after my phone reboots I receive a notification about an unclean shutdown.,3
Its 2 late of taking much more of times for down loadings a games or App,3
Fails on Android 7.0 I love the launcher  so thanks for doing this. But now it just crashes on my Nexus 6p :( hopefully there's an update soon...,3
Google is great.,3
Hope add option change DTMF in band Hope add option change DTMF in band,3
Good Good,3
Its very usefull google always need it,3
Not so good,3
Good updates Nice app downloader,3
Constant sync errors made me uninstall. Liked the app otherwise though.,3
Best option for backup.,3
Ok,3
Apps may not work if you uninstall Google Play services ook..,3
Deva Raj,3
Jordan Very nice app  have a lot of choices  but it run slowly in my phone! and magnetic compass doesn't work properly !!!,3
Bll Too slow,3
What a aap just slowwww To late downloads even on 4g,3
Useful app,3
"Good app! Update! 15/02/16 1) Version 1.2.0 of torchie with the screen off timer function isn't working on my Note 4  it doesn't switch off the flash at all  2) While in the screen off timer mode the volume switch function should overide the timer function but doesn't either. Thanks for the functions Dev  hope you can sort it out asap  Good app that's easy to use  """"""""""""""""""""""""""""""""can I suggest on the screen off option that you impliment a timer that users can set to turn off flash after a set time?""""""""""""""""""""""""""""""""""""",3
Missing a few things Some form of backup implementation would be helpful. I'm jumping between far too many roms to have to setup everything each time. Dropbox och Drive backup would be nice  encrypted ofcourse.,3
A good app that one must need,3
Some problem to delete massages In one of our group reach super group members more than 200 but that time individual no one except admin can delete massages so memory problem so kindly solve the problem immediately thank you,3
It's onay,3
great idea! Just... i don't understand why does the app use 80MB of RAM... Seems a bit too much just for waiting and doing exactly nothing. Hence ... uninstall.,3
Not working in Samsung Lollipop It's the best software of its kind  but not working anymore under the latest Samsung lollipop on a Galaxy S6. Please update.,3
Need voice calling,3
Sagts,3
It works but... The game are so laggy,3
Jossssssss Ok,3
machuki Abel zceh,3
I can't download music from YouTube.,3
It's ok and I love it,3
Sarvesh kumar,3
Entah Good boy,3
SHUBHAM,3
Turn off background data... Great app except when I went out and had data on it used 1.29gb in a 4 hour span.... With my phone plan I only have 50mb data and after that every 50mb is $5....,3
The new update made some of my front covers become the last page instead in most of my comics.,3
What's app What's app,3
Ok,3
Plus,3
Glitchy I got it to finally work but when I load up Sonic Adventure 2 and enter City Escape it's very slow and the music is glitchy  don't know if it's my phone or if I did something wrong,3
Needs improvement but still OK!!,3
Awesome but please fix one thing I love this emulator alot  but please please get Skies Of Arcadia to work all the way through. I can get to when you rescue Fina from the train and then after the ship battle afterwards it crashes. Has anybody gotten further than that point?,3
Bios/games not working Placed bios in rt place still says has no bios and won't le me run games,3
..... Hello Me,3
I CANT MOVE WHY CANT I MOVE IM ROOTED!!!!!,3
Its very critical This is not working well,3
Does it work on marshmallow 6.0?,3
Nice one,3
It is suppop,3
One of the best  almost I have tested many pedometer apps and I really like this one  I would use it instead of Google Fit  but there is one issue  the pause button. This ends up pressed by mistake sometimes and then I lose tracking data. I would never pause this and would like an option to show or hide the pause button or choose to pause from within the settings menu.,3
"Possible bug I just got a different phone (S5)  and the app is now doing something weird. It pauses at the start of every song and I must push the play button to resume every time. I assume that it's just a setting I""""""""""""""""""""""""""""""""m missing (although I've been digging)  or something that the new phone might be doing to affect the app. Has anyone else experienced this problem?""""",3
Ok SAY MUMS IT DOWNLOADS MUSIC,3
GPS Nice app 🎅🎃👻😃😁🐰🐹🐺🐙,3
"v15.1.0-RC-1 / 15 January 2015 results in """"""""""""""""""""""""""""""""Unable to Start Tor"""""""""""""""""""""""""""""""". It used to work..... Now  v15.1.0-RC-2 seems to have solved the issue.""""",3
Delete I can't delete any of my files when I select & try to delete. It shows the same option,3
Needs auto-refresh of status,3
Fine Good,3
Why the hell does the app open all the time when I open other apps? If I want to open Frostwire I will open it! Get rid of this auto open thing!,3
Kipkogei,3
It takes up storage space  for unneccessary updates. But it runs all the google app. Its good.,3
Worked fine Then it stopped. Will try again later on.,3
I cant delete the app! It wont even let me clear data. The app is usefull  but I was just trying it out! There was a bug  so I wanted to delete it. Thanks alot. There goes 100mb that I wont get back. Never mind I deleted it,3
Buggy I have to say this is exactly the app I was looking for (puts the current music artwork as wallpaper) but it's not working properly... Default wallpaper is not showing when not playing music and most of the time the artwork doesn't change,3
Tllicuagain Music,3
The emulator seems to operate smoothly. However  I take issue with the clumsy  counter-intuitive controls. For example  I can't just activate a menu item or in-game object by directly clicking on it via the touchscreen. Instead  I have to drag a cursor to highlight the item and then touch the screen to activate it. This is especially difficult when one needs to use the scroll buttons to select game paths within the emulator's interface.,3
Unluckily   the reader opens documents written in Arabic as reversed !! We also need a plug in to open PDF files   which wasn't mentioned before I downloaded the app. This was what bothered me a lot   but I have to mention also that it is a good reader.,3
Good start  but needs improvement When the main FAB elevates in the now playing screen the shadow is clipped (like numbers in the same screen with the fourth theme). The status bar becomes way too dark in the album tracklist  and it would be nice to have a choice for color combinations in the app  along with the possibility to have the FAB following the color of the album cover in the now playing screen. The hamburger menu icon is also too small. Overall it's a good start.,3
I think awesome,3
It's OK.... Could be more great...,3
Almost Could get MMS to work,3
The app should be upgraded to be able to make calls.,3
Add time corrections,3
Know your phone well first! Any accessibility features inherent to your device might conflict,3
"Can i ask something about this app. It's because when i downloaded it  it said it was free but is it really free just asking and if isn't well i am sorry because i don't know how to pay you back. Cause when i looked and scanned my cellphone using the 360 Security i saw a """"PAYMENT PROTECTION"""" for this app. Pls reply. And Explain it to me. Thank You.",3
Ez to under,3
Don't have video call,3
Meh Meh,3
It's ok My only complaint is that I suddenly have like 30 songs on my music that I didn't download so I can't download anything else now and that it's mainly the mainstream music pls fix this,3
Okk Assa,3
Some works some doesn't but its pretty good.,3
It's little ambaresing to me. It's casual work without any problems but it would have been a long time ago not now.,3
Not bad....,3
Good Guys know how to drive this app its easy.I know guys its difficult for u because me too I've experienced I my old phone now in this phone I find very well to drive this app on...,3
For a Goggle play service version For support that I'm asking for can't update and Goggle play service so please help me,3
Only just logged in and have not had time to use it togive an honest feed back,3
The remote program requires Clementine 1.2.1  but for Linux users  Clementine's latest version is only 1.2. Even though Clementine 1.2 has a 'Remote' options page  the remote won't work with it.,3
It uses lot of space at least Give update to move to S.D card,3
Çok güzel,3
ASFFTRCC,3
Still buggy Counts files and folders double  no rename function. Otherwise working.,3
Good app with decent functionality. More control over how the widget displays (background color  etc.) would make this a 4 or 5 star app.,3
HOW TO FIX THE SOUND .. THE SOUND IS SO NOISE,3
Good  very accurate than others. The new UI is great but with this update I'm not able to snooze or disable alarm. JB 4.1.2 nandroid backup.,3
Anyway Better Rys,3
J.C Duvall .,3
telegram!,3
Altaf I CAN'T STOP THE RECORD,3
May be🌟🌟🌟,3
best of them all fast to use when downloading and easy to use,3
NoT baD it does not works in my phone but it's want to phone,3
May improve It could show the permissions on categories  and then show the apps for that.,3
Goood V nice,3
Binary outdated How am I supposed to update the binary..???,3
it good but notification is not coming,3
Cool! Seems to work on HTC Wildfire S but NOT on Star N9599T (MT6589T chipset). The idea is well cool! But I havn't yet got enough friends with smartphones to test it. I envision using it on festivals where the extra use overwhelms the local infrastructure. Glastonbury Festival  where 1/4 million extra people arrive by a small village  is the worst I have attended.,3
Helpful Install sebab nak baca hasil karangan Cikgu Azmi je.,3
Diff,3
Needs modernization Needs modernization. Material design  etc.,3
Should have the option to hide online status but oh well...,3
I downloaded the old version  but i lost it When I reset my phone. Please bring it back,3
Good Good massanger,3
Cool Nice,3
Sudan Hot chat,3
Battery draining more,3
It's was fun,3
Better This is better than the earliest version.,3
The Google Play Store app is not among the apps inside Google Play app itself.. making it impossible to right a review on the Google Play app itself!!!! I think the Google Play app in order to distinguish itself from the competition which is becoming better and better must include more possibilities for the user to search for apps to buy or freely install: 1) possibility to search only apps that are free 2) possibility to filter out apps that require specific permissions 3) obviously the possibility to search for apps that do not require any special permission 4) possibility to arrange results in order of proce  number of required permissions  name  and so on You must give more power to the user... the user must not feel limited in power as is the case now!!! This is very important.. if you havn't thought about it yet then it is time to do so.. if you have and not applied these changes yet..it is time to change your managers! cheers!,3
good but.... it's truly a good app but..... there is two thing wich make me unable to use it... first the home button wich make me go back to the default lock screen even using xposed. secondly it make screen off memo unusable since it make the screen back off after 10sec.,3
Pvr needs work I'm getting errors when loading pvr data. Error getting pvr info: invalid parms. Rest is pretty good and sleek!,3
Bugs I erased and image and it literally cleared all i have written and there is no undo button. Sometime when i click on bold and italics and write something when i unclick both of them the italics leave the written word and leaves just only the bold p.s you need to add a copy link of post button and an undo button. I also realise it cant upload most images that are a bit large then it says error..sometimes the bold button keeps activating itself after deactivating,3
Works  but no customization. Image change frequency would be greatly appreciated.,3
Edwin,3
Ok Ok,3
Not working anymore After the update  the app not working anymore and sometimes it's freeze,3
WTF now autostarts on boot? No option to turn off! Drains battery.,3
Bangladeshi mane,3
Cool,3
Well works for clash of clans It's ok but add a update cause I think your host editor is messing my phone up ???,3
No response from dev I emailed from the app to them twice on this  and have not had a response. On my old phone it was a five star. On my note 4 it brings up the volume but not the notification volume. It says that on this version of Android it cannot split them independently. That's fine  however  I end up with my volume up and my notification volume not brought up!,3
I don't have anything much against this app but the only thing is that YouTube won't work without the newest update... Then I download the update which is on 8% and has been downloading for 20minutes!- nothing to do with my WiFi as I have full bars. I then try using YouTube on Google search but its not as quick as the app. Please change. Thank you 😊,3
Not facing any trouble in using it,3
How i get game ?,3
Not really necessary,3
No peer certificate I have uninstalled and reinstalled it so many times. It works fine the first time after that whenever I try to upload a post  it says no peer certificate.???!!!!,3
Nice but Please add feature bottom copy paste like toichpal.keyboard..,3
Gr8 Problem is failure to download some apps,3
Nic app,3
Too many permissions...,3
Shfh Sooper,3
Idk Idk,3
Good effort  but needs improvement. Lots of customizable features for image and video recording. But a major deal breaker is I can't get it to mute the shutter or video recording sounding chime. Hopefully  they improve this flaw in the future.,3
"Pretty great. Could do with the info some more of the smaller handbooks like """"People of the North"""" and """"Armour Masters Handbook"""" etc.",3
I like this app. Good ONE,3
For some reason the background only plays a 5 second music then shuts off while voices stay on the whole time  it used to play both throughout the whole session. Fix that 5 stars please this was my favorite app. :/,3
Good I like this,3
Takes too much storage,3
Okkkkk,3
Gud app,3
Ayaz Ayaz,3
Sadashiv Kale,3
Sah dude Poo 🔥,3
Good Sooo nice,3
No obvious sharing feature,3
IT'S OK I'm going to have to update my Google play so I can get the new hangouts,3
I wish it would load faster  I know my old phone had a two gigabyte file of thumbnails I'd be OK with it.,3
Nice app.. but. 1. The video recorder doesn't have a pause button. 2. Slow focus. 3. No flash torch option at the video recorder and 4. It's extremely time consuming to switch to video mode to camera mode.. I mean. Just make a button for it..,3
Iight,3
AD Yadav,3
Very nice,3
Md Shamim,3
Rathod Gaurav,3
convenience tool for user,3
Its good but not for rar files,3
Excellent app Great UI upgrade. Kernel went unstable after updating. Performance output of device goes haywire and device heating up faster than ever.,3
The songs I download end up getting deleted and downloaded back which I'd really annoying please fix!,3
Add note اضافه کردن یادداشت,3
How to draw them,3
To clingy It won't let me go to YouTube without updating it,3
Good app except for... it doesn't respond to screen taps half the time on LG G2  making it difficult and annoying to navigate. Also is not downloading NYTimes puzzle  despite correct account info entry.,3
Khon,3
Needs to allow download in any country,3
It's good enough Blah,3
Data off By using this can I switched off certain app data..it means my mobile data should be ON and i dnt get any notifications from that app..even i open that app..i should not get any notifications..even i cant do anything because for that app net is off,3
Try to consume less battery,3
Access denied After upgrade SGN3 4.4.2 The external media becomes access denied for no media excl and can't even create directory,3
Problems Will restart song several times when playing over mobile data.,3
K This app y not update plz solve this problem,3
Its ok,3
Cool,3
It's very super,3
Thanks,3
Good,3
Good prgrm,3
memory drain used to be great,3
OK,3
Poor,3
Asks for a lot of permissions,3
App is good Still delete option not provided in super user group.,3
brain teaser,3
Oky,3
Nice Keep it up,3
The disability is really bad It could be so good but it's really hard to use and relies heavily on plugins. Ie it has no built in automatic image change and no multiple source selector.,3
Frame drop Great emulator could use a speed function though,3
So I use this app cos I want my wifi to turn on automatically   which is happening fine   but when my mobile is not connected to any wifi networks   this app should turn off my wifi  which is not happening,3
It's cool but... I use a wx80 and apart from the fact that the flash is used even if i switch it off and that the last pic taken is never shown. I would really like to use the settings of my camera rather than a default one provided by the app.,3
It keeps telling my download is pending,3
Good app  please fix virtual memory! Virtual memory does no save  nor apply at all. Please fix because I want to give this app the rating it deserves!,3
Never download this app We have to download so much whole Internet means so much more than 5gb its good so much we have to download,3
Love the app itself but battery usage is excessive I have 3 IMAP email accounts configured with default settings and K-9 mail accounts for at least 10% of my daily battery consumption. By contrast  I have two Exchange accounts configured in my phone's stock email client and it doesn't even use 1% of the battery. What's the explanation?,3
Outdated. Long boot up. Usually takes a long time to boot up. Just wait on the black screen a minute or so and the app should start. Get the newest nightly build from the site. Atleast Lure of the Temptress is unplayable with this version due to too sensitive context menus.,3
Prices does not update since last week,3
I can't connect my work exchange account. I like the app  but I can't use it until I can connect to my work email.,3
update krne ke bad error kyo bta rha h,3
Liked it,3
Nyc Good,3
The Sky Map Doesn't show The Galaxy At The Exact Places.,3
I like it because it is useful but it is ad to update,3
"Material design strikes functionality down again I didn't think it was possible  but they made the app worse. The core functionality is still there  and if all you have is 1-4 accounts that need codes  then it will work great. But the """"""""""""""""""""""""""""""""material design"""""""""""""""""""""""""""""""" theme removes content and adds needless white space. On my phone  it only fits 4 accounts on screen. The text is no bigger  they just fluffed everything up with blank space. Though they did manage to shrink the countdown wheel (arguably as important as the code) to a tiny spec  for no reason.""""",3
The original was great but with the more recent updates it has turned to craps .,3
Enough,3
Indian weather Super one for update Weather,3
No options to delete the video or chats,3
Good D?ng t?m ???c,3
Not Satisfied Fxns well but lags and is time consuming. PLS FIX. Will give 5 stars once amended.,3
Uninstalling Can't save video to external sd card..I don't have a huge internal memory to store 1080p videos..sorry....,3
Why does this app didn't work at my phone?,3
Merci,3
Meh Blah de blah de blah de blah de blah blah blah BLAAAHHHHH.... Blah de dirty DUUUUIIIIIRRRRTTTTTYYYYYY €BLAAAAAAHHH €BLAAAAHHHH §§~blah ¥¬¢¬£¬¬¶,3
Galaxy discover It say su binary was nit writted,3
Good,3
Bachchu tanti Bachchu tanti,3
Ok Controls too sensitive. Click close on an image and it would click the image after the X.,3
Is nice,3
Great app  solid security  and good customization. Only problem is messages have been getting delivered 6-8 hours late. Kind of... pointless to use if the main function doesn't work properly. Emailed support and no response for two weeks and counting. Would gladly pay for a working version...Edit: Still no response from support. Bummed out they haven't responded.,3
I can't update more aps,3
easy program,3
Is there a way to get the clock to work while in landscape mode?,3
App is good yesterday i purchase this app price is 18 rs my 51 rs was debited from acc and massage was payment unsuccessful pls return my payment or active to premium,3
The theme editing is good but it has way too many options!!!make them less and it will be superb!,3
how to get games please please  reply thanks you ill waiting waiting :),3
No,3
Safesearch How do you get rid of it,3
Does not back up Whats App messages in Gmail as it is suppose to.,3
Great and Simple Great app for taking fuel cost. Provides just what you are looking for. I do wish it had the ability to sync to other devises and post reminders,3
Ho,3
Stephanrampersad It's ok,3
Wifi channel just up to 10? Wifi analyzer have 14,3
The app old version,3
Abhinandan kumar India,3
i like it,3
Good but which file i download cdi or gdi,3
M4a Not supported or working properly,3
Does exactly what its supposed to I would give it 5 stars if it had tasker integration  that would make viewing videos at night so much better! Night mode is great for reading in portrait but it makes watching videos too dark. Please please please add tasker integration! Or per app profiles? Nvm figured out that I could just greenify the app in tasker and wake up app when out of landscape mode  it's kinda roundabout but it works,3
I think that there's something wrong with the save feature.,3
"It's useful.. Sorta Everytime I update it  it states """"""""""""""""""""""""""""""""google services has stopped working"""""""""""""""""""""""""""""""" OVER AND OVER. Please fix this.""""",3
Pls update and add more I suggest that in armor sets. Add the whole set section. So that we can see the min and max defense and the status,3
Bug The cycling feature isn't working properly for me :/,3
Its ok,3
My phone was factory reset. After reinstalling the app I was expecting my accounts to be in sync after google login  but its not like that. I am still facing issues while logging into aws console.,3
Good Vinay,3
Good Good,3
Bug Browser opens preset page in tab but when opening link from email it only opens that first tab & you need to hit the link a second time to open it. This not an improvement  please fix.,3
I think u should not keep telling people stuff,3
It's good but Please i fell like crying i dont know how to get games free,3
I use this application to travel,3
Jee Lalan,3
Amazing!,3
Not many icons  no alphabetical organization of icons.,3
Sometimes it goes wrong   but gud,3
it's OK,3
Lacks too many icons Looks great but too many missing icons  even stock android apps are missing icons.,3
Old school Straight up old school  pretty good. Screen scrolling and movement is awkward  though  being that characters track around the screen choppily and there's no walking movements for them. Needs graphical enhancement for sure  but it also needs some kind of music. Anything. Other than that  it's pretty good.,3
Not bad  but keeping the current connection at the top of every screen severely limits what can otherwise be seen. Would be 5 stars otherwise. Edit: In response to first reply  since I seem to be misunderstood  it should NOT always be visible. There should be an option to hide it.,3
OK but not great,4
A very uncomfortable and weird thing in Telegram- when I want to share a webpage or a file and choose Telegram  not other apps  i can do it only to those who are in my shortlist. But what if i have to send it to a given person for the first time??? It's unfeasible. I have to paste it manually. So that is why WhatsApp or even Hangouts are preferable when you want to share links or files with someone. Is it possible to fix the issue?,4
Good,4
Good,4
Tt's ok,4
Me like it Ne like it because it give you all what u need to control your games,4
nice nice,4
Good,4
It is good,4
good good,4
Great app. Shift issue. I love this app  though there is one critical issue: during certain periods of the year  events show as one day early. I believe that this is an issue with DST  in that Egypt cancelled it.,4
Great but one thing Should make it so the wallpaper will change faster like in 30 minutes,4
habib verygood,4
Create dc folder on phone memory then create data folder in side dc folder then put dc_boot and dc_flash inside data.Make sure there named as is ....btw cool emu,4
This app makes things easier for me to do. Thank you.,4
widget not working on lockscreen Hi i have a lenovo s860 and the widget doesnt seem to work on the lock screen . doesnt pull down or anything for that matter . plz help its a really cool app love it.,4
Does what it needs to. Good to jot down post ideas  drafts and monitor a site in general.,4
Its taking long to start downloading,4
Good Google i like it,4
helpful,4
Love it,4
Nice It's nice,4
I love it It is very useful and easy to use,4
Everything thing is good but There is no built in pattern and I have to unlock two screen which is quite frustrating.,4
me sirvio solo porque cambie de telefono y no se perdio mi cuenta de clash royale,4
Good web browser,4
Best way to browse Wiki content! 5 stars if you improve switching between tabs. Keep up the good work!,4
Great app Always works great for music and podcasts. Recently the video playback stopped working for me  I tried toggling the playback format but I'm not sure which it should be. I never had to change that setting before.,4
Ood,4
Good USEFUL ADDON,4
Prince کاش زبان فارسی هم داشت .,4
Just installed so no comments.,4
Nice,4
It is really annoying,4
Cant wait for an update... I know there's one in the works. Excited for it,4
Good  but usernames are difficult This is the best PWM app I've seen for Android and may beat out the website. However  like most of the apps here  it puts the username in the profile instead of letting me use different ones for different sites.,4
Need more improvements in the theme section. Otherwise excellent.,4
Really nice to see it working on Android 6 - and the introduction of branch actions support.,4
Small and simple  but can't upload videos anymore Have been using this for years. I like the minimal permissions  lack of constant facelifts and updates  and ability to turn on and off with simplicity. No plans to uninstall  however I used to be able to upload videos from my phone through Tinfoil and now I can't. I can view videos in my news feed  and share video posts  but cannot see my own video folder at all  and when I browse my folders to upload none of the videos in my phone show up.,4
Not bad,4
Relief,4
Has the potential to surpass ipeng some day.,4
Great,4
This app is so fast and so easy to use although I am not sure about the safty.,4
Porque Psp Dragon ball Shin budokai 4. file manger game save. Dowoad,4
Liked it,4
"Feature Rich  but Incompatible I love the amount of features and tweaking we can do  it's much better than the stock Moto Camera. My only complaint is that it won't allow me to do 1080p60 because it """"""""""""""""isn't supported"""""""""""""""" although the stock app can do it just fine.""""",4
Psionics Make it happen  please.,4
It's cool guys  work's well,4
But how to download the psp games...!! In it,4
Nice But God of war runs very slowly and audio is very bad  for each game the settings are wants to change it,4
"I have found that the level accuracy varies from phone model to phone model. Generally higher quality or """"""""""""""""""""""""""""""""more expesive"""""""""""""""""""""""""""""""" phones are much more accurate and reliable. My friends Samsung note 5 was significantly more sensative and accurate over my htc desire 510. Other then that it is an excellent software. So if your readings are inaccurate its most likely your phones gyroscope and internal accelerometer""""",4
Almost perfect app I really like the simplistic Facebook appearance and my huge jump in battery life. Two things that would make it perfect: 1. Push Notifications. Because I do a couple group messages daily  it would be nice to know who's trying to hit me up when it happens...not a few hours later. 2. Being able to save images (especially with long press/hold like I was use to). Overall a great non intrusive app.,4
Great Only thing missing is support for icade controller mode and the ability to map the analog stick to non-icade controllers. Save states would be nice as the games seem to crash randomly,4
Needs export/transfer to swap to a new device,4
Good It's good. But i think it's better if we can use it offline.,4
Good,4
It's very good but last version 5.010 is draining the battery (59% use),4
I I could not get it to work so I could read a book it took me 2 minutes to find out how to work it other than that it was great,4
Good Good,4
Pretty good Works very well  however I wish you could change theme to light one (with white background) and view build outputs.,4
Good but you can't position the tiles in every situation,4
Really it's help lots,4
Sir Easy app,4
Youtube …,4
Not network sacses,4
It works fine but it is just a static map based on your gps location. I've got better sky map app installed that identifies based on what it sees in camera  far more user friendly and intuitive to use.,4
Got a glitch I am on 7.0 and it turns on when it feels like it I have it set to turn on at 22:00 but it turns on when it is 15:00. Not sure what's going on,4
Very useful app ...,4
Haider Naqvi,4
Good...but.. I know that this app can hack the Coc ...but whenever I hack it and going to use it..it always shows a connection error..So please please help me for this!,4
#fix_it Its best but some bug improvement is very important....!!!!!,4
Nice,4
Siddharth Madurai I like Telegram,4
Good,4
Very smooth app with few permissions I enjoyed this app ever since my friend told me about it. You used to be able to access messages but now the app closes or freezes when you try to read your messages. I'm guessing Facebook try to put a stop to that.,4
Helps with downloading eveything I want to load...,4
Best Most of the developers were are not providing Password savings app for free and if it is free  that contains more ads. So I prefer all users to install this app.,4
Better than WhatsApp Stickers and all and blue is pretty,4
Likeable,4
i need Cool app,4
Ossm thay is cool,4
Kiro,4
Really nice app But I only like it on my MOTO 360  don't want the live wallpaper.,4
Earth rotating:-)!...,4
Make good app awsome A+ for interface but needs to control more than one system. If it does it's not clear how to add. Think I'll go with another app for now. Hope this one improves in the very near future.,4
Gud app,4
Fantastic Just what I needed! Only if I could have a different view of those files....,4
Nice but.. I want a pattern option or pin code,4
Be able to change pic It's great  I just want to be able to change the background with something else that's not black or my homescreen,4
I love it I love the carp out of it.. but there is way too many apps,4
Cant find telegram calls,4
Karthick,4
Good app,4
Live cricket C r i c k e t Nazim,4
Very useful but.... Brilliant app and the only app that allows me to overclock/underclock either the big or little cores on my s6 edge plus. Whereas all other apps only let me change the frequencies of the little cores. Knocked a star off for not being able to shut some of the cored down as as after i untick each core they reactivate straight away.,4
Great Outstanding emulator. Constant improvements. Needs better support for Moga pro. Analog sticks up and down are reversed  setting them opposite of directional movement yields same result.,4
Good  but the UI is a bit primitive. Would love to see an upgrade that would improve the look and feel of the app.,4
Superb One star less because there should be a more convenient shortcut for sending text to Kodi. Not in the menu. Design flaw!,4
Great app  needs work The app is great except for entering large numbers  you have to click on too many things. Change it so that a click on the players score opens the entry box with an active cursor. This would make the app so much better. It would also be great to be able to insert the game's name. Otherwise I love the features and it is very easy to use.,4
Work's perfectly in my blu studio,4
Colors Maybe you could provide options for event day to have more color options? And also font options?,4
Excellent Awsm,4
"Show camera when locked"""""""""""""""" option not work """"""""""""""""Show camera when locked"""""""""""""""" option not work on CM14.1  add open camera as lockscreen shortcuts  still asking to unlock pin before launching open camera... Other than that  works good...""""",4
Well if we had a choice rating the app would be great Thumbs up tho,4
I forgot my password,4
Kuttar bassa,4
Good but some lacking features History views are really nice for tracking streaks and days of the week but they don't show actual week/month/year totals  only a % rating. You also can't track habits that you do multiple times a day.,4
Better than many,4
Very Useful,4
Sound Not Good I own Vivo V3. Why does the sound lags?,4
First time and asleep!,4
Good,4
elle i liked it since i am a chatter b4 at mirc so i miss how it work  but there are some diff. no chat room list  i cnt join any chat room  dnt know how too.tnx,4
Very useful Would be more than very useful if we could learn how we can combine the various charts to know what to expect next. Please can the developer suggest some references for that? For instance  it'd be good to know why the cloud patterns seem to vary slightly between the infra red and the satellite picture. Also  please could we have the boundaries of the land mass depicted in a contrasting colour to easily differentiate between land and water?,4
Good application Very nice and friendly,4
Very nice except Bookmarking is so pointless. If you improve bookmarks and create a tab for favorites/bookmarks  that would be great. Another feature that could benefit is the search history upto few words. ---- UPDATE: with new update  now I have to select a dictionary every time when switching languages. Although I have only only one dictionary installed. This breaks the usability and faster searching.,4
This app is great. GmoZDKJD,4
esy to use,4
It works  no complaints. I wanted a statusbar indicator of cpu load. Did not do that on an android 4.2 A700 tablet.,4
Good app but It must add some to make it perfect 1)a download manger 2)chat backup,4
Hjuuu,4
Good and useful app...but may be better,4
Fine Works fine with my HTC One,4
Din păcate aplicația nu mai arată niciun timp indiferent de rută  chiar și cu dezinstalări repetate nu își revine. Aș fi acordat 5 stele când funcționa  iar acum nu doresc să fiu drastică să acord 1 stea pentru că nu mai funcționează fiindcă într-o perioadă mi-a fost utilă această aplicație,4
It's great 7/5 would recommend,4
bamdad its good but new updates stickers are awful:/,4
Like it,4
Simple adjustments pls For example allowing it to use your lock screen background not your home screen wallpaper,4
Music Great app for finding music,4
I don't know but cool,4
Wow Good app for those who can't buy ps4,4
Good,4
Good,4
It kills battery life It the best app in d world for doing homework,4
simply amazing wow,4
I cant do anithing the root wat is that Omm bug errror,4
Very nice n realistic too.Simply awesome apps,4
I like the app  but just recently it started crashing when I tried to open messenger.,4
Good,4
Its really good Its a really good app! But the emojis have become so ugly please bring the old ones back,4
Good one,4
Great,4
Rama,4
Frostwire download Music mp3 downloader,4
My favourite app for wallpapers. Had it since more than a year now. But lately after the last update it won't load any pics and lags seriously a lot :/ it changes and loads the pics only on my smartwatch. which is pretty frustrating. *I use as source 500firepaper,4
Good,4
Good programme I think it's too much havy,4
Plz add calling feature...,4
can`t my app,4
Working well  thanks,4
Rafeed Rafeeq,4
Good Useful,4
Its a good app,4
Google Very good,4
Super handy and easy to use. But it should really take advantage of the fingerprint scanner  as an added layer of security.,4
Does what I want it to do. If only the auto backup component was more reliable with my phone.,4
Great App I really like how it keeps my wallpapers fresh. However  the parallax effect is waaay too strong. I have two pages on my home screen and it skips right over the content of the image most times. If there was a slider for modifying the amount the image moves on scrolling between pages that would be swell.,4
Good,4
Nao tataiq,4
Best. But can't list system apps.,4
Telegram Awesome,4
Very nice But icon not so good should be changed.,4
Love it,4
Can I use on iOS?,4
I like it,4
"But... I'm giving 4 stars but would be giving 5 if this latest revision didn't do something weird on the """"""""""""""""""""""""""""""""Clues"""""""""""""""""""""""""""""""" view. The Clues bar is super zoomed in and I have to scroll right and left to see how long the word is. Nothing I do fixes it. I'm on Android S6.""""",4
The cheeseburger is cold  but... It works. So.....yeah.,4
good,4
its ok to me,4
works as advertised...,4
Gud..but it frzzzzzzzzz Devlpr MST try thr best to figr d problm.,4
This one is good  but Keepass2Android is better.,4
Plz add email chat option,4
Okk,4
Crippling power consumption The devs really need to work on the power consumption. This app destroys my battery. Other than that it's really hard to give up quassel when you live and breath IRC.,4
Update?? Please update this app finally!! Continuously crashes on Android 6.0 when using bascode scanner!!,4
It's amazing but... The app is great  it's really versatile and useful  but some features don't work  and some could use improvements  example  the armor set builder won't load in any armor when I select it. The weapon lists should be able to be sorted by elemental damage type  and the armor lists should be able to be sorted by skills and rarity,4
Very useful,4
It's an excellent app. Easy to use,4
DARO DARO,4
Powerful  not pretty Rock solid IMAP. Fast. Small. But none of the interface niceness (swipe to delete) I've come to love. Also  I'm not a fan of Dr Who so the constant k9 logo seems a waste.,4
Super,4
It is GRATE for mindles intertainment.,4
Best token generator/authentication app I use this for everything that supports 2-step authentication and supports Google Authenticator as it's the easiest to set up and easiest to use. Have never had a problem with this app. Very satisfied. Only real issue is the need to download a third party barcode scanner but that's minor in the grand scheme of things.,4
Awesome Needs more squares,4
Great app but... I've been playing Infocom's Border Zone with this app but it gets stuck with the status line when watching the searchlights in the Border chapter to be able to get to the fence and proceed further. Could you please fix this? Otherwise best IF interpreter out there.,4
More access  to make phone calls? Yes,4
Perfec,4
Requested feature Please add some sort of pin lock to the lockscreen,4
nice some mobile is not list . work it more thaks,4
Great app. But thumbnails  selection  crop issue. This app is good Thanks for making it ads free. Few issues. For example look at Motorola gallery. The folders are sorted by name and files are sorted by latest added. Thumbnails of folders are displayed based on latest added files. And There is no select all option while selecting files. Add that. No different crop size in editor. Plz add these. Then this would be the best gallery app ever.,4
Titanium backup error,4
It's Okay For me it's okay.....,4
noob,4
One of the primary root apps One of the primary root apps I'm a huge fan of this app started using it 4 years back and have been using it since. Only deal is that sometimes I'm not able to zero down on the culprit app which drains my battery. Possibly some more descriptive external links via popups should be there for those who seek more details.,4
Great app but... Great app  but does it now support Apple Music for Android?,4
Everything is good  but one bug. Clicking on missed call icon opens contacts which crashes immediately. Contacts opens fine through all other methods. Galaxy S5.,4
Nice Very good,4
Harsha It takes lot of memory and cache.,4
Good  but... A great thing but one problem. I was trying to install Naruto Shippden ultimate ninja impact and when I try and play it all I get is a black screen. Please tell me if it's the game or this app. Thank you for your time,4
Best Just best,4
k.f good,4
I like it  but it don't have a lot of what I'm looking for.,4
It is taking too much time,4
Not bad,4
Cool but hard as hell. The levelling is really hard. The monster is tough :(,4
Nice...,4
It says unfortnulatly stopped,4
Nice app,4
It's awful that we can not remove contact from telegram,4
Simple and too useful..,4
I love it much,4
Need tabs for groups and channels,4
This is great security for your Google account,4
It's Good Emulator is really nice but a bit confusing to set up. I got SA 1&2 running but the wide screen setting is messed up for me. I've seen it working for others. But overall it runs really nice.,4
Wow This apps is helpful of us....,4
Good,4
Very good! Easy to use. Helps me develop new habits because it makes me feel good to check off tasks and track my progress.,4
"Great app! """"""""""""""""""""""""""""""""Loved it so much but some images aren't fitting the screen properly.Please fix it dev.""""""""""""""""""""""""""""""""""""",4
Like it so much,4
Good I love it,4
Awesoke Make easy to find,4
The latest update has broken collection synching.,4
Super Nice That App is grate,4
It's good Recommended to everyone ?? and thanks for solving my problem!,4
:-) I like it,4
Ok,4
"Awesome Needs a feature that allows you to favorite and """"""""""""""""""""""""""""""""pause"""""""""""""""""""""""""""""""" on the wallpapers you like best. (And then cycle through them if you wish). Also sometimes seems to stop on its own  but otherwise it's great!""""",4
Fast and useful. It could be prettier; for example  why waste screen space with the app title and magnifying glass? Why not a floating search button and cut the page header area in half? Minor gripes for an extremely useful and well organized tool. Please keep up the good work and give me a way to support your effort without introducing ads!,4
Mudt I love,4
Very nice,4
Poli Good.easy.simle,4
Very helpful Using on my nexus 5. I used this app to test the effectiveness of diff usb charging cables. Not all cables are the same!,4
Ok,4
Facebook Mobile browser Works great but lately Facebook is pushing mobile chat away from the mobile FB site. Chat function is not working. Any chance you guys can fix it?,4
Great app. Would be better if user didn't have to learn and use programming codes for the info to be displayed. A set of text boxes with simple descriptions would be better.,4
Nice,4
Telegram u are awesome thank you sooo much for making life easy,4
Okay okay Hope it shows actual current flow when i plug my phone into the wall charger.. My phone is unplugged still showing current flow.. Well how?,4
Killed it,4
Works  but lacks some functionality Interface is clean and uncluttered  quite intuituve. However  1: no apparent support for multiple media centers if not configured immediately - app will keep searching for initial configuration and requires a data clear to add another media center  2: unlike XBMC remote  filenames truncated even on landscape view so difficult to choose episodes or movies with long names. Fix these minor issues  five stars. And thanks to the XBMC/Kodi team for all the good work.,4
Cool lifes easy Supercool,4
Fun and Challenging A great game which I recommend to anyone looking for a challenge. I've easily spent 30+ hours of my life playing so far and still haven't beaten it! But I still come back since its actually fun  brutal and (mostly) fair. Luck sometimes play a major part however  but thats only because of the nature of random generation and rougelike games. Other than that  its a great game which other free games on the app store should strive to be like.,4
Finally an integrated barcode scanner is a welcome change,4
Not done downloading,4
Good,4
If it had an option to write a note on the day to know how I felt that would be great.,4
Sss Sss,4
Please how am I going to download the games???,4
Good,4
User friendly Ease of operation,4
Makes a differanse in feeling safer Worry less about phone,4
The information the mostly I will suggests it to friend's,4
great for certain niches... but this paired with instructables app= beautiful,4
It works This is the only podcast app I've used and I like it. It does the job and is really straightforward. And now that I have figured out to swipe things out of my queue it's much less cluttered. I would like more browsing possibility when looking for new podcasts but I'm not sure if that's the app or user error,4
It's okay,4
Good boy Hello,4
Updates Where is updates and new features??,4
like it like it,4
YouTub BabluDutta,4
Nice Cool,4
Be careful Guys instead of using this to look up stuff your parents can't see  look up secret stuff you cant see in google or bing its called tour for a reason do NOT look up red room your IP will be traced and you will get put on live stream and killed and hurt,4
Icon is creepy,4
Great app,4
Nice app,4
Well I loved the app but when I download a song and go to my music player it says that the music is unavailable,4
STILL no weather available!!!!!!!!!! I love this app  have used the widget for years now on many different android devices  and have NEVER had any problems with it at all  until recently... -The weather extension has stopped showing any info  just says unavailable instead... When I click on the link it still takes me to the correct place  but that's it.,4
Good A smarter unified search would be good.. The search of an address takes probably at least 10 steps more than on Google Maps... But otherwise very powerful app..,4
It's a good msg app  but my only issue is I don't get notifications anymore. The msgs show up whenever I get on the app,4
Its great but I can't set or save my custom armor set in the app. Please fix this.,4
Nice app,4
Its good,4
Useful,4
Works great Works great but I don't understand why it backs up your MMS messages if it can't restore them.,4
Love this app I would just like to be able to delete several messages at a time. Can you tell me how to do that?,4
Its fine....,4
I like it Good Service,4
Great,4
Google Open,4
Wow  glad I searched before writing this myself  saved a ton of time! This is almost exactly what I wanted in a book catalog app and was thinking I was going to have to write it myself. About the only thing I would want to add would be the library of Congress Dewey decimal number for each book. What can I say  I really need to organize my bookshelf. May update rating after using it a bit more.,4
Very handy Great to have for leveling the caravan,4
thats good app thats good app,4
Takes a long time to focus photos blurry a lot of the time  complicated ! When it works it's ok 😁!,4
Happy,4
Yes Yes,4
Very Good!,4
Put back 1.5.8 WhatsApp backup code Put back the WhatsApp backup code as was in 1.5.8,4
Good.,4
Please add panoramic mode Some devices currently cannot take panoramic pictures.,4
Good Very accurate,4
That is good,4
kindly like,4
Useful,4
I wish to find the artist that I want but it only is limited to only a couple of them.,4
Nice,4
How about adding slow motion video recording,4
Amit Nice one,4
Part of a lovely app suite It's so rare to see such simplicity & honesty in apps these days. You won't go wrong with apps from this dev. Too bad this F.manager lacks the crucial sort function; deal breaker.,4
Liked it and I will use it for sure,4
"good""""""""""""""""""""""""""""""""""""",4
I love Telegram,4
Really good Masters,4
Awesome browser But needs the ability to sync bookmarks with Firefox.,4
It's good It's nice to have this app,4
good app.... need option to share the screen shot,4
That is Well Not For Android 5.1  because unfortunate appear!,4
Simply good I gave it a trial and I enjoyed it,4
Super Intrigante,4
I have always loved this app! However  since the update  the little broom in the corner is missing. How do I do that now?,4
amazing! free songs.. there have only been a few that I couldn't find  but they ha e just about everything I was/am looking for.. great app!!,4
Wasn't expecting that much but... Brooooooo the resolution was PHENOMENAL! I've just opened it though  still haven't used it.,4
Clash of clans ﺧﻴﻠﻲ ﻋﺎﻟﻲ ﻫﺮ ﻛﺲ ﻛﻪ ﻣﺸﻜﻠﻲ ﺩاﺭﻩ ﺩﺭﻣﻮﺭﺩ ﻛﻠﺶ ﺁف ﻛﻠﻧﺰ ﺑﻪ اﻳﻦ ﺁﻳﺪﻱ ﭘﻴﺎﻡ ﺑﺰﻧﻪ .....mathematice,4
DAVID GREAT,4
Awesome  can find pretty much any song,4
It's easy to use and you can share small and large files 1 GB or 2,4
Great app But difficult to understand,4
Utkarsh Yadav I LOVE TO THIS APP,4
Same as the Minetest PC. Shaders don't work but even if I turn all the settings to max I still get smooth gameplay on my J2 2016. Could improve to be more like Minecraft. I can also play servers perfectly,4
Hamzamanu,4
Seems to work fine and action being taken on things I've reported. ☺,4
"I think it worth 5-stars if the problem on """"""""""""""""""""""""""""""""Disable mobile data while connected to a known Wi-Fi"""""""""""""""""""""""""""""""" could be fixed on my LG-G2 D802. Thks.""""",4
But there should be a Refresh Notifications button in the app.,4
One of my favorites,4
There is a slight problem google I have a windows what do I do?,4
OK ok,4
Not bad It works but it only allows me to delete files from the device storage. It will not allow me to delete anything from the external storage / SD card using this...,4
Decent ssh client Only real gripe is that in the terminal session the keyboard opens in a mode that capitalises the first character.,4
HappyAs Love it,4
Like it,4
Very nice,4
Awsm,4
Makes life a bit easier.,4
Superb,4
Amazing But need exit boutton. Plzzzzzzzzzz,4
very good app for developers! This is amazing app for Android developers. But unfortunately  this not work on android 4.4 or higher. How can i get log form android 4.4 or higher?,4
I think it is okay,4
Good clock widget I always use this clock widget  hope to see option for changing font on widget  In that case i will give 5 star.,4
Great app!!,4
Needs contacts/calendar sync Good for managing files but it would be better if it could also manage contacts and the calendar so I didn't need separate apps.,4
Tried & True Solution Simple open source multi platform solution. Only wish it had fingerprint authentication.,4
Why can't I move the storage location to my sd card? The solution seems pretty messy and what happens if it gets updated.... But thanks for trying,4
Does its job - Needs Nexus Imprint support FINALLY received Material update  but pay attention to detail.. There are still elements of Jelly Bean lingering around (cut/copy/paste menu),4
Useful for teaching!,4
Love Extraordinary,4
I like,4
Good Its very useful things,4
Excellent,4
It's cool,4
Lipton,4
"I would give 5 stars IF THERE COULD BE also STATISTICS OF ALL OF THE HABITS TOGETHER  and not just one by one. Also   defining habits also by QUANTITY and not only """"""""""""""""yes"""""""""""""""" or """"""""""""""""no"""""""""""""""" (for example   when I read only 15 pages of a book  while i should be reading 20)""""",4
Google play It is good,4
Excellent,4
Like it If u guys could run the emulator fast then I would rate 5 stars,4
Its very good. My favorite part is also the most annoying however  as since it automatically adds more songs to the download queue you don't have to keep searchin  but downloads can take alot longer.,4
nice ki,4
I fucl Chodi,4
Ok Good,4
Liked it Pretty good if the widget should be placed where ever we want rather than the bottom left  top right or something else.....,4
Not a bad app,4
No problems... Great lockscreen replacement  just add a option to use a alternate wallpaper & a option to add blur to the wallpaper.,4
Superb Search engine,4
Gd,4
When is this going to get a new update? It's missing some useful information now.,4
Khan Smr,4
Ok,4
Nice app App works fine. 4 stars because ads keep popping in.,4
Its very use full & good..,4
Nce,4
Nice Theme Only One Bug Love the font & style  but I use SoftKeyz to change my navbar & the back button always remains stock regardless of what nav key pack I use.,4
Good,4
Great Like it,4
GooD,4
"Good  but need more settings. Hi  can you please add these """"""""""""""""""""""""""""""""sched_wakeup_granularity_ns""""""""""""""""""""""""""""""""  """"""""""""""""""""""""""""""""sched_latency_ns""""""""""""""""""""""""""""""""  """"""""""""""""""""""""""""""""sched_min_granularity_ns"""""""""""""""""""""""""""""""" settings to your app. I like to tweak those in your app. It is located at /proc/sys/kernel/. Thanks""""",4
Great app Very helpfull when on the run,4
Free! At least it's free  unlike some emulators I know... *cough* drastic *cough* and it's quite good,4
Good app It is very good for fast and easy update  to the latest versions,4
Everything is nice but the home button issue that have other users too and a pincode that's missing too,4
All good but not automatic,4
Works perfectly It does what it says. All features work perfectly. The only things that are missing are 1)having the info about the free space on server 2)renaming torrent files (very useful option to make torrent names compatible with media server library). To do that I have to use the transmission remote I have on my win PC. It will be 5 stars when this option will be available.,4
ok,4
Mukhles nice,4
Very satisfied so far,4
Lahore,4
Love it...BUT... ...I can't figure out how to save games. It keeps saying you can only do that from the menu  but all I find is help and settings. Any help?,4
A bit basic Nice app and seems to log fine  but please make the charts zoomable as one can not see details and exact hours now. Thank you!,4
Trouble when saving edits... Everything is fine but there is an error in 'save' option.,4
Its great just wish you didn't need wifi to listen to music.,4
Very satisfying,4
Has most of the WordPress admin panel features Thanks guys!,4
Great free SIP client When forwarding calls  would be great it's not direct but to allow returning to the caller and talking to the target number too. BT sound is low,4
Good roguelike The game is tightly controlled  easy to understand  and overall a good rendition of the Roguelike genre. It's pretty standard though  and doesn't do anything too out of the ordinary. Great app!,4
OK,4
Would be great if you added a parallex feature,4
Love the app  one of the best. Only gripe I have is the button size  kinda small on tablet. I tried the settings menu and selected large buttons  but they are still pretty small. If you could fix this  would be the perfect app.,4
Fan Fan fan,4
So far my favorite podcast app!,4
Awesome Best app for increasing knowledge,4
Useful,4
Needs Push Notifications Will move to 5 stars when push notifications become available. Otherwise  great app to replace FB and it's bloatware.,4
AWESOME Good graphics good controls good game!!! ?,5
Cool Awsome,5
Wonderful,5
Great Loved it what can I say,5
Best thing for youngsters,5
Good Its the graphical view of our mobile and sd card storages,5
jaiho,5
Mr burden Loved it,5
Nice,5
Mdshaddam7664935193,5
Respected Love how you don't ask for permissions.,5
Nice Very nice,5
Samyaum... Xxx,5
It's good,5
Nice App  easy all step future for Manage blog post  loved it.,5
Too all I love Google play I hope you do to . Hope too see you all.,5
awesome best roooooot evver !!!!!,5
Gud work Nothing,5
It is like the original psp Thankhu for the publisher thanks,5
Beautiful theme,5
The app is fireeeeee! This is seriously Amazing! I would suggest everyone having hard time finding rhyming words to write a song or poem. This app is very handy! Kudos to you developers!,5
Nice user interface ! Works fine on Android 7.1 Nougat .,5
Nice,5
Working great for me.,5
Love it cool Cecilia Lissette primera,5
Does everything I want from a clipboard manager.,5
This is very useful app. I really enjoy it till wards......,5
Good one..!! Working better..!!,5
By far the most full featured OpenVPN client on Android. Active developer too  keep up the great work,5
Good,5
This is the nest messaging app ever I have used this is so useful and the free sticker 😋 I love them...,5
Best app... I loved this app ....,5
Best app ever,5
Love this Useful apps for Google services,5
Great ereader Nice clean reader. Don't have to trail through book adverts to get to it. Nothing fancy just easy and clear. I do recommend it.,5
I loved it Yes,5
simple and easy to install the apps.,5
Tan,5
Quick & Easy Making ring tones couldn't be easier. Highly recommended.,5
Gd,5
Jhakas,5
Very useful,5
Dr. Richard Spitzberg Tel Aviv University,5
Awsome Really fast to download I really loved it☺☺☺,5
Get it! Love this game. Even though its not finished yet it is a solid game. Once I start playing it I can't stop.,5
Good,5
Fun while it lasted,5
I can't seem to crash it!? I'm running on Kit Kat and most browsers are pain to use  they crashing every five minutes but Lightning Browser just keeps on trucking. It works with the dark web better than anything else I've tried on a tablet. Happy to support this work.,5
Good! Fantástica! Lo que siempre deseé dsde crío: saber nombrar lo q veo en el cielo. Además  funciona con nubes! ;-)) Needs an update  maybe. Just calling the community to make a little effort ;-).... EDIT :3 years for an update! Where did you were?,5
I Iove it,5
Has Nothing... But they are the best app in terms of innovation in a chat environment... VC and all are not needed in chat apps... But Tele has stickers... which no one can beat..,5
Love it The book of Life,5
It is a really good app,5
Nice Loved it,5
Best,5
Every thing is just there.,5
Good app,5
"The quality of voice call is great! Even i can say  better than WhatsApp!! Add Video calling... & If possible  status message! And  an option to temporary deactivating the account!! Video compression doesn't work  it's increase the file size! I don't want to lose everything in my account while deactivating... Or add some options in the deactivating page! Like """"keep chats  keep «chat with yourself» section  keep channel's""""... Could you add an option to send messages at the specific time?! Something like timer on posts that sends automatically in a certain time... It can be revolutionary! 😄 why you don't add Persian language?! Need help? I'll help you!!!! Just add it ASAP please... &... When I playing a music from a channel  there's no way to tap on music and get to the channel! or when i click on the photo from """"Shared Media"""" there's no option to get to that message on the channel... When i tap on a profile in the contacts list after pressing the back button it show the first contact! unlike the chat screen that stay on the last message that you read... Fix it pls  thanks & keep it up...",5
Great app,5
Tiny  responsive UI  useful Also  fast and secure.,5
Please increase the number of chats we can pin to top,5
WWE FAN CHAT! JOIN US @WWETALK RIGHT NOW! :) :),5
Me Good one,5
Its very helpful for twenty one pilots music |-/,5
Cool,5
Wowza One of the coolest apps ever...if this thing could move files it would be so amazing. One of the true must haves. Great job dude. People....get this!,5
Perfection is less than enough,5
Good K,5
Excellent App (NPR is NOT THAT BIASED) I consider NPR to be a relatively dependable news resource- although people dramatically exaggerate the extent to which it is biased. If anything it is very slightly left  but mostly in the center. People really need to chill out about it. Fox and CNN are WAY worse. Also  NPR does an excellent job of keeping its listeners/ readers informed  especially with this app. For example  meaningful discussions and various programs are offered in different states  while other TV sources focus on Obama's tan jacket.,5
It really usefull and fun to play download it😃👍,5
Astig Monnazyan team,5
Very good Thanks,5
Love,5
jest fun,5
this app is your very cool app Android is very fantastic Ahmedabad good I like this sir,5
Fine,5
Good,5
Supper,5
Without this app I am nothing  I don't know any other apps for downloading games and so on.,5
Excellent. Many options of sounds available. Just what i needed. Simple and elegant.,5
Floating windows is polished  easy and it rocks.,5
easy to use It is an awesome app and also provide additional security layer for your accounts.,5
YEEEES!!!! This is brilliant!! I've always needed an app that would make MAL using easier on phone!!! thank you!!,5
It is worjing,5
All apps cantrol Nice,5
Great app Love it,5
This is a good app for my mobile. I hope that it is well for all,5
good,5
Great app,5
was,5
Yes. Push the button.,5
Heang Heang,5
Good,5
Apps hebat,5
Made with indian love Great app keep it up,5
Must have Great app just works,5
UPDATE THIS ALREADY JESUS,5
Fantastic Shame that Facebook removed messaging from their mobile site. I've been using this app for two years.,5
Rimi Rimi,5
Perfect Description It's a representation of an old Rpg game it an video game app better than all others I found easy to move and play but not an easy game it's self I enjoy this game on a normal basis I hope and promise you can to.,5
Addictive Some of these puzzles are amazingly addictive. I always want to do another one after I finish one. I would like to see a hint button sometimes.,5
No 1 Do dout,5
Madhu Nice,5
Nice,5
I've been able to find every song I've looked for so far. It's free and easy; best app for music I have used yet.,5
Lovw,5
Google is great,5
awesome app I've been using this app for years and it never fails me :),5
Love it!!! Thank you for making such a useful app. Works excellent.,5
One of the best games I have played on mobile so far. Really difficult  and calms us from the frustration of these type of games. It allows us to keep trying on a different layout with more twists than there are turns.,5
"The Best !!""""""""""""""""""""""""""""""""""""""""""""""""""""""""""""""""!!""""",5
It helps our android very quickly,5
Good Light weight app.,5
One of the best apps,5
Good luck,5
Hawt,5
Orbot بسیار عالی,5
Great features Simple and fantastic. Just now after two weeks using it  I noticed how I performed my daily or weekly habits .... I really enjoyed!,5
Us is ohsome,5
Love No knowledge,5
Awsom :3,5
So great! It works and listen to your favorite song for FREE!,5
Good,5
awsome!!!!! thank you!☺☺☺☺,5
OI File Manager I looking for .......,5
great emulator ps games on handheld device yay,5
Love it...!,5
The best launcher I like,5
It's amazing. And fully free,5
Good Job I like it so much. Easy to use.,5
So good,5
Google play store KJB,5
Loved,5
Small & good,5
Pulop,5
nice,5
Useful,5
Avare Pilotnavcharts,5
Awesome Light and so many feature that help our productivity,5
Woooow OUR EXCELLENT INDIAN APP👌👌👍👍🆓🆓🆓🆒🆒 🏆🏆,5
Injoy my life,5
thet paing oo thet paing oo,5
Its very good but Some games crash,5
Good Good,5
Good apps,5
excellent,5
ഉഗ്രൻ.. Best available keyboard for malayalam (മലയാളം സ്വനലേഖ). Far way better than Google indic keyboard. Really let you type what you intended to type  though takes a bit of time to learn for beginners. Could be better if updated with customised emojis.,5
Amazing,5
Best,5
Useful Telegram helped me to talk with my family n friends. Thank you creator!!!,5
Can you please add time lapse feature??,5
Useful,5
Jseu Sheh,5
Troll I have nothing to say but troll troll troll troll troll troll XD spam,5
Wow SO COOL!!!!!!!,5
Good?,5
I love Frost wire,5
Love It I haven't missed a Bart ever since I downloaded this app. Great job!,5
Loved it,5
It is a fantastic app,5
Mgm Mgm,5
Love this game and very addicting.,5
The best app for messaging,5
Thankss..now i can play monster hunter without psp. Loving it. 😄,5
Nexus 6p running latest PN rom. So far everything works as expected. Good work,5
it's best app for me osm,5
Great App -&gt;Reliable -&gt;East to use -&gt;awesome,5
Perfect! Widget displays current consumption (in mA) or charging rates in plain/simple text! Exactly what I want. Text is editable  including size and color. (Android Zenfone 2),5
I played my favourite game call of duty psp Samsung galaxy a3,5
Very useful,5
Tor is a wonderful tool. Useful to hackers  activists  and punk kids trying to get around firewalls!,5
Just luv it Try it out.. True free app.. Reall works.,5
Hannan OK,5
I can reorder now! Reordering accounts to put my most used on top  and a bonus dark theme! The last update made this app perfect. Thank you!,5
Nice app I like I will write a better review later :),5
Helpful Handy,5
Great service,5
An,5
Its gud to c,5
Slick  very slick app,5
Good app that can change everything...,5
its useful good,5
Fantastic app Could use some quality of life improvements  but nothing that would drop the rating below 5 stars. Does exactly what I need. :),5
Great I just love it,5
Jzfh C to kg s,5
Everything you need with no frills Hits the sweet spot of having quit a lot of functionality without being cluttered with useless/confusing features. And no ads be awesum,5
Write a short review,5
Superb app all barcodes read with in a second...,5
Best rpg on the playstore Love it! But come on guys it's been 3 years or so. Update it already so the quests cam be complete and we can go to the other areas not yet ready like rengaurd and the Qwest lost treasures,5
Fantastic,5
Book Catalog I carry all my book titles with me with this app  so I don't by books I already have.,5
It's amazing,5
Nice,5
It is awesome I love it,5
Good app,5
Awesome! Now I can play my games and go on the net. Without this I don't know what I will do,5
Hi Hi,5
Bitchin yo It appeares to be quite the bitchin app... Yo?,5
Best app This app is very good and requires less space.,5
Ginnie Lewis I've loved this game for years now but every time I by a new tablet  I have to start over....its,5
Good one,5
Good to enjoy.,5
Google photos Ts so user friendly,5
For google play I need google play!!!,5
Loved it,5
Excellent application! Very fast.,5
OMG YES! Very handy. Especially with access from notification tray... (I dislike floating buttons),5
Contents There has so much articles. I really want tk thanks to wikipedia foundation for help us. We're students so we have to aquire a vast knowledge and wikipedia which is a big encyclopedia help us as a good friend.,5
Supr,5
Raesh,5
Joshim,5
Super,5
REZA f So good,5
:-) :-) mazing wonderfulness popping out to the opening u need to use this app,5
Like Like,5
Loved it Superb,5
I love korea Lee min hoo,5
Im satisfy i love it tnx,5
Nice third party app with extra great feauters.😊😊😊,5
Great for someone like me who has OCD and wants everyone to have a contact photo but doesn't have the time. Seriously... beautiful designs.,5
Titel Description,5
thank you for everything,5
Good,5
Excellent Really good email app  works fast and consistently.,5
Great one!. It makes me like working on desktop. Really yes!.,5
Life time Good version..,5
Fast & accurate Not much to describe. It works well & easy.,5
It is good,5
Good Simply awesome! !!!,5
Great Works great for it's purposes!,5
Hey!This app is very useful and 100 % work.If u have save error occurred try this(1)allow storage permission for this app in ur phone(2)if u have drafts or save restore and save again.,5
Radio v7ab majuro My song,5
Speed,5
Great!!!! ?Would recommend!!!,5
Love it very much Games,5
Love this app Well done,5
It's good,5
Working Simple and easy no fancy extras and it works,5
If you want fast emulator  try to download drastic. ?,5
I love this,5
It's clear users have no idea what this app is for. You don't interact with this app  people. This is a system app you have no control over. It's necessary for the device to operate properly.,5
Easy to get apps,5
Saikumar Super,5
all cool  keep going,5
Koi nahe loved it,5
Good,5
Perfect,5
&lt;3 Clementine!,5
Gool Best place for info,5
G Good,5
Great,5
Ahmad Shah,5
Would not update binary Plz fix it if possible,5
Great it s,5
Nice app,5
Love it! Truly helps my migraines disappear with the morphine one!,5
I really like this app,5
Excellent ! Really handy !,5
Very important Addictiveness for your email us or the information I think,5
Surprised It's just perfect man!!!,5
Mohr.wais Mohr.wais,5
Wonderful. Thankyou for fixing TTS problems in 4.2 update. This is a superb tool for accessing offline Wikipedia. I love this app and cannot recommend highly enough.,5
Loves it! I love it every time I need to take a picture or download a camera app for new phone or tablet I come looking for this one! Such a good app!!!,5
Love it,5
Best The best app of its kind. Thanks to the devs.,5
Brilliant app  thank u for the informative experience.,5
Thank you for creating this app! 😄,5
Good This is a very good application to be use by every one.,5
difficult to download this app,5
The Best Blogging App I just love this  bringing blogging at the palm of my hand kudos team Automatic,5
Awesome! Great!👌,5
Amazing,5
N job Onoproblems,5
Excellent Excellent,5
The best app,5
get all my favorite songs,5
Good,5
Very good camera Better than the stock camera! If only it can replace the shortcut button on the home screen. Anways  theres a bug each time I try to delete a photo from the camera screen after I take it. The picture will be gone  but the file remains. In gallery  it will be seen as a invalid image. Other than that  good work so far!,5
Helpful It gives us info about which app we wnt to use,5
Wow,5
Good,5
Love it...Ameazine Awesome Scanner I ever seen.Thanks for creat it,5
I love it it's bomb,5
Very nice,5
Useful This is very helpful for students.,5
Awesome,5
The only reddit app I use. Simple interface that just makes everything work well.,5
Important apps অসাধারুন একটা Apps....♥♥♥,5
Do not miss this tool Critical for getting complete and accurate info about battery usage.,5
God is good,5
This app even more than a few weeks,5
Ma's,5
Excellent in every way Forget all the other apps,5
Excellent This is very useful  thank for the offline encyclopedia  KIWIX IS THE BEST,5
Awesome Great app. New look is a bit unusual  but doing the trick. I don't have any issue  works perfectly fine for me. Thank you.,5
What more can someone ask for? Free  no ads  smooth game without unnecessary animations. The puzzles are pretty fun too.,5
OMG! Works Perfectly!,5
Great app,5
It's actually fast Good to see this emulator is still being worked on in the unsupported builds. Oh and video scenes in the RE games skip  distorted  and pixelated.,5
It works That's how I like my apps  with little bugs. I get my podcasts  99% of them play after I download them.,5
Best app I've ever used for a table top Flawless,5
It's perfect. The only problem are the controls. But it can be fixed by using a wireless controller through bluetooth.,5
Too useful: must have! The best app to discover the cause of battery drain and what's going on in your device. Anybody really interested in his device's operating principles must have this app. For guides or questions just search on Google or on XDA.,5
I It is very good app,5
Very good,5
Perfect fit Great app  works as advertised,5
I love it,5
The kushubu,5
Like,5
Good stuff Its a stable App has good development and good features. Just a note to the dev though  I wanted to donate to you  but that donation app has hideous permission for an app that does nothing. Please fix it. Otherwise  keep up the good work!,5
Not like that,5
The best,5
Best!!,5
Epitome of creativity. Loved the concept. If possible please introduce some more genre/TYPE like full APLHA WAVE SESSION or complete binaural beats.,5
Its very important app between students. Thanks #Telegrame,5
Amazing Free open source better GUI than desktop version.,5
its fun to use and its faster to use then conventional launcher  its really fun iam enjoying it,5
Fine Very good,5
Greatest,5
Helpful,5
Long My tm,5
Tamim,5
Aryan raj So cool,5
I loved this app. It did everything I needed it to. Then they took off playback speed. It took 3 months to bring it back. In the meantime I purchased a different audiobook reader (Smart Audiobook) so I won't be reinstalling this one. It's a great free app and I recommend it  but maybe don't expect it to be stable or to resolve its own issues.,5
Works well and is beautiful! Just want I was looking for! I can have the wallpaper I want but still easily see my apps and widgets!,5
Ashok Jatiya,5
Really good,5
Loved It!,5
Lil baby its fun,5
Good But old,5
It is nice,5
Love it Movies,5
Google's NO SIGN-OUT Solution Works good to secure ur phone if u have another phone to accept th authenticaaction code 4 securing an android phone that will NOT LET U SIGN-OUT! Google has no real sign out for their newer apps. Shame on Google for such a huge security breach. So this is better than nothing. Just don't use th Gmail app use ur browser to open ur gmail that way u CAN sign-out. Just tap inbox button  tap ur Gmail name n choose sign out. + u can remove ur account in ur phone settings  when u take ur phone outside ur house.,5
Love you,5
Very very good,5
Excellent!! NO PERMISSIONS REQUESTED. 5 stars just for that. Extremely functional  especially for rapid multitasking. If you are sick and tired of trying endless  meaningless  resources-hungry  boring launchers  just do yourselves this favor an download this app. Your Android system will never be the same again . Works like a charm in Android 6. Give it a try! Thank you so much Dev!,5
Maximize camera performance Great,5
Would be willing to pay for it The best I've found.,5
The one and only Telegram  the best if best👍,5
Nice app,5
Use this app for bicycle touring. Ditched paper maps as a result. Invest a little time to familiarize oneself with all the features. Well worth the effort. Dont usually pay for apps but did for this one.,5
Is the best I ever have,5
Awesome,5
bju hihgfn,5
Good,5
Pros love,5
Excellent choice to keep dumb people away from your phone.,5
Love d ittt Bbbbe,5
Big! Love the clarity  no more fuzzy pics  no more micro size...,5
Nice,5
I love it too much.,5
So good,5
Awesome app Thanks!,5
So good Love the 1x1 widgets. Really useful.,5
thank*s gan..good job.,5
ITS AWESOME FOR STUDIES,5
Shafeek Polukkum,5
Just buy it It deserves his money,5
Great quick fix,5
Easy to use and a very useful application for rooted phone,5
Nice,5
Perfect I love art so much so this app is perfect for me,5
I does exactly what it says! Gives you an awesome background.,5
Leon Jasharaj,5
Story edit by jishan,5
Great app  add galaxy s7 please,5
Nice Good,5
Love this app. I love this app  but the last few days the LA Times crossword puzzle won't download.,5
Best,5
mohdarshadali,5
Nice app  work better than whatsapp,5
Better than others. Had binary issues managed to get through them with the help of this I was annoyed by kinguser app and with this I got rid of that. 5/5.,5
Like Love,5
Awesome apps.,5
all title like all,5
Like Like.,5
Great game overall ^~^,5
Clip stack coolness Clip stack really is a nifty gadget app. Helps a lot when I may have copied something over the last copy. And to me that is more helpful enough. But the other features are nice to have. :),5
Adds but works so well.,5
Useful,5
The Core of Android OS Google Play Services is a very necessary component of Android OS. It must be installed & always need to be updated to ensure the best possible Android experience. It is also needed to use Google services. So guys  don't ignore this app. It is the most required component of Android..,5
Galing Importante kaau ni sakong device.tnx kau,5
Love this app,5
Such a good game! You know something's good when there's a gajillion spinoffs of it. This is one of the few app games that care more about having fun than making money. Definitely try it out  you have nothing to lose!,5
I like it,5
I absolutely love rage comics and now i can make my own...I see no problems with it yet😄😃,5
Thanks,5
¡Excelente! Me ofrece todo lo que podría necesitar.,5
Good apps,5
Nyc So suprr,5
Good,5
Good,5
Love it Run most programs thru it for privacy just remember not to run clock thru it or you will have time of another land ;),5
SUMAN Kumar,5
I love it,5
Using tor keeps u safe,5
GREAT! Easy to use,5
Good Good,5
This is prodigy,5
Good,5
