tenure,monthly_charges,contract_type,support_calls,data_usage_gb,senior_citizen,TRUE_PROB,churn
38,62.68,Month-to-Month,3,18.3,0,0.3345,0
27,67.48,Month-to-Month,1,1.97,0,0.4617,0
26,102.94,Month-to-Month,2,4.44,0,0.7994,1
26,57.21,Month-to-Month,0,28.58,0,0.2535,0
61,78.74,Month-to-Month,3,14.02,0,0.1898,0
43,88.73,One Year,2,0.91,0,0.2588,1
23,27.17,One Year,2,5.68,0,0.1113,0
38,52.23,Two Year,3,10.48,0,0.0842,0
33,86.22,One Year,1,9.59,0,0.2793,1
9,51.01,One Year,2,11.45,0,0.3803,1
16,73.29,One Year,0,4.89,0,0.3608,0
34,49.83,Month-to-Month,3,1.55,0,0.3331,1
58,56.09,One Year,2,5.0,0,0.0402,0
26,53.65,Month-to-Month,2,8.35,0,0.3994,0
22,77.73,Two Year,0,7.5,0,0.2319,1
31,69.03,One Year,2,0.59,0,0.2618,0
21,66.98,Month-to-Month,2,0.54,0,0.616,0
25,115.15,One Year,1,26.88,1,0.6438,1
29,99.79,Month-to-Month,1,1.32,0,0.7059,1
16,25.38,Month-to-Month,1,2.79,1,0.3408,0
44,56.13,Month-to-Month,1,11.68,0,0.1558,0
14,113.53,One Year,0,4.22,0,0.7253,1
13,53.51,One Year,3,1.6,0,0.4302,1
32,106.75,Two Year,1,5.04,0,0.369,1
42,56.47,Month-to-Month,2,6.73,0,0.222,0
32,60.32,Month-to-Month,1,4.82,0,0.3244,0
28,82.27,One Year,3,20.1,0,0.3994,0
25,63.2,Month-to-Month,5,2.68,1,0.7548,1
23,74.89,One Year,2,8.66,0,0.3874,1
49,96.5,Month-to-Month,1,0.95,0,0.3993,0
35,80.18,Month-to-Month,1,3.98,0,0.4555,1
24,67.83,Month-to-Month,1,10.81,0,0.4832,0
20,98.47,One Year,0,2.04,0,0.5319,1
40,82.53,Month-to-Month,0,7.13,0,0.3313,0
48,50.33,Month-to-Month,2,1.33,0,0.1485,0
46,104.6,Month-to-Month,1,0.87,0,0.509,0
18,77.85,Month-to-Month,2,5.93,0,0.7191,0
25,60.73,Month-to-Month,5,8.99,0,0.657,1
23,24.58,Month-to-Month,4,0.96,0,0.3522,0
27,37.45,One Year,0,19.99,0,0.0651,0
44,99.0,Month-to-Month,0,2.05,1,0.5042,1
55,99.79,One Year,2,1.02,0,0.1936,0
35,66.71,One Year,2,1.81,0,0.2,0
21,29.6,Month-to-Month,2,1.49,0,0.3063,0
29,43.26,Month-to-Month,1,0.76,0,0.2545,0
60,32.52,Two Year,1,12.79,0,0.0072,0
31,31.8,Month-to-Month,2,5.47,0,0.1962,0
25,105.54,Month-to-Month,1,3.93,0,0.7834,1
26,106.2,Month-to-Month,4,24.07,0,0.8443,1
35,42.58,One Year,0,3.71,0,0.0598,0
19,64.83,One Year,3,1.46,0,0.4503,1
22,39.3,Two Year,6,2.56,0,0.2688,0
46,64.7,Two Year,4,2.18,0,0.1181,1
35,97.79,Month-to-Month,2,5.53,0,0.6592,1
31,86.57,Month-to-Month,2,2.76,0,0.6313,1
47,81.17,Month-to-Month,1,5.81,0,0.288,0
20,61.12,Month-to-Month,2,8.85,0,0.5538,0
25,90.24,Month-to-Month,2,12.02,0,0.7115,1
34,77.93,Month-to-Month,2,9.91,0,0.4832,1
34,73.08,Month-to-Month,2,1.84,0,0.4798,0
13,62.69,Month-to-Month,2,0.99,0,0.6955,1
23,71.37,Month-to-Month,0,6.25,1,0.5506,0
27,70.77,Two Year,1,1.77,0,0.1953,0
36,54.17,One Year,0,0.71,0,0.0868,0
33,49.5,Two Year,1,5.99,0,0.0682,0
28,45.06,Month-to-Month,2,3.17,0,0.318,0
9,46.34,Month-to-Month,1,11.29,0,0.5207,1
29,61.24,Month-to-Month,1,3.02,0,0.3804,0
30,57.95,Month-to-Month,2,30.8,0,0.2995,0
72,52.59,Month-to-Month,2,11.37,1,0.0497,0
26,51.1,Two Year,2,0.5,0,0.1409,0
34,70.84,Two Year,0,5.69,0,0.1036,0
51,92.55,Month-to-Month,1,6.62,0,0.3223,0
42,64.78,Month-to-Month,2,9.51,0,0.2649,1
56,63.47,Month-to-Month,3,5.51,1,0.214,0
13,46.3,Month-to-Month,1,5.28,1,0.5575,1
17,60.54,Month-to-Month,3,3.67,0,0.6718,1
21,88.81,Month-to-Month,2,2.53,0,0.7651,0
11,85.75,Month-to-Month,0,23.38,0,0.7038,0
30,84.36,Month-to-Month,2,3.06,0,0.6184,1
17,83.72,Month-to-Month,1,0.52,0,0.7368,1
60,73.73,Month-to-Month,2,1.46,0,0.1618,0
19,73.02,Month-to-Month,2,15.57,0,0.643,0
25,69.9,Two Year,0,7.07,0,0.1625,0
44,56.66,Month-to-Month,0,12.07,0,0.1283,0
14,66.67,Two Year,2,13.23,0,0.3277,0
11,69.31,Two Year,2,13.86,0,0.3919,1
32,77.66,Two Year,2,6.4,0,0.212,0
33,67.01,One Year,2,1.56,0,0.2196,0
43,107.1,One Year,4,1.28,0,0.5171,1
38,40.8,Two Year,1,6.83,0,0.0388,0
34,80.09,Month-to-Month,1,3.65,1,0.5377,0
20,64.18,Month-to-Month,1,6.53,0,0.523,0
33,65.04,Two Year,3,5.52,0,0.1767,0
34,48.75,One Year,0,7.37,0,0.0739,0
20,85.39,Two Year,2,0.5,0,0.45,1
68,78.06,One Year,0,0.5,0,0.0308,0
37,81.67,Two Year,1,10.23,1,0.1858,0
17,68.38,One Year,2,1.72,1,0.52,1
43,58.5,One Year,2,8.45,0,0.0957,0
47,63.67,Month-to-Month,4,6.33,1,0.3849,0
36,73.67,Two Year,2,32.05,0,0.1121,0
26,24.89,Two Year,1,14.43,0,0.0415,0
19,82.46,Two Year,3,4.26,0,0.4795,1
28,113.52,One Year,2,7.67,0,0.643,0
35,74.61,Month-to-Month,4,1.0,1,0.669,0
30,59.38,Month-to-Month,0,3.91,0,0.299,0
58,61.78,Two Year,1,10.59,1,0.032,0
40,79.15,One Year,4,7.8,0,0.3044,1
18,59.83,Month-to-Month,0,5.3,0,0.4578,1
16,82.37,Month-to-Month,1,1.55,0,0.7431,1
37,61.52,Two Year,1,13.0,0,0.0735,0
26,99.28,Two Year,3,2.55,0,0.531,1
42,98.73,Two Year,1,13.74,0,0.1822,0
37,58.4,One Year,1,7.57,0,0.1061,0
28,63.38,Month-to-Month,2,3.73,0,0.4672,1
18,64.55,Month-to-Month,3,0.5,0,0.6923,1
12,64.82,Month-to-Month,0,2.12,0,0.6069,1
33,46.05,Two Year,1,17.59,0,0.0538,1
14,43.25,Month-to-Month,3,13.63,0,0.5285,1
18,90.0,One Year,0,6.84,0,0.4753,1
32,86.8,Month-to-Month,1,5.02,0,0.5517,1
30,86.45,Month-to-Month,1,8.33,0,0.5589,0
15,63.61,Two Year,0,5.02,1,0.2782,0
49,102.84,Month-to-Month,1,8.27,1,0.4926,1
49,64.55,One Year,2,2.94,0,0.0926,0
38,82.26,Month-to-Month,3,14.59,0,0.5083,1
38,37.23,Month-to-Month,2,9.68,0,0.1521,0
38,60.41,Month-to-Month,3,3.2,1,0.4351,0
72,61.88,Month-to-Month,0,14.21,0,0.0303,0
47,63.69,One Year,2,5.35,0,0.0978,1
40,38.49,Month-to-Month,3,1.54,1,0.2396,0
19,79.08,Month-to-Month,0,0.65,1,0.6936,1
26,85.57,Month-to-Month,3,9.62,0,0.721,1
72,50.12,One Year,2,16.03,0,0.0123,0
9,42.05,Two Year,2,13.18,0,0.2198,0
23,49.62,Month-to-Month,5,8.53,0,0.5982,0
49,74.91,One Year,2,1.22,0,0.1258,0
20,53.07,One Year,1,0.79,0,0.2377,0
41,62.32,One Year,2,3.39,0,0.1289,0
30,43.53,Month-to-Month,6,15.44,1,0.5473,0
20,104.59,One Year,1,26.11,0,0.5529,0
8,66.46,One Year,2,2.21,0,0.5586,0
32,87.99,One Year,0,11.49,0,0.248,0
19,74.86,One Year,5,6.82,0,0.6365,1
28,64.16,Two Year,3,0.5,1,0.2956,1
38,63.13,Month-to-Month,5,6.26,0,0.4998,0
45,50.5,Two Year,2,13.12,0,0.0427,0
23,55.99,Month-to-Month,0,2.59,0,0.3687,1
20,44.84,One Year,0,18.21,0,0.1183,0
14,42.66,Month-to-Month,1,2.16,0,0.4437,1
46,106.73,Month-to-Month,1,0.64,1,0.6059,1
72,70.58,One Year,3,1.39,0,0.0391,1
48,94.31,One Year,1,14.51,0,0.163,1
53,49.12,Month-to-Month,2,4.32,0,0.1047,0
20,39.97,Month-to-Month,3,12.75,1,0.4928,0
37,45.44,Month-to-Month,1,6.06,0,0.175,0
43,56.56,Two Year,1,5.24,0,0.0511,0
2,65.73,Two Year,4,13.16,0,0.6124,1
16,61.98,Month-to-Month,2,4.41,1,0.6957,0
62,49.54,Two Year,2,12.96,1,0.0201,0
12,66.75,Two Year,2,0.85,0,0.3961,0
57,68.51,Month-to-Month,3,8.09,0,0.1797,0
12,79.05,One Year,1,9.7,0,0.5121,1
17,94.41,Month-to-Month,0,18.35,0,0.7162,0
37,57.72,One Year,0,2.03,0,0.0903,0
30,89.31,Month-to-Month,4,7.42,0,0.7483,1
24,66.32,Month-to-Month,2,4.54,0,0.5558,0
61,34.45,Month-to-Month,2,3.86,0,0.0427,0
14,100.67,Month-to-Month,1,0.9,0,0.8594,1
27,110.45,Two Year,2,1.15,0,0.5558,1
39,77.38,Month-to-Month,1,14.51,0,0.328,0
34,66.8,Month-to-Month,1,11.08,0,0.3297,1
21,59.57,Two Year,1,3.85,0,0.1869,0
21,55.72,Month-to-Month,1,14.1,0,0.4053,1
44,89.21,Month-to-Month,0,0.67,1,0.4135,1
45,64.65,Two Year,1,7.84,0,0.0558,0
34,98.48,Two Year,1,16.21,0,0.2489,1
18,65.7,Month-to-Month,2,14.6,0,0.5933,0
22,56.75,Month-to-Month,1,3.73,0,0.4469,0
29,52.97,Two Year,3,10.94,0,0.1417,0
31,50.13,Month-to-Month,2,4.46,0,0.3138,0
39,75.28,Month-to-Month,3,14.67,0,0.4385,0
26,39.11,Month-to-Month,2,6.05,0,0.2885,0
44,48.63,Month-to-Month,4,11.58,0,0.2307,0
44,91.49,One Year,0,0.65,0,0.1815,0
54,45.91,One Year,3,7.13,0,0.0438,0
30,82.25,Two Year,4,6.39,0,0.3784,1
35,23.74,One Year,2,7.53,0,0.0503,0
27,94.0,Month-to-Month,5,9.52,0,0.8395,0
18,39.6,Month-to-Month,2,20.02,0,0.3488,0
72,47.47,Two Year,1,12.32,1,0.0082,0
51,78.61,Month-to-Month,2,1.98,0,0.2825,0
43,70.41,Month-to-Month,3,13.98,0,0.3345,0
29,82.9,Two Year,0,1.04,0,0.2038,0
18,39.43,One Year,1,7.79,0,0.1647,0
47,59.26,Month-to-Month,1,17.15,0,0.1359,0
27,52.66,Two Year,1,0.85,0,0.1143,0
36,42.8,Two Year,2,15.16,0,0.0523,0
22,76.92,Month-to-Month,4,12.82,0,0.7519,1
33,83.86,Two Year,4,5.61,0,0.3444,0
22,58.26,Month-to-Month,3,2.96,0,0.5771,1
23,95.45,Month-to-Month,2,4.16,0,0.7887,1
33,49.29,Two Year,6,27.7,1,0.2022,1
12,94.97,Two Year,4,1.8,0,0.7428,0
13,76.24,Month-to-Month,0,6.93,0,0.6698,1
20,40.53,Month-to-Month,1,0.7,0,0.3496,0
26,104.63,Month-to-Month,1,1.97,0,0.7706,1
45,56.11,One Year,2,11.53,0,0.0786,0
27,89.1,Month-to-Month,1,2.88,0,0.6475,0
29,67.91,Month-to-Month,0,34.02,0,0.2736,1
25,72.49,Month-to-Month,0,5.56,0,0.4616,0
35,83.02,Month-to-Month,1,5.81,0,0.4738,0
18,81.92,Month-to-Month,1,0.5,0,0.7121,0
28,58.16,Two Year,0,25.08,1,0.0995,0
36,75.63,Month-to-Month,1,1.53,0,0.4058,1
33,74.13,Month-to-Month,2,6.18,0,0.4819,0
30,69.27,Two Year,2,4.03,0,0.1966,0
30,60.93,One Year,2,4.3,0,0.2151,0
38,69.23,Month-to-Month,0,8.25,0,0.2575,0
72,104.35,Month-to-Month,2,8.68,0,0.1981,0
19,59.1,One Year,2,1.34,0,0.3371,0
72,89.13,Month-to-Month,2,5.54,0,0.132,0
19,52.61,One Year,1,12.5,0,0.2153,0
7,47.37,Month-to-Month,2,4.69,0,0.6335,1
22,120.0,Month-to-Month,3,1.45,0,0.9247,1
35,75.8,Month-to-Month,1,3.01,0,0.417,0
68,76.35,One Year,2,1.91,1,0.0603,0
18,76.9,Two Year,0,1.08,1,0.3587,1
38,93.15,Month-to-Month,3,3.79,0,0.6459,0
13,73.16,Month-to-Month,1,6.23,0,0.6927,1
67,81.32,Month-to-Month,4,0.6,0,0.2142,0
51,43.83,Month-to-Month,2,7.41,0,0.0946,0
23,84.68,Two Year,2,39.72,0,0.2699,1
10,60.26,Month-to-Month,1,26.62,0,0.5626,1
55,78.43,Two Year,1,14.14,0,0.0458,0
28,30.7,One Year,2,2.48,0,0.0998,0
53,77.6,Two Year,3,0.5,0,0.0996,0
29,20.16,One Year,1,14.34,0,0.0429,0
30,59.48,Month-to-Month,3,0.5,0,0.4802,0
23,30.89,Month-to-Month,2,1.84,0,0.2841,0
40,77.66,Month-to-Month,2,6.29,0,0.4078,0
31,66.39,Month-to-Month,1,1.57,1,0.4693,0
38,49.58,Month-to-Month,2,14.36,0,0.2048,0
12,93.69,Month-to-Month,1,12.01,0,0.8258,1
54,47.07,Two Year,2,11.28,0,0.0233,0
60,20.0,Month-to-Month,3,13.55,1,0.0408,0
31,75.27,One Year,2,1.98,0,0.3008,1
72,29.67,Two Year,1,10.44,0,0.0034,0
65,47.7,Two Year,1,3.51,0,0.0105,0
40,54.65,Month-to-Month,0,8.79,0,0.1491,0
56,36.52,Month-to-Month,0,1.04,0,0.04,0
49,55.13,Month-to-Month,2,9.78,0,0.1493,1
10,36.89,Month-to-Month,1,28.64,0,0.3598,1
25,68.25,Month-to-Month,2,0.5,0,0.564,0
42,40.43,Two Year,2,0.79,0,0.043,0
62,65.6,Month-to-Month,0,1.06,0,0.073,0
13,88.24,Month-to-Month,2,4.5,0,0.8388,1
10,80.65,Two Year,2,2.75,0,0.5421,0
28,63.37,Month-to-Month,1,13.16,0,0.3684,0
8,45.23,Month-to-Month,1,5.14,0,0.5484,1
28,68.18,One Year,1,5.3,0,0.231,0
35,51.09,Month-to-Month,3,10.1,0,0.3031,0
17,69.02,One Year,1,3.59,0,0.378,0
28,30.69,Month-to-Month,2,3.49,0,0.2174,1
47,81.15,Two Year,0,11.32,0,0.0678,0
22,65.66,Month-to-Month,0,12.11,0,0.4256,1
19,109.17,Month-to-Month,0,0.5,0,0.8301,1
28,91.12,One Year,3,1.24,0,0.5442,1
16,76.32,Month-to-Month,0,1.92,0,0.6394,1
71,62.52,Month-to-Month,0,3.47,0,0.0385,0
30,50.41,Month-to-Month,2,2.76,1,0.4086,0
20,83.85,Month-to-Month,0,8.83,0,0.6248,1
33,60.41,Month-to-Month,0,14.09,0,0.2385,0
28,88.37,One Year,1,1.71,0,0.3962,1
26,73.02,One Year,1,6.62,0,0.2812,1
22,73.16,One Year,0,3.67,0,0.291,0
21,76.89,Month-to-Month,0,5.64,0,0.5559,0
12,46.61,Month-to-Month,3,7.76,1,0.6819,1
56,44.56,One Year,1,17.92,0,0.0203,0
39,43.87,Two Year,1,1.71,0,0.0437,0
34,85.95,Month-to-Month,0,0.73,0,0.459,0
27,46.09,Month-to-Month,3,7.89,0,0.3774,0
17,48.58,Month-to-Month,1,4.01,1,0.5176,0
19,75.75,Month-to-Month,3,1.42,0,0.7554,1
12,59.96,One Year,2,1.0,0,0.4388,1
21,57.4,Month-to-Month,2,6.55,0,0.5202,1
16,55.67,One Year,0,2.86,0,0.2468,0
64,20.0,Month-to-Month,1,47.7,1,0.0124,0
45,45.66,Month-to-Month,1,4.17,0,0.1176,0
31,88.63,Two Year,0,1.91,1,0.2772,0
18,54.21,Month-to-Month,5,7.93,0,0.7,1
16,26.99,Month-to-Month,0,2.24,1,0.2979,0
27,44.84,Two Year,4,5.45,0,0.1675,0
46,72.2,Two Year,0,5.27,1,0.0753,0
13,71.8,One Year,0,4.83,0,0.4009,0
39,59.11,Month-to-Month,0,12.72,0,0.1749,0
20,51.22,Month-to-Month,0,1.95,0,0.3626,0
22,36.96,Two Year,1,18.77,0,0.07,0
30,72.36,Month-to-Month,0,12.54,0,0.3635,0
18,81.76,Two Year,1,3.24,0,0.3685,1
26,90.78,Month-to-Month,1,1.59,0,0.68,1
18,42.79,Month-to-Month,2,2.62,1,0.5269,1
21,92.31,Two Year,0,3.24,1,0.4258,0
42,63.87,Month-to-Month,3,6.51,1,0.3865,1
31,65.53,Month-to-Month,3,0.5,0,0.5208,1
42,82.87,Month-to-Month,3,19.66,0,0.4282,1
20,54.18,Month-to-Month,1,0.83,0,0.454,1
39,21.72,Month-to-Month,0,2.62,0,0.062,0
11,79.1,Month-to-Month,1,0.93,1,0.8259,1
30,71.97,Month-to-Month,2,2.37,1,0.5936,0
40,57.79,One Year,2,14.55,0,0.1007,0
11,77.45,Month-to-Month,1,7.64,1,0.8044,1
20,81.54,Two Year,1,2.06,0,0.3422,1
30,34.76,Month-to-Month,1,16.43,0,0.1566,0
48,65.45,One Year,3,12.9,1,0.1432,0
21,20.0,Month-to-Month,1,11.21,0,0.1681,0
38,62.53,One Year,1,15.05,0,0.1033,0
57,57.55,Two Year,1,7.73,0,0.0219,0
39,74.84,Two Year,2,5.57,0,0.1407,0
26,43.54,One Year,0,3.75,0,0.1005,0
35,56.57,Month-to-Month,2,2.03,0,0.3156,0
21,20.0,Two Year,4,6.52,0,0.1035,0
31,76.15,Two Year,1,17.62,0,0.1558,1
27,63.23,Two Year,2,7.21,0,0.1801,0
35,66.74,Month-to-Month,1,20.17,1,0.3531,1
23,35.13,Two Year,0,3.53,0,0.0612,0
36,72.96,Month-to-Month,5,9.5,0,0.6018,1
23,98.05,Month-to-Month,0,8.37,0,0.6912,1
45,61.3,Month-to-Month,0,8.88,1,0.1861,0
25,78.0,Month-to-Month,2,8.29,0,0.6292,1
8,47.59,One Year,3,2.0,1,0.5331,0
16,63.46,Two Year,2,1.24,0,0.3135,0
30,34.37,One Year,1,30.77,0,0.0539,0
63,80.76,One Year,0,0.5,0,0.045,0
44,68.2,Month-to-Month,1,5.04,0,0.2357,0
7,40.61,One Year,2,4.43,0,0.3465,0
12,48.96,Month-to-Month,2,3.57,0,0.584,0
51,66.22,Two Year,1,12.19,0,0.0411,0
40,83.48,One Year,3,10.94,0,0.2728,0
72,94.59,One Year,1,18.85,0,0.0422,0
23,62.32,Month-to-Month,1,4.03,0,0.475,1
18,37.71,Two Year,0,6.64,0,0.0856,0
30,69.77,Month-to-Month,3,17.83,0,0.4995,1
23,100.7,Month-to-Month,6,40.73,0,0.8762,1
48,32.55,One Year,4,27.87,0,0.0371,0
22,45.91,Month-to-Month,2,10.12,0,0.383,1
25,77.22,Two Year,1,1.24,0,0.2518,0
17,68.07,Month-to-Month,0,0.5,0,0.5671,0
43,54.1,Month-to-Month,0,13.95,1,0.1588,1
17,69.4,Two Year,2,14.71,0,0.3031,0
36,84.55,Month-to-Month,4,10.97,0,0.6287,1
68,63.03,Month-to-Month,1,2.63,0,0.0577,0
10,61.28,Month-to-Month,2,8.17,0,0.6991,1
59,76.78,Month-to-Month,1,3.04,1,0.1927,0
34,59.59,One Year,2,4.79,0,0.1685,0
15,87.85,Month-to-Month,0,3.86,0,0.7314,1
31,105.53,Two Year,0,19.59,0,0.2763,0
42,47.14,One Year,3,2.13,0,0.0974,0
19,40.0,Month-to-Month,0,6.89,0,0.2825,0
37,72.43,One Year,2,3.58,0,0.2094,0
61,39.29,One Year,2,8.7,0,0.0179,0
22,38.95,Month-to-Month,1,6.65,0,0.2855,1
17,24.02,Month-to-Month,2,20.61,0,0.256,0
27,57.35,Month-to-Month,0,0.86,0,0.3203,0
30,64.34,One Year,3,1.99,0,0.285,1
49,54.65,One Year,5,11.63,0,0.1129,0
27,92.81,Month-to-Month,3,3.68,0,0.7728,1
23,91.32,One Year,1,1.45,0,0.4871,0
16,103.58,One Year,0,5.6,0,0.6171,0
11,65.93,One Year,2,8.45,0,0.4914,1
14,88.68,One Year,0,0.5,0,0.5487,0
14,71.18,Month-to-Month,0,2.76,0,0.6299,0
26,69.17,Two Year,2,13.26,0,0.2125,0
12,55.65,One Year,0,5.88,0,0.2832,1
29,20.0,Two Year,2,0.5,0,0.0466,0
68,77.75,Month-to-Month,3,2.65,0,0.1501,1
50,88.08,Month-to-Month,1,8.15,0,0.2888,0
25,34.49,Month-to-Month,1,1.78,0,0.2326,1
72,64.81,Month-to-Month,3,14.05,0,0.0683,0
30,84.83,One Year,1,9.03,1,0.3749,0
32,57.81,Month-to-Month,4,5.1,0,0.4746,0
27,88.86,Two Year,1,19.78,0,0.2559,0
29,62.19,One Year,7,3.98,0,0.5143,1
22,54.5,One Year,2,2.14,0,0.2668,1
26,90.01,Month-to-Month,4,8.66,0,0.7997,1
59,46.32,Two Year,2,6.81,0,0.0177,0
53,50.5,Two Year,0,3.27,0,0.0188,1
8,47.09,One Year,4,3.37,0,0.5146,1
13,42.15,Month-to-Month,1,4.06,1,0.5267,1
19,68.06,Month-to-Month,1,2.75,0,0.5874,1
46,54.74,Month-to-Month,5,9.91,1,0.3658,0
53,74.77,Month-to-Month,0,8.43,1,0.1801,0
42,30.31,Month-to-Month,1,4.65,0,0.0856,0
15,42.55,One Year,0,4.06,0,0.173,0
22,66.03,One Year,1,3.63,0,0.2903,0
37,94.39,Month-to-Month,1,2.67,1,0.6141,1
26,72.57,Month-to-Month,5,0.72,0,0.756,1
24,53.21,Two Year,2,2.5,0,0.1662,1
24,35.21,Month-to-Month,4,3.1,0,0.4103,0
51,52.04,One Year,1,6.35,0,0.0407,0
39,64.15,Month-to-Month,3,11.89,0,0.3438,0
25,20.0,Month-to-Month,0,4.03,0,0.1244,0
35,40.73,Month-to-Month,0,23.17,1,0.142,0
14,50.25,One Year,3,14.05,0,0.3488,0
22,59.85,Month-to-Month,2,33.49,1,0.4926,1
49,63.91,Two Year,0,16.71,0,0.0315,0
11,52.78,Month-to-Month,3,7.67,1,0.7311,0
40,75.12,Month-to-Month,2,7.3,0,0.3874,0
8,67.49,One Year,2,1.11,0,0.5768,0
64,57.6,Month-to-Month,2,10.25,0,0.0716,0
22,77.88,One Year,3,7.33,0,0.4951,0
36,76.24,Month-to-Month,1,5.66,1,0.4702,0
31,35.92,Month-to-Month,1,9.45,0,0.1678,0
32,64.36,One Year,4,4.7,0,0.3101,1
34,82.81,Two Year,1,5.94,0,0.1825,1
10,86.15,Month-to-Month,3,4.06,0,0.8802,1
32,72.42,Two Year,4,10.11,0,0.2614,0
27,60.33,Month-to-Month,1,16.74,0,0.3576,0
22,73.43,Two Year,2,14.7,0,0.2769,0
19,81.16,One Year,2,12.34,0,0.4846,1
32,67.32,Month-to-Month,0,0.5,1,0.4019,1
17,69.57,Month-to-Month,1,19.43,0,0.5716,0
48,60.0,Month-to-Month,1,2.57,0,0.1579,0
37,38.26,Month-to-Month,0,17.51,0,0.095,0
33,61.51,Month-to-Month,1,1.75,0,0.3253,0
47,51.46,One Year,2,4.63,0,0.0645,1
9,51.52,Two Year,1,11.07,0,0.2377,0
14,93.68,Month-to-Month,4,8.18,1,0.9262,1
38,84.03,Month-to-Month,2,4.3,0,0.4992,0
20,31.13,One Year,1,9.08,0,0.114,0
21,43.3,Two Year,2,6.37,0,0.1376,0
13,57.73,Month-to-Month,1,2.58,0,0.5924,0
17,52.19,Month-to-Month,2,8.32,1,0.5975,0
49,71.35,Month-to-Month,0,1.83,1,0.2232,0
38,40.13,Month-to-Month,3,9.47,0,0.2073,0
32,84.17,Month-to-Month,0,0.5,0,0.4758,1
21,64.12,Month-to-Month,0,6.37,0,0.4419,1
31,58.19,Month-to-Month,1,4.1,0,0.3209,0
51,64.71,One Year,2,2.89,0,0.0832,0
20,56.65,Month-to-Month,1,5.8,0,0.4641,1
29,24.39,Month-to-Month,2,8.29,0,0.1681,0
66,65.24,Month-to-Month,1,26.89,0,0.0516,0
42,58.59,Two Year,0,14.32,0,0.0408,0
22,45.91,Two Year,0,10.1,0,0.0881,0
40,86.95,Month-to-Month,1,5.22,0,0.4303,1
11,78.39,Month-to-Month,2,3.98,0,0.8035,1
28,113.78,One Year,2,0.5,0,0.6687,0
40,81.7,Month-to-Month,2,3.56,0,0.4531,1
36,52.13,Month-to-Month,1,15.09,0,0.2002,0
40,46.88,Month-to-Month,1,3.88,0,0.1611,0
44,55.11,Two Year,1,4.95,0,0.0457,0
37,51.67,Two Year,0,2.54,0,0.0499,0
36,67.18,One Year,0,2.56,0,0.1243,0
33,34.22,Month-to-Month,0,0.51,0,0.1338,0
16,77.95,Two Year,2,7.61,0,0.4188,1
49,66.82,Two Year,0,4.75,0,0.0411,0
29,75.65,Two Year,2,7.45,0,0.2336,1
41,42.12,Month-to-Month,2,6.33,0,0.1565,0
46,69.93,Month-to-Month,1,12.83,0,0.2033,0
22,90.98,One Year,4,11.12,0,0.6481,1
23,47.79,Month-to-Month,1,11.81,0,0.322,0
25,47.24,Month-to-Month,3,5.53,1,0.5074,0
53,79.24,Month-to-Month,2,3.49,0,0.2566,0
18,45.62,Two Year,1,21.68,0,0.1153,0
58,60.33,Two Year,5,0.5,1,0.0912,0
32,94.51,Month-to-Month,5,1.32,0,0.8163,1
34,47.53,Two Year,0,4.35,0,0.0512,0
45,95.89,One Year,3,7.61,0,0.3102,1
31,58.28,Two Year,2,0.5,0,0.1413,0
49,42.58,Month-to-Month,1,10.16,0,0.0798,0
22,77.07,Month-to-Month,3,6.54,1,0.7727,1
57,67.15,Month-to-Month,2,5.3,0,0.1508,0
23,65.26,Month-to-Month,2,4.41,0,0.5589,1
58,49.63,One Year,1,5.86,1,0.0341,0
23,67.01,Month-to-Month,2,1.41,0,0.58,1
25,23.65,Two Year,0,0.92,0,0.0392,0
16,69.38,Month-to-Month,1,2.74,0,0.6337,0
19,90.94,Month-to-Month,3,9.89,0,0.8235,1
29,29.69,Month-to-Month,1,7.1,0,0.1617,0
33,56.86,Month-to-Month,3,5.23,0,0.3959,0
47,47.51,Month-to-Month,1,6.78,0,0.1074,0
26,34.78,One Year,2,6.55,0,0.1159,0
15,23.94,Month-to-Month,0,2.93,0,0.2275,0
36,41.38,One Year,0,0.82,0,0.0585,0
32,60.15,One Year,0,18.17,0,0.103,0
38,87.98,Month-to-Month,2,7.33,0,0.5292,0
21,34.55,One Year,1,9.57,0,0.1191,1
22,70.89,Two Year,4,4.99,1,0.4727,1
21,69.39,Month-to-Month,1,11.3,0,0.543,1
52,98.44,Month-to-Month,1,7.03,0,0.3533,0
57,76.42,Two Year,1,0.5,0,0.0475,0
21,77.57,Month-to-Month,3,17.67,0,0.693,1
22,78.99,Month-to-Month,0,2.92,0,0.5796,1
40,46.52,Two Year,5,1.19,0,0.1143,0
60,53.54,Month-to-Month,0,0.74,0,0.0554,0
66,87.34,Month-to-Month,0,10.2,0,0.1019,0
21,23.98,Two Year,0,9.74,0,0.0447,0
24,51.35,Two Year,1,9.64,0,0.1167,0
34,38.38,Month-to-Month,3,19.79,0,0.2076,0
35,69.68,Month-to-Month,0,3.43,1,0.378,1
27,56.57,Two Year,0,6.59,0,0.0979,0
19,77.52,One Year,3,7.73,0,0.5359,0
29,62.82,Month-to-Month,3,31.09,1,0.4882,1
66,34.08,Month-to-Month,0,3.0,1,0.0258,0
22,35.0,Month-to-Month,0,25.05,0,0.1713,0
33,64.88,Two Year,0,1.29,0,0.0978,0
72,49.58,Two Year,2,11.55,0,0.0085,0
22,54.35,Two Year,1,8.02,0,0.1438,0
41,83.77,Two Year,4,13.58,0,0.2251,0
68,80.18,One Year,1,0.5,0,0.0434,1
39,100.95,Month-to-Month,1,0.65,0,0.5776,0
50,58.67,One Year,3,0.58,0,0.0933,0
44,52.18,One Year,0,7.19,1,0.0636,0
38,73.36,Month-to-Month,2,7.39,0,0.3985,0
56,53.78,Month-to-Month,1,18.92,0,0.0684,1
40,54.44,Two Year,0,5.04,0,0.0433,0
27,60.96,Month-to-Month,1,0.56,0,0.4168,1
32,98.05,Month-to-Month,1,1.88,1,0.7222,1
35,79.08,One Year,2,0.5,0,0.2807,0
24,81.18,One Year,1,11.99,0,0.3563,0
32,97.16,Month-to-Month,2,13.53,0,0.6584,1
30,83.05,Two Year,1,49.48,0,0.1314,1
40,42.37,Month-to-Month,1,4.25,0,0.1355,0
72,82.75,Month-to-Month,2,0.5,0,0.116,0
33,85.29,Month-to-Month,4,2.14,0,0.7013,1
61,78.04,One Year,0,7.09,0,0.0431,0
40,61.09,Two Year,2,26.15,0,0.067,0
32,75.93,Two Year,1,0.87,0,0.1761,1
23,64.6,Two Year,0,1.04,0,0.1631,0
32,45.44,Month-to-Month,4,9.68,0,0.3545,0
31,50.41,Month-to-Month,0,8.8,0,0.2054,0
20,79.07,One Year,2,2.31,0,0.4903,0
22,46.88,Month-to-Month,0,13.42,0,0.2779,0
35,48.77,Two Year,2,1.1,0,0.0802,1
60,80.07,One Year,2,20.8,0,0.062,0
28,67.68,Two Year,2,1.8,0,0.2045,0
12,76.54,Month-to-Month,2,0.68,0,0.7912,1
7,40.42,Month-to-Month,0,3.32,1,0.5377,0
16,75.99,Month-to-Month,0,1.66,0,0.6356,0
42,51.8,Month-to-Month,2,5.99,0,0.2024,0
14,44.66,One Year,2,9.29,1,0.3358,0
45,54.89,Month-to-Month,2,5.4,0,0.1901,0
40,92.24,Month-to-Month,1,8.64,0,0.4554,1
28,57.71,Month-to-Month,2,3.63,0,0.4243,0
20,109.03,Month-to-Month,1,0.5,0,0.8533,1
26,23.76,Month-to-Month,1,29.22,0,0.1188,0
35,34.07,Month-to-Month,0,13.69,1,0.1282,0
14,91.48,Month-to-Month,1,0.61,0,0.8177,1
57,96.51,Month-to-Month,1,4.77,0,0.2705,0
35,47.73,Month-to-Month,0,8.06,0,0.1618,0
37,66.38,Month-to-Month,2,1.69,0,0.3737,0
40,79.24,Month-to-Month,1,6.9,0,0.3545,0
55,60.41,Month-to-Month,1,6.1,0,0.1078,0
32,68.0,One Year,1,1.87,0,0.1939,0
42,65.22,One Year,0,1.22,0,0.0902,0
20,35.37,Two Year,0,11.38,1,0.0878,0
66,58.11,Month-to-Month,3,3.12,0,0.0869,0
31,65.25,Month-to-Month,1,2.24,0,0.3822,0
20,67.06,Two Year,1,10.71,0,0.2195,0
23,30.39,Month-to-Month,3,10.66,0,0.3043,1
9,80.07,One Year,1,2.59,0,0.5991,1
23,67.59,Month-to-Month,2,16.48,0,0.5355,1
6,43.89,Month-to-Month,6,9.32,0,0.811,1
43,100.98,One Year,0,3.39,0,0.2347,1
36,58.07,Month-to-Month,3,4.46,1,0.4341,0
17,59.37,Month-to-Month,2,10.38,0,0.5768,1
29,77.83,Month-to-Month,3,1.9,0,0.6523,1
29,102.68,Month-to-Month,1,5.06,0,0.7132,0
15,78.62,Month-to-Month,1,8.48,0,0.7066,1
26,81.52,One Year,4,6.2,1,0.6024,0
30,44.97,One Year,3,7.5,0,0.1606,0
26,66.74,One Year,1,6.32,0,0.2439,0
20,54.35,Month-to-Month,1,1.78,0,0.4554,1
17,79.08,Two Year,1,4.22,0,0.3691,0
25,80.94,One Year,0,6.07,0,0.2989,1
21,97.66,Month-to-Month,2,12.12,1,0.839,1
39,21.83,Two Year,0,8.49,0,0.0147,0
56,52.39,One Year,2,4.45,0,0.0392,0
46,91.0,One Year,2,29.32,0,0.1696,1
30,36.97,Month-to-Month,3,0.91,1,0.3578,0
20,81.11,Month-to-Month,3,1.85,0,0.774,1
45,87.68,Two Year,2,3.34,0,0.1546,0
40,64.43,Month-to-Month,2,2.08,0,0.3129,0
54,36.57,One Year,2,7.86,0,0.0244,0
32,62.57,One Year,3,0.5,0,0.2506,0
65,94.17,Two Year,3,1.56,1,0.1127,0
32,95.78,Month-to-Month,2,2.78,0,0.6819,0
20,69.16,One Year,3,9.2,0,0.4319,1
23,45.46,Month-to-Month,1,16.69,0,0.2971,1
38,99.77,One Year,3,12.82,0,0.4217,1
21,81.42,One Year,2,1.61,0,0.4905,1
65,46.77,Month-to-Month,0,6.67,0,0.0312,0
37,71.85,One Year,1,0.5,0,0.1802,0
30,70.93,Month-to-Month,0,2.97,0,0.3877,1
31,52.26,Month-to-Month,6,13.12,0,0.5399,1
26,71.96,Month-to-Month,0,4.88,0,0.453,1
10,87.12,Month-to-Month,0,1.3,0,0.786,1
23,59.08,Month-to-Month,0,4.62,0,0.3884,0
61,89.17,Month-to-Month,1,1.77,0,0.1986,0
33,29.89,One Year,1,4.0,1,0.0746,0
48,109.37,One Year,1,5.35,0,0.2707,1
49,66.15,One Year,1,3.44,0,0.0748,0
29,86.46,Month-to-Month,5,22.11,0,0.7539,1
41,69.37,Two Year,3,6.61,0,0.1357,0
11,48.53,One Year,2,14.81,0,0.3152,0
58,64.27,Month-to-Month,1,11.44,0,0.0938,0
56,26.81,Two Year,1,8.66,0,0.0082,0
38,78.77,Month-to-Month,1,5.5,0,0.3942,0
34,68.88,One Year,0,0.5,0,0.1561,0
29,61.17,Month-to-Month,1,7.6,0,0.3636,0
51,80.05,Month-to-Month,0,3.52,0,0.1941,0
43,65.75,Two Year,3,1.0,0,0.1158,0
4,77.14,Month-to-Month,4,4.7,0,0.9092,1
24,84.25,Month-to-Month,1,10.64,0,0.6205,0
15,54.02,Two Year,0,26.09,0,0.1279,0
14,48.29,Two Year,1,3.75,0,0.1925,0
51,30.55,One Year,0,6.26,1,0.0206,0
29,67.45,Month-to-Month,1,15.24,0,0.3929,1
37,74.04,Month-to-Month,2,3.25,0,0.4272,1
31,38.53,One Year,0,1.23,0,0.0703,0
14,93.41,Month-to-Month,0,2.65,0,0.7867,1
11,48.55,Month-to-Month,0,18.35,0,0.4115,0
23,22.93,Month-to-Month,0,1.39,0,0.1527,0
24,94.9,Month-to-Month,0,3.19,0,0.6715,1
24,25.54,Month-to-Month,1,5.0,0,0.184,0
25,84.28,Month-to-Month,4,15.02,1,0.8091,1
72,79.42,Month-to-Month,2,22.21,0,0.0777,0
48,71.39,Month-to-Month,2,4.44,0,0.2583,0
33,54.54,Month-to-Month,3,21.5,0,0.3203,0
28,75.06,Month-to-Month,2,1.41,0,0.5771,0
29,85.97,One Year,2,1.36,1,0.4956,1
42,45.28,Two Year,3,23.85,0,0.0454,0
28,84.53,Month-to-Month,1,5.7,0,0.5832,1
46,83.62,Month-to-Month,1,1.65,0,0.3336,1
35,70.86,Month-to-Month,2,5.36,0,0.426,1
72,54.24,Month-to-Month,0,12.23,0,0.024,0
27,83.71,Month-to-Month,0,14.03,0,0.4961,0
50,75.17,Month-to-Month,3,15.96,0,0.2796,1
16,44.68,One Year,1,6.74,1,0.2623,1
21,57.65,One Year,0,16.14,0,0.175,0
70,81.38,Month-to-Month,2,5.71,0,0.1184,0
45,67.29,Month-to-Month,3,7.47,0,0.3113,1
38,86.72,One Year,4,11.37,1,0.4572,0
72,58.17,Month-to-Month,1,4.43,0,0.0391,0
28,45.0,One Year,2,0.61,1,0.1944,0
50,108.87,Month-to-Month,0,3.45,0,0.4194,1
52,31.38,One Year,1,7.82,0,0.0191,0
62,55.0,Two Year,2,1.71,0,0.0213,0
15,70.59,Two Year,5,1.28,1,0.6454,0
28,84.72,Month-to-Month,1,2.77,0,0.5919,1
35,77.93,Month-to-Month,2,0.5,0,0.5101,1
62,111.23,Month-to-Month,2,10.88,0,0.3614,1
37,62.65,Two Year,3,2.39,0,0.1414,0
52,47.54,Month-to-Month,3,1.06,0,0.1422,0
14,60.61,Month-to-Month,3,9.61,0,0.6838,1
25,58.6,Month-to-Month,1,14.81,1,0.4448,1
56,63.63,Month-to-Month,0,0.5,1,0.1266,0
27,45.35,Month-to-Month,1,2.13,0,0.289,1
30,80.68,One Year,2,23.24,0,0.2934,0
61,72.42,Month-to-Month,2,3.89,0,0.1426,0
18,39.72,Month-to-Month,1,22.32,0,0.2921,0
21,84.36,Two Year,1,2.56,0,0.3609,1
13,48.77,One Year,0,1.97,0,0.2306,0
62,41.34,Two Year,1,1.93,1,0.0137,0
48,66.75,Month-to-Month,4,0.71,0,0.3463,1
47,29.84,One Year,1,18.14,0,0.0202,0
25,76.79,Month-to-Month,1,31.23,0,0.4728,1
13,20.0,Month-to-Month,1,24.72,0,0.2162,0
11,44.41,Month-to-Month,0,15.29,0,0.3979,0
56,96.5,Month-to-Month,0,15.01,0,0.2123,0
39,51.27,Month-to-Month,0,8.66,1,0.1875,1
43,54.77,Two Year,0,14.0,0,0.034,0
34,90.47,Month-to-Month,1,1.87,0,0.564,0
19,49.14,Month-to-Month,2,3.93,0,0.4768,1
25,80.27,Month-to-Month,2,8.19,0,0.6392,0
17,88.48,Month-to-Month,1,16.62,0,0.7308,1
15,74.57,One Year,0,8.64,0,0.3711,0
46,36.1,Month-to-Month,2,14.61,0,0.091,0
11,52.92,One Year,0,5.14,0,0.2729,1
17,119.27,Month-to-Month,2,10.11,0,0.9184,1
26,55.19,One Year,2,31.29,0,0.1572,1
31,120.0,One Year,2,1.33,0,0.6773,1
13,99.18,Two Year,2,20.93,1,0.6594,0
11,75.38,Two Year,0,5.91,0,0.351,1
37,70.94,One Year,3,8.25,0,0.2373,0
33,55.7,Month-to-Month,4,16.82,0,0.4069,0
56,63.22,Month-to-Month,2,4.22,0,0.1436,0
31,51.23,One Year,1,4.34,0,0.1216,0
38,63.73,Two Year,3,5.99,0,0.1281,0
20,37.76,Month-to-Month,0,0.5,1,0.3371,0
20,36.68,Month-to-Month,2,5.49,0,0.3505,0
14,91.02,One Year,2,2.75,0,0.6722,0
20,32.75,Month-to-Month,1,21.04,0,0.2286,0
25,82.72,Month-to-Month,1,0.73,0,0.6299,1
53,27.11,Month-to-Month,0,4.92,1,0.0432,0
18,77.59,One Year,2,23.57,0,0.4216,0
72,60.85,Two Year,2,18.5,0,0.0113,0
40,91.43,Month-to-Month,2,9.67,0,0.5114,0
36,58.36,Month-to-Month,2,7.12,0,0.3031,0
30,24.81,Month-to-Month,1,2.64,0,0.1392,0
27,61.24,Month-to-Month,1,3.66,0,0.4038,0
22,68.19,One Year,1,0.76,0,0.3208,1
13,62.36,Month-to-Month,3,12.34,1,0.7632,1
19,76.5,Month-to-Month,4,3.13,0,0.8039,0
62,53.71,One Year,1,8.82,0,0.0215,0
39,39.73,One Year,1,3.54,0,0.0558,0
62,45.01,Month-to-Month,4,4.99,0,0.0894,0
21,54.68,Month-to-Month,1,6.48,0,0.4229,0
16,54.51,Two Year,1,12.95,0,0.1797,0
30,113.12,Month-to-Month,1,1.9,0,0.784,0
19,90.1,One Year,1,4.07,0,0.5299,1
33,78.73,Month-to-Month,2,1.11,0,0.5387,0
11,73.92,One Year,0,0.63,0,0.454,1
8,71.0,One Year,1,7.42,0,0.5134,0
35,71.1,One Year,2,1.68,0,0.2239,0
63,68.27,Two Year,0,0.5,0,0.0197,0
36,65.8,Two Year,2,18.19,0,0.1049,0
39,23.16,One Year,2,6.11,0,0.0397,0
31,57.62,Month-to-Month,2,1.16,0,0.3938,0
32,60.19,Month-to-Month,0,0.5,0,0.2848,0
13,50.02,One Year,1,1.02,1,0.3662,0
19,53.88,One Year,1,5.1,0,0.2337,0
53,71.01,Month-to-Month,2,8.83,0,0.197,0
16,80.35,Month-to-Month,1,8.2,0,0.7119,1
25,70.98,One Year,3,1.25,0,0.4136,1
52,79.85,Month-to-Month,1,8.03,0,0.2137,0
32,80.2,Month-to-Month,4,4.15,0,0.6795,1
32,59.01,One Year,0,5.0,0,0.1159,0
25,75.51,One Year,0,12.93,0,0.2456,0
42,30.07,Month-to-Month,1,3.23,0,0.0878,0
47,57.31,Month-to-Month,1,1.27,1,0.2047,0
19,54.96,Month-to-Month,1,16.54,0,0.424,0
13,95.63,Month-to-Month,5,1.91,0,0.9352,1
9,71.74,One Year,0,2.79,0,0.4588,0
38,38.31,Month-to-Month,0,9.81,1,0.1329,0
36,76.89,Month-to-Month,1,9.2,0,0.392,0
72,83.2,Month-to-Month,0,12.89,0,0.0629,0
31,63.21,Month-to-Month,3,1.63,0,0.5004,0
28,78.81,Two Year,2,3.47,1,0.3397,0
34,20.0,Month-to-Month,2,1.08,0,0.1264,0
35,20.0,Two Year,1,6.23,0,0.0238,0
27,41.43,Two Year,0,2.77,0,0.0632,0
19,67.98,Month-to-Month,2,9.34,1,0.6871,0
30,95.64,One Year,2,0.5,0,0.4935,1
29,42.47,Month-to-Month,0,0.5,1,0.2549,0
29,47.93,One Year,0,4.53,0,0.0991,1
44,66.77,Month-to-Month,1,25.4,0,0.1798,1
29,55.15,Two Year,3,17.72,0,0.1353,0
13,54.02,Month-to-Month,2,40.94,0,0.467,1
21,56.57,One Year,4,4.31,0,0.3961,0
27,91.3,Month-to-Month,1,0.5,1,0.7397,1
30,87.32,Two Year,3,2.92,0,0.3658,0
38,65.47,Month-to-Month,2,9.01,0,0.3237,0
30,98.09,One Year,0,1.16,0,0.3813,0
8,75.18,Month-to-Month,0,2.85,0,0.7294,1
14,88.08,Month-to-Month,2,0.5,0,0.8333,1
40,47.79,One Year,2,5.15,0,0.0866,0
26,51.93,Two Year,2,1.87,0,0.1441,0
32,51.71,Month-to-Month,1,0.77,0,0.2785,1
24,63.27,Two Year,3,4.24,0,0.2559,0
21,66.2,One Year,2,3.46,0,0.3614,1
25,71.48,Two Year,1,6.17,0,0.208,0
32,104.46,Month-to-Month,4,11.06,0,0.8143,0
29,79.43,Month-to-Month,2,0.96,0,0.5994,1
46,54.7,Two Year,0,12.53,0,0.0277,0
12,64.93,Month-to-Month,1,0.5,0,0.6677,1
13,95.1,Month-to-Month,1,4.68,0,0.8361,1
26,80.64,Month-to-Month,2,7.08,0,0.6352,1
38,94.84,Month-to-Month,2,25.17,1,0.5831,0
43,55.35,One Year,1,6.83,0,0.0725,0
21,50.77,One Year,1,1.38,0,0.205,0
5,51.06,One Year,1,5.83,0,0.3961,0
22,56.96,Month-to-Month,1,4.03,0,0.445,1
36,43.73,Month-to-Month,0,5.22,0,0.1427,1
29,70.9,Month-to-Month,2,1.76,0,0.5273,1
39,71.25,Month-to-Month,3,5.56,0,0.4286,1
52,91.78,Two Year,2,1.3,0,0.1287,0
27,29.79,One Year,0,10.9,0,0.0563,1
23,46.12,Month-to-Month,3,7.21,0,0.4434,1
18,81.11,Two Year,2,0.65,0,0.4412,0
13,68.67,Month-to-Month,0,17.63,0,0.5653,1
11,65.9,One Year,2,7.66,1,0.5639,0
20,90.28,Month-to-Month,0,3.04,0,0.69,1
48,44.8,One Year,2,0.5,0,0.0512,0
41,50.43,Month-to-Month,1,8.0,0,0.1591,0
22,48.07,Month-to-Month,2,3.74,0,0.4201,0
72,24.74,Month-to-Month,2,19.05,0,0.0129,0
21,67.66,Month-to-Month,3,0.5,0,0.6793,1
54,54.54,Month-to-Month,1,0.5,0,0.1001,0
60,50.34,Month-to-Month,1,23.85,0,0.0445,0
37,46.73,Month-to-Month,3,26.79,1,0.2624,1
20,64.65,One Year,2,0.5,1,0.4421,0
24,49.03,Month-to-Month,2,10.07,0,0.3822,0
32,69.43,One Year,0,2.0,0,0.1659,0
13,74.18,Month-to-Month,3,9.67,0,0.7878,1
17,59.11,Two Year,1,16.24,0,0.1924,0
16,57.75,Two Year,2,0.85,1,0.3421,1
38,68.71,Month-to-Month,0,2.18,0,0.2633,0
52,64.42,One Year,2,0.5,0,0.0814,0
42,91.6,Month-to-Month,1,0.5,0,0.4605,0
47,71.37,Two Year,3,0.5,0,0.1088,0
19,86.91,Month-to-Month,2,12.9,0,0.7496,1
25,77.21,Month-to-Month,2,2.83,1,0.7068,1
26,38.63,Month-to-Month,1,5.44,0,0.2462,0
37,53.83,Month-to-Month,3,12.4,0,0.2963,0
21,64.04,Month-to-Month,1,5.46,0,0.5193,1
46,82.37,One Year,2,4.49,0,0.1791,0
60,103.56,Month-to-Month,2,0.5,0,0.3647,1
38,55.32,Month-to-Month,2,6.72,0,0.2623,1
24,66.11,Month-to-Month,1,1.07,1,0.575,1
18,81.0,Month-to-Month,1,11.57,0,0.6716,1
16,63.84,Month-to-Month,1,2.38,1,0.6649,0
8,97.88,Two Year,3,8.97,0,0.739,1
26,38.04,Month-to-Month,1,8.31,1,0.2875,0
25,78.56,One Year,2,7.67,0,0.3863,0
45,78.36,Month-to-Month,1,2.48,0,0.3058,1
21,88.04,Month-to-Month,2,2.49,1,0.8127,0
27,66.24,One Year,3,15.91,0,0.2971,0
34,82.83,Month-to-Month,1,0.5,1,0.5766,1
38,60.02,Month-to-Month,3,1.6,0,0.3718,1
42,48.97,One Year,1,7.54,1,0.0791,1
32,46.06,Month-to-Month,2,13.59,0,0.2454,1
14,36.17,Month-to-Month,0,3.55,0,0.3309,0
36,56.17,One Year,3,8.48,0,0.1618,1
20,71.23,One Year,2,6.52,0,0.3986,0
53,60.84,Month-to-Month,3,0.53,1,0.2517,0
30,68.96,Month-to-Month,0,7.78,0,0.3583,0
33,89.7,Month-to-Month,0,13.45,1,0.5367,1
72,54.65,Month-to-Month,0,39.09,0,0.0164,0
42,111.81,One Year,2,0.5,1,0.5196,0
36,80.1,Two Year,3,8.63,0,0.2297,0
27,61.06,Two Year,1,4.28,0,0.1403,0
14,60.61,Month-to-Month,0,0.5,0,0.539,1
26,44.84,Month-to-Month,0,7.62,1,0.285,0
18,64.49,One Year,1,1.04,0,0.3369,0
63,21.77,Month-to-Month,1,3.81,0,0.0193,0
36,90.12,One Year,1,2.42,0,0.2972,0
52,20.0,One Year,0,3.58,0,0.0106,0
21,65.84,Two Year,5,5.43,1,0.504,1
19,42.12,Month-to-Month,2,3.56,0,0.4227,0
40,50.98,Month-to-Month,1,6.44,0,0.1697,0
18,53.56,Two Year,2,2.18,1,0.2845,0
23,103.51,One Year,1,8.07,0,0.5706,1
65,42.93,Two Year,1,15.38,0,0.0078,0
24,83.29,Month-to-Month,2,2.03,0,0.7041,0
13,88.21,One Year,0,5.67,1,0.6155,0
10,20.0,One Year,1,8.37,0,0.1368,0
12,52.69,Month-to-Month,0,6.65,0,0.4868,0
53,94.69,Month-to-Month,0,3.64,0,0.2622,1
22,38.7,One Year,2,8.22,0,0.1613,0
72,88.97,Month-to-Month,1,0.5,0,0.1127,0
60,64.64,Month-to-Month,2,3.7,0,0.1208,0
72,63.78,One Year,3,6.08,0,0.0291,0
48,66.39,Month-to-Month,2,0.5,0,0.2381,0
39,71.85,Two Year,2,5.67,1,0.1634,0
18,45.89,Month-to-Month,0,8.5,0,0.3249,1
29,59.79,Month-to-Month,3,11.39,0,0.4539,1
41,72.41,Two Year,0,0.96,0,0.0787,0
47,68.54,Two Year,1,37.31,0,0.0391,0
15,71.98,Month-to-Month,1,7.45,0,0.6575,0
26,50.63,One Year,0,3.61,1,0.1611,0
28,77.65,Month-to-Month,1,2.29,1,0.6102,0
28,67.53,Month-to-Month,2,6.81,0,0.5027,0
16,33.39,Month-to-Month,0,17.08,0,0.2379,0
68,54.37,Month-to-Month,1,5.88,0,0.0428,0
26,47.09,Two Year,4,8.67,0,0.1763,0
17,46.83,One Year,3,3.54,0,0.3184,0
69,55.47,Two Year,2,3.93,0,0.0142,0
60,77.27,One Year,2,2.7,0,0.0752,0
32,52.46,Month-to-Month,4,9.78,1,0.4992,1
10,69.5,One Year,2,3.56,0,0.5537,1
23,66.22,Two Year,2,1.69,0,0.2548,0
11,49.42,One Year,1,3.69,1,0.373,0
38,58.1,One Year,2,15.38,0,0.1138,0
22,82.3,Two Year,1,10.72,0,0.3005,0
29,68.0,Month-to-Month,3,3.26,0,0.5612,1
66,75.98,One Year,4,18.98,0,0.0661,1
21,90.45,Two Year,2,0.62,0,0.4735,0
37,73.7,Two Year,2,0.5,0,0.1604,0
43,26.59,Month-to-Month,0,1.09,0,0.0602,0
52,70.41,Month-to-Month,0,0.99,0,0.1423,0
28,52.64,One Year,0,0.74,0,0.1281,0
26,101.21,Month-to-Month,3,8.66,0,0.815,0
26,72.99,One Year,2,7.35,0,0.3328,1
35,53.05,Month-to-Month,2,8.34,0,0.2713,0
59,76.33,Month-to-Month,0,9.33,0,0.1103,0
25,66.82,Month-to-Month,4,11.31,0,0.6333,1
6,30.64,Month-to-Month,3,1.86,0,0.5878,0
45,82.26,Month-to-Month,1,7.79,0,0.3118,1
30,56.89,Month-to-Month,2,6.94,0,0.3693,1
38,93.41,Month-to-Month,2,23.01,1,0.5857,0
11,62.51,Month-to-Month,3,2.12,0,0.7553,1
22,93.79,Month-to-Month,0,0.5,0,0.7022,1
43,73.5,Month-to-Month,0,8.48,0,0.2226,0
14,84.48,One Year,1,10.78,0,0.5311,0
37,55.16,One Year,5,2.66,0,0.238,0
29,72.06,Month-to-Month,2,6.77,1,0.597,1
19,30.48,Month-to-Month,0,0.5,0,0.23,1
19,62.46,One Year,2,25.76,1,0.3553,0
16,35.31,Month-to-Month,3,0.93,0,0.4726,1
30,42.14,Two Year,0,0.56,0,0.0546,0
32,47.18,One Year,2,0.5,0,0.1343,1
24,78.21,Month-to-Month,2,4.46,0,0.6517,1
16,62.05,Month-to-Month,2,0.82,0,0.6485,1
37,65.63,Month-to-Month,0,10.92,0,0.2388,0
45,61.51,Month-to-Month,8,18.33,0,0.5123,0
40,86.61,Month-to-Month,2,2.41,0,0.5007,1
72,65.08,Month-to-Month,1,7.93,0,0.0469,0
27,69.98,One Year,1,0.5,0,0.2718,1
56,53.59,Month-to-Month,0,3.91,0,0.067,0
21,87.99,Month-to-Month,0,2.77,1,0.7325,0
19,89.49,One Year,0,2.08,1,0.5493,1
31,64.26,Month-to-Month,1,8.28,0,0.3543,0
62,53.31,Month-to-Month,1,1.12,0,0.062,0
25,32.68,Month-to-Month,3,15.77,0,0.2793,0
11,47.63,One Year,0,8.75,0,0.2274,0
45,21.66,Two Year,2,9.92,0,0.0164,0
28,46.79,Month-to-Month,1,21.91,0,0.2261,0
34,72.14,Month-to-Month,0,22.83,1,0.3392,0
19,63.99,Month-to-Month,2,6.42,0,0.5958,0
31,111.47,Month-to-Month,4,5.47,0,0.8645,1
12,57.58,Month-to-Month,2,3.27,1,0.716,1
68,56.02,Two Year,2,10.06,0,0.0135,0
49,86.26,Two Year,1,6.18,0,0.0932,0
30,26.46,Month-to-Month,1,21.61,0,0.1119,0
44,35.36,Month-to-Month,1,2.18,0,0.0902,0
21,78.28,One Year,1,2.97,0,0.4092,1
48,61.09,Month-to-Month,2,3.04,0,0.1988,0
24,61.55,Month-to-Month,2,13.12,0,0.4719,0
24,46.26,Month-to-Month,2,0.83,0,0.3994,1
17,69.8,Month-to-Month,4,4.87,1,0.8249,1
36,48.84,Month-to-Month,1,4.46,1,0.2523,0
30,66.45,One Year,3,0.61,0,0.311,1
57,41.83,One Year,4,4.23,0,0.0438,0
16,61.35,Month-to-Month,2,5.76,1,0.6917,1
36,105.5,Month-to-Month,1,0.54,0,0.6571,1
52,56.5,Two Year,2,5.7,0,0.0391,0
72,62.36,Month-to-Month,1,25.6,0,0.0332,0
32,60.95,Two Year,2,30.87,0,0.0932,0
24,68.49,Month-to-Month,3,6.07,0,0.6227,1
32,74.36,Month-to-Month,0,5.79,0,0.3767,0
55,70.14,Month-to-Month,2,2.69,0,0.1892,1
54,70.59,Two Year,4,46.79,1,0.0629,0
28,61.38,Month-to-Month,1,2.56,1,0.4766,0
54,67.01,Month-to-Month,2,4.83,1,0.2195,0
29,60.72,Month-to-Month,1,0.5,1,0.4573,0
44,28.75,Two Year,6,3.44,0,0.0632,0
39,117.61,Two Year,0,0.59,0,0.3309,1
24,79.56,Two Year,1,10.9,0,0.2587,1
17,45.41,Two Year,2,6.59,0,0.175,0
52,69.6,Month-to-Month,2,6.79,0,0.1981,0
59,38.08,Month-to-Month,4,2.7,0,0.0856,0
36,55.12,Month-to-Month,0,13.49,1,0.226,1
29,35.36,Month-to-Month,2,0.5,0,0.2483,0
15,63.98,Two Year,1,3.25,0,0.2803,0
52,33.37,Two Year,2,8.62,0,0.0171,0
34,72.77,Month-to-Month,0,19.08,0,0.2947,1
26,78.64,One Year,0,2.14,1,0.3561,0
45,48.46,Two Year,1,6.23,0,0.0344,0
13,68.22,Month-to-Month,3,6.18,0,0.7604,1
17,47.4,Month-to-Month,3,16.58,1,0.5912,0
20,75.23,Month-to-Month,0,0.5,0,0.5788,1
38,51.23,Month-to-Month,2,4.42,0,0.2406,0
32,80.78,One Year,2,1.61,0,0.3302,0
40,28.77,Month-to-Month,1,0.5,0,0.0944,0
50,44.9,Month-to-Month,2,1.27,0,0.1153,0
41,42.82,Two Year,3,30.0,1,0.0544,0
69,69.07,Month-to-Month,2,1.94,1,0.1131,0
50,76.1,Month-to-Month,1,21.87,0,0.1823,0
28,70.61,Two Year,1,1.84,0,0.1888,0
22,54.82,Month-to-Month,0,21.42,1,0.374,0
28,20.0,Month-to-Month,4,8.5,0,0.2305,0
42,65.77,Two Year,1,0.96,1,0.1036,0
23,80.76,Month-to-Month,1,6.98,0,0.6184,1
42,118.61,One Year,2,3.07,0,0.4988,1
40,56.51,Month-to-Month,1,3.87,0,0.2111,0
17,51.69,Month-to-Month,1,4.64,0,0.4643,0
49,71.41,Month-to-Month,3,4.4,0,0.2941,0
35,59.88,Month-to-Month,2,8.73,0,0.3198,1
67,90.51,One Year,5,11.7,0,0.1318,0
29,48.84,One Year,1,3.19,0,0.1289,0
25,60.02,Two Year,2,20.65,0,0.1538,0
16,82.52,One Year,0,22.31,0,0.3812,0
16,71.17,Month-to-Month,5,0.5,0,0.8434,1
46,88.22,Two Year,0,0.5,1,0.1295,0
64,56.27,One Year,1,4.43,1,0.0301,0
28,90.27,One Year,1,7.15,1,0.4642,1
27,31.72,Two Year,0,2.6,0,0.0457,0
30,32.52,One Year,3,2.4,0,0.1138,0
51,90.58,Month-to-Month,3,9.07,0,0.4075,1
17,65.15,One Year,1,7.36,0,0.3322,1
33,83.42,Month-to-Month,1,1.46,0,0.5148,1
47,66.99,Month-to-Month,0,17.27,1,0.1778,0
38,64.86,One Year,5,9.11,0,0.2772,1
4,38.44,Month-to-Month,0,3.6,0,0.4825,1
41,64.46,Month-to-Month,1,9.21,0,0.233,0
38,92.23,Month-to-Month,2,0.96,0,0.5844,1
56,66.13,One Year,2,5.05,1,0.084,0
62,78.64,Month-to-Month,3,1.48,0,0.2114,0
54,78.09,One Year,0,0.5,0,0.0678,0
31,44.75,Month-to-Month,1,3.3,0,0.238,0
11,82.14,Month-to-Month,3,1.31,0,0.8636,1
72,58.73,Month-to-Month,0,8.03,0,0.0297,0
27,59.81,One Year,2,8.97,0,0.2271,1
30,106.95,Month-to-Month,1,1.29,0,0.7453,1
64,76.95,Two Year,0,0.5,0,0.0256,0
19,52.23,Two Year,2,12.59,1,0.2274,1
13,66.29,Two Year,5,0.5,1,0.6361,0
23,65.73,Two Year,1,3.37,0,0.1988,1
20,98.72,Month-to-Month,3,5.46,0,0.8613,1
13,65.79,Month-to-Month,2,13.66,0,0.6769,1
28,109.16,One Year,2,14.59,0,0.5835,0
31,39.07,One Year,2,10.33,0,0.0993,0
12,64.35,Two Year,3,2.27,0,0.4346,0
25,49.74,One Year,0,10.19,1,0.1567,0
19,55.1,Two Year,0,2.26,0,0.1467,0
9,55.54,Month-to-Month,1,1.93,0,0.6288,0
31,50.77,Two Year,3,6.34,0,0.1261,0
33,99.6,One Year,0,9.09,0,0.3333,1
19,93.45,One Year,1,0.5,0,0.569,0
49,73.05,Month-to-Month,0,0.5,0,0.183,0
30,55.51,One Year,4,12.27,0,0.2496,0
20,51.34,Two Year,1,15.7,0,0.133,0
12,79.84,Month-to-Month,1,7.42,0,0.7558,1
34,71.0,One Year,0,4.48,0,0.1572,1
38,62.1,Month-to-Month,3,14.93,0,0.3384,1
23,75.82,Two Year,3,10.44,1,0.4243,1
32,82.82,Month-to-Month,2,6.93,0,0.5736,0
62,61.92,Month-to-Month,1,3.08,0,0.0812,0
45,49.25,Month-to-Month,3,1.77,0,0.2022,0
7,38.58,One Year,2,4.34,0,0.3262,0
20,70.01,Month-to-Month,3,2.7,1,0.7652,1
27,108.34,One Year,2,3.32,0,0.6272,1
31,42.79,Two Year,0,5.8,0,0.0511,0
32,86.99,Two Year,2,1.48,0,0.2896,1
37,51.49,Month-to-Month,2,13.13,0,0.2327,0
28,55.52,Two Year,2,1.26,0,0.1485,0
30,83.3,One Year,3,5.25,0,0.4328,0
46,59.89,Month-to-Month,1,10.96,0,0.1535,0
34,69.97,Month-to-Month,1,5.31,1,0.4457,0
15,69.58,Month-to-Month,1,3.58,0,0.6519,1
31,51.52,Two Year,2,5.15,0,0.1057,0
27,82.9,Month-to-Month,2,15.11,0,0.606,1
9,63.77,Month-to-Month,1,37.19,0,0.5717,1
32,37.23,One Year,0,7.98,0,0.0569,0
16,47.15,One Year,2,12.62,0,0.251,0
47,20.0,One Year,0,0.5,0,0.0148,0
36,66.04,One Year,0,16.99,0,0.0992,1
15,91.08,Month-to-Month,2,24.64,0,0.793,1
46,44.06,Two Year,0,6.85,0,0.0217,0
56,76.71,Month-to-Month,0,11.21,0,0.1236,0
26,73.61,One Year,1,5.75,1,0.359,0
27,49.96,One Year,1,2.7,0,0.1466,0
44,95.73,Month-to-Month,3,15.3,0,0.5389,1
54,59.55,Two Year,0,7.27,1,0.03,0
11,105.21,Month-to-Month,3,6.93,0,0.9307,1
16,32.29,Month-to-Month,1,8.61,0,0.3133,0
23,59.62,Two Year,2,15.5,0,0.1744,0
25,61.99,One Year,0,10.53,0,0.1737,0
43,64.19,One Year,1,1.9,0,0.1006,0
54,79.33,Month-to-Month,1,5.03,0,0.1964,0
56,120.0,Two Year,1,31.42,0,0.13,0
10,74.1,Month-to-Month,6,6.47,0,0.9068,1
19,65.48,Month-to-Month,2,22.28,0,0.5596,1
14,43.08,Month-to-Month,1,13.43,0,0.4024,0
21,27.2,Month-to-Month,2,8.77,1,0.321,0
19,88.41,One Year,4,3.44,0,0.6999,1
36,54.06,Month-to-Month,1,2.9,0,0.235,0
39,117.08,Month-to-Month,1,8.25,0,0.6927,0
29,82.36,Month-to-Month,2,4.53,0,0.6104,1
28,71.83,One Year,1,12.83,1,0.2915,0
24,72.88,Two Year,1,11.43,0,0.2122,0
26,73.08,Month-to-Month,1,2.99,0,0.5325,0
61,51.11,One Year,0,9.7,0,0.0161,0
41,29.97,Month-to-Month,1,5.46,0,0.0859,0
25,53.99,One Year,1,3.12,0,0.1888,0
28,64.63,Month-to-Month,0,4.26,0,0.3624,0
37,52.04,Month-to-Month,3,18.06,0,0.2682,0
15,39.28,One Year,2,3.56,0,0.2435,0
32,50.04,Two Year,4,2.71,0,0.1566,0
40,85.71,Month-to-Month,0,3.47,0,0.3622,1
38,79.96,One Year,0,1.93,0,0.1719,0
19,68.43,One Year,2,6.29,0,0.3989,0
21,76.74,Two Year,1,1.28,0,0.3032,1
8,42.36,Month-to-Month,2,13.61,0,0.5456,0
42,49.09,Month-to-Month,0,2.05,0,0.1242,0
72,71.22,Two Year,2,7.29,0,0.0191,0
17,44.91,Month-to-Month,0,1.07,0,0.3573,1
50,67.17,Month-to-Month,2,30.7,0,0.1561,0
71,39.75,Month-to-Month,2,4.85,0,0.0286,0
23,32.01,Two Year,1,13.82,0,0.0628,0
28,79.72,Month-to-Month,0,11.71,0,0.4626,0
33,85.54,Two Year,0,10.01,0,0.1598,0
37,52.38,Month-to-Month,2,14.05,1,0.2884,0
34,34.59,Month-to-Month,2,0.85,0,0.1884,0
24,20.83,Month-to-Month,4,9.08,0,0.2827,0
40,101.84,Month-to-Month,1,2.47,1,0.6415,1
24,67.23,One Year,2,12.33,0,0.2987,0
35,52.84,One Year,2,25.15,0,0.0964,0
29,57.72,Month-to-Month,0,18.54,0,0.2514,1
10,26.73,Month-to-Month,2,0.98,0,0.4352,1
53,77.4,One Year,0,3.69,0,0.0679,1
21,105.0,Two Year,1,3.62,0,0.5258,0
56,49.34,One Year,0,1.04,1,0.0317,0
49,112.67,Two Year,3,0.83,0,0.3232,1
33,62.67,Month-to-Month,2,3.89,1,0.4655,1
38,98.34,Two Year,4,38.7,0,0.2845,1
40,71.14,Month-to-Month,2,6.73,1,0.4175,0
26,71.12,Month-to-Month,1,7.78,0,0.4845,0
27,101.88,Two Year,0,5.09,0,0.3463,1
39,80.65,Two Year,0,8.69,0,0.1024,0
29,72.5,One Year,1,25.11,0,0.1959,1
24,26.17,Month-to-Month,1,7.11,0,0.1874,0
19,34.86,Month-to-Month,1,0.54,0,0.3145,0
36,74.17,Month-to-Month,4,5.43,0,0.563,1
21,94.36,Two Year,0,39.42,0,0.2624,1
45,67.57,Month-to-Month,2,3.92,0,0.2746,1
46,53.17,Two Year,2,7.21,0,0.0458,0
38,28.22,Month-to-Month,0,0.9,0,0.0831,0
42,49.33,Two Year,1,1.22,0,0.045,0
38,67.62,Two Year,1,16.62,0,0.0823,0
43,47.87,Month-to-Month,0,2.86,0,0.112,0
42,45.71,Month-to-Month,1,2.92,1,0.1762,0
35,63.98,Two Year,2,3.92,0,0.1276,1
49,93.97,Month-to-Month,1,27.16,0,0.2877,0
27,78.69,One Year,2,0.71,0,0.3892,0
19,70.72,One Year,3,13.66,0,0.4452,1
19,68.77,Month-to-Month,0,3.34,0,0.5323,1
25,76.02,Two Year,3,15.15,0,0.3083,1
9,62.8,Month-to-Month,0,38.39,0,0.498,1
33,56.78,Two Year,2,3.43,0,0.1163,0
41,79.76,Month-to-Month,0,1.11,0,0.318,0
46,60.49,One Year,2,1.25,0,0.0952,0
11,41.23,Month-to-Month,2,11.38,0,0.5038,0
19,93.87,Month-to-Month,4,1.25,1,0.9104,1
44,27.6,Month-to-Month,3,2.41,1,0.147,0
26,95.37,One Year,2,1.83,1,0.6089,0
40,75.13,One Year,0,3.52,0,0.1285,0
14,45.62,Two Year,2,0.62,0,0.2207,1
56,65.49,Month-to-Month,3,15.54,0,0.165,0
14,56.42,One Year,1,15.74,0,0.2887,1
3,81.15,One Year,1,4.26,0,0.6811,0
32,80.76,Month-to-Month,2,7.58,1,0.6174,1
33,74.23,Month-to-Month,1,8.22,0,0.417,0
22,79.93,Month-to-Month,2,11.07,0,0.665,0
37,62.7,Month-to-Month,0,5.88,0,0.2264,0
38,100.23,Month-to-Month,0,5.71,0,0.514,1
36,89.47,One Year,1,7.98,0,0.2761,1
22,55.46,Month-to-Month,0,9.71,0,0.3459,0
20,81.22,One Year,1,3.41,1,0.5165,1
23,79.47,Two Year,0,3.21,0,0.2357,0
18,59.8,One Year,1,2.51,0,0.2928,0
50,58.23,One Year,2,6.37,0,0.0665,0
25,89.29,Month-to-Month,3,3.57,0,0.7766,1
32,64.71,Two Year,1,6.22,0,0.1208,0
44,70.2,Month-to-Month,3,4.17,0,0.3571,0
18,93.02,One Year,0,14.5,0,0.4703,1
13,115.67,Two Year,3,0.61,0,0.8174,1
18,54.47,One Year,2,6.79,0,0.2922,1
34,60.58,One Year,0,6.86,0,0.1115,0
32,66.48,Month-to-Month,1,3.87,1,0.4439,1
36,66.93,Month-to-Month,2,4.37,0,0.3854,0
28,72.53,One Year,3,12.88,0,0.3426,0
6,55.2,Month-to-Month,2,2.64,1,0.7785,1
27,39.68,One Year,1,16.41,0,0.0889,0
47,100.08,Month-to-Month,1,18.13,0,0.3955,0
53,77.24,Two Year,1,8.41,0,0.0557,0
31,56.63,Month-to-Month,1,11.86,0,0.2914,1
32,73.74,Month-to-Month,4,7.59,0,0.6033,1
40,101.66,One Year,1,5.96,0,0.3208,0
52,49.24,Month-to-Month,0,27.21,0,0.0522,0
29,69.22,Month-to-Month,6,2.66,0,0.7354,1
40,37.2,Month-to-Month,1,1.34,1,0.1624,0
22,62.63,Month-to-Month,0,2.71,0,0.438,0
14,77.33,Month-to-Month,2,7.63,0,0.7563,1
23,42.71,Month-to-Month,1,1.64,0,0.3197,0
58,61.26,One Year,5,19.16,0,0.0806,0
40,81.0,Month-to-Month,2,4.23,0,0.4441,0
15,76.78,Two Year,1,15.17,0,0.3324,1
41,41.85,Month-to-Month,3,2.29,0,0.2025,0
16,72.48,Month-to-Month,0,3.01,0,0.6093,1
35,76.17,Month-to-Month,1,0.5,0,0.4205,0
18,67.16,Two Year,2,2.38,0,0.3231,1
15,86.79,Month-to-Month,1,5.39,0,0.7737,1
62,53.21,One Year,4,23.37,0,0.0352,0
25,73.25,Month-to-Month,2,3.94,0,0.6058,1
40,41.7,Month-to-Month,1,8.17,0,0.1315,0
30,32.99,Two Year,2,4.46,0,0.0624,0
17,80.62,Month-to-Month,2,0.5,0,0.7728,1
26,65.41,Month-to-Month,1,5.6,0,0.4495,0
17,55.73,Two Year,1,0.55,0,0.2137,1
72,43.7,One Year,3,17.21,0,0.0124,0
43,81.54,Two Year,2,11.19,0,0.1303,0
30,34.84,One Year,0,3.81,0,0.0631,0
39,84.86,One Year,2,8.18,1,0.3219,0
42,74.02,Two Year,3,0.95,0,0.1576,1
42,35.84,Month-to-Month,1,9.7,0,0.0956,0
41,67.52,One Year,2,13.84,0,0.1326,0
39,118.07,One Year,1,13.8,1,0.5084,0
31,88.79,Month-to-Month,1,2.68,0,0.5896,0
60,48.44,Month-to-Month,1,2.45,0,0.0577,0
32,79.33,Month-to-Month,3,5.9,0,0.6041,1
30,36.68,One Year,1,27.48,0,0.0592,0
32,37.57,Month-to-Month,4,20.26,0,0.2664,0
33,63.65,Two Year,1,3.57,1,0.1456,0
11,76.03,Month-to-Month,4,12.11,0,0.848,1
18,81.23,One Year,2,20.34,0,0.4638,0
28,81.5,Month-to-Month,1,2.42,1,0.6456,0
11,74.9,One Year,1,14.19,0,0.4845,1
30,32.72,One Year,1,2.49,0,0.0758,0
33,63.78,One Year,2,3.36,1,0.2537,0
14,84.37,Two Year,2,1.77,1,0.5961,0
21,73.87,Two Year,2,5.66,0,0.3205,0
54,68.64,Month-to-Month,2,14.83,0,0.1624,0
39,71.58,Month-to-Month,2,6.01,0,0.3755,1
38,71.25,One Year,1,1.05,0,0.1665,1
50,25.7,Month-to-Month,2,2.32,0,0.0592,0
19,88.1,Month-to-Month,0,6.62,0,0.6833,0
14,62.79,One Year,1,7.0,0,0.3598,1
47,79.15,Month-to-Month,2,6.88,0,0.3175,0
28,20.0,Month-to-Month,2,0.64,1,0.214,0
18,98.22,Two Year,3,11.21,0,0.6037,1
72,41.87,Month-to-Month,0,19.21,0,0.0142,0
11,115.83,Month-to-Month,2,5.72,0,0.9377,1
32,107.38,Month-to-Month,0,10.15,0,0.639,1
27,38.5,Two Year,4,19.63,0,0.1153,0
24,81.34,Two Year,2,8.23,1,0.3946,1
7,44.66,One Year,1,8.97,1,0.375,1
60,52.21,Month-to-Month,2,10.22,0,0.0755,0
12,52.66,Two Year,0,2.41,0,0.1913,1
25,73.96,One Year,0,6.99,0,0.2456,0
23,71.49,Two Year,3,14.77,0,0.2966,1
39,40.97,One Year,1,2.81,0,0.0575,1
11,73.8,Month-to-Month,0,18.2,0,0.6337,1
37,60.92,Month-to-Month,1,7.75,0,0.2585,1
32,28.59,Month-to-Month,0,4.4,0,0.1086,0
20,56.32,Month-to-Month,0,7.81,0,0.3858,0
36,98.21,One Year,4,4.11,0,0.5286,0
30,56.99,Two Year,1,14.56,1,0.1244,0
67,28.29,One Year,5,5.27,0,0.0196,0
27,81.29,Month-to-Month,2,18.52,0,0.5932,1
17,46.45,Month-to-Month,2,5.7,0,0.4803,1
37,69.29,Month-to-Month,1,8.64,1,0.381,1
25,61.56,Month-to-Month,1,48.75,0,0.2861,0
29,100.23,Month-to-Month,3,1.27,1,0.8429,1
14,61.57,One Year,0,10.68,1,0.348,1
40,42.11,Month-to-Month,1,1.2,0,0.1455,0
23,55.62,Two Year,2,14.6,0,0.1632,0
34,40.42,Month-to-Month,0,7.26,0,0.1407,0
72,60.81,Two Year,0,22.27,0,0.0065,0
26,100.4,Month-to-Month,0,16.08,0,0.6525,1
42,89.97,Month-to-Month,1,0.62,0,0.4386,0
27,105.82,One Year,1,1.18,0,0.564,1
20,74.59,One Year,0,7.35,0,0.3083,0
55,67.86,Month-to-Month,1,5.84,0,0.1373,0
9,45.03,Month-to-Month,2,1.48,0,0.6017,1
48,70.39,Month-to-Month,2,1.11,0,0.2668,0
8,62.39,One Year,0,6.64,0,0.3787,0
45,80.57,Two Year,1,0.5,0,0.1041,1
30,42.55,Month-to-Month,2,16.55,0,0.2438,0
17,66.05,Month-to-Month,3,13.16,1,0.7396,0
24,33.53,Two Year,1,12.31,0,0.0646,0
41,71.75,Month-to-Month,5,0.5,0,0.546,1
71,78.52,One Year,1,0.5,0,0.0335,0
11,32.57,Month-to-Month,1,6.39,0,0.3813,1
18,38.2,One Year,1,41.52,0,0.1023,0
13,39.08,Month-to-Month,0,3.35,0,0.3587,0
27,61.45,Month-to-Month,2,3.38,0,0.4771,0
46,37.05,Month-to-Month,1,1.15,1,0.117,0
12,92.57,One Year,1,8.98,0,0.6319,0
29,73.72,One Year,0,8.32,0,0.2021,1
45,76.98,One Year,2,0.85,0,0.1671,0
23,33.22,One Year,2,5.04,0,0.1308,0
5,90.86,Month-to-Month,0,8.8,0,0.8403,1
32,77.99,Month-to-Month,1,5.44,1,0.5371,0
53,51.35,Two Year,3,8.98,0,0.0375,0
16,34.16,Month-to-Month,1,13.55,1,0.3763,1
10,63.48,Month-to-Month,2,9.26,0,0.7117,1
35,55.67,Month-to-Month,1,7.66,0,0.2522,0
35,56.5,Month-to-Month,0,15.37,1,0.2401,0
22,50.89,Month-to-Month,3,18.47,0,0.4514,1
20,79.43,Two Year,1,3.94,0,0.3234,0
30,20.0,Two Year,2,1.52,0,0.0425,0
16,93.6,Two Year,8,13.62,0,0.8367,1
16,84.96,Two Year,0,1.92,0,0.379,1
41,69.21,Two Year,3,21.16,0,0.1085,0
15,62.12,Month-to-Month,3,0.5,0,0.7141,1
10,86.66,Month-to-Month,2,20.33,0,0.8214,1
20,64.15,One Year,1,7.12,1,0.3545,0
23,59.43,Month-to-Month,0,11.92,0,0.3623,0
37,87.77,Month-to-Month,1,4.07,0,0.4853,0
21,106.87,Month-to-Month,0,38.35,1,0.7501,1
57,45.58,Month-to-Month,3,2.07,0,0.0994,0
31,73.5,Month-to-Month,5,2.46,0,0.6997,1
19,43.27,Month-to-Month,1,0.5,0,0.3871,0
36,75.03,Month-to-Month,1,22.57,0,0.324,0
56,49.44,Two Year,0,4.87,0,0.0143,0
40,89.23,One Year,0,8.99,0,0.1795,1
12,63.0,Two Year,1,9.3,0,0.2905,0
24,65.93,Month-to-Month,2,16.6,0,0.5071,0
33,97.62,Month-to-Month,1,8.75,0,0.6072,1
40,50.34,One Year,2,6.6,0,0.0915,1
27,78.7,Month-to-Month,2,9.91,0,0.6008,1
25,52.33,One Year,2,11.12,0,0.1983,1
66,88.93,One Year,1,1.65,0,0.0617,0
41,100.74,One Year,1,0.93,0,0.3178,0
36,59.74,Two Year,2,0.62,0,0.1096,0
22,21.12,Month-to-Month,1,3.75,0,0.1881,0
16,51.24,Month-to-Month,1,5.51,0,0.4826,0
37,113.65,One Year,3,7.65,0,0.5836,1
43,53.16,Month-to-Month,1,25.37,0,0.1248,1
29,100.42,Month-to-Month,3,3.21,0,0.796,1
41,52.87,Month-to-Month,1,11.45,0,0.1652,0
41,52.38,Month-to-Month,2,6.06,0,0.2079,0
44,80.58,Month-to-Month,3,1.99,0,0.445,1
12,78.19,Month-to-Month,0,7.64,1,0.7541,1
24,82.04,One Year,1,27.33,0,0.3057,1
38,65.1,One Year,2,1.06,0,0.1709,0
30,85.69,One Year,2,5.66,0,0.3841,0
41,84.23,One Year,1,0.5,0,0.2021,0
36,87.98,Month-to-Month,3,3.1,0,0.6241,1
7,52.53,Month-to-Month,1,7.75,1,0.6775,1
50,85.67,Month-to-Month,4,14.71,0,0.4267,0
23,54.57,Two Year,2,10.48,0,0.1676,0
18,61.86,One Year,4,4.97,0,0.4826,1
49,61.45,Month-to-Month,1,19.19,0,0.1287,0
40,45.04,Month-to-Month,1,2.88,0,0.1535,0
52,30.29,Two Year,2,11.22,0,0.0143,0
34,89.47,One Year,1,5.14,0,0.3129,1
24,50.96,Two Year,2,18.31,0,0.1264,1
32,59.61,Month-to-Month,3,12.77,0,0.4133,1
16,50.39,Month-to-Month,4,18.54,0,0.6016,1
13,59.87,One Year,1,1.93,0,0.3658,0
21,54.88,One Year,1,8.82,0,0.2168,0
60,90.58,One Year,0,10.73,0,0.066,0
22,53.19,One Year,0,10.85,0,0.1554,0
10,99.29,One Year,1,5.61,0,0.7211,1
27,87.79,One Year,1,0.5,0,0.4048,1
22,55.51,Month-to-Month,2,2.42,0,0.501,1
50,71.4,Month-to-Month,0,3.12,0,0.1614,0
58,75.39,Two Year,1,15.29,0,0.0357,0
23,81.83,Month-to-Month,2,14.71,0,0.654,0
34,83.81,Month-to-Month,1,0.88,0,0.515,1
35,68.73,One Year,2,23.94,0,0.164,0
29,45.91,Two Year,2,1.61,0,0.1059,1
26,77.82,Month-to-Month,1,4.28,0,0.5629,0
17,60.27,Month-to-Month,4,1.94,0,0.7192,0
9,20.0,Two Year,1,15.75,0,0.0882,1
17,72.81,Two Year,3,11.07,1,0.4739,0
28,50.32,One Year,3,3.49,0,0.2132,0
12,55.83,Month-to-Month,0,9.16,0,0.4953,0
33,65.12,Month-to-Month,5,1.63,0,0.61,0
30,33.93,One Year,3,3.85,0,0.1166,0
22,67.78,Two Year,1,3.79,0,0.2247,0
25,58.67,Two Year,1,2.17,0,0.1479,0
14,47.46,Month-to-Month,2,16.72,0,0.4987,0
44,65.92,Month-to-Month,3,9.09,0,0.3064,0
44,31.2,Month-to-Month,1,2.63,0,0.0821,0
15,66.51,Two Year,1,2.22,0,0.298,0
15,74.41,One Year,0,0.5,0,0.4014,0
17,71.1,Month-to-Month,0,3.4,0,0.5728,1
39,80.78,Month-to-Month,1,5.99,0,0.3942,1
35,88.31,One Year,0,2.6,0,0.246,0
48,63.37,Month-to-Month,0,9.64,0,0.1262,0
51,86.91,Two Year,1,4.24,0,0.0878,0
12,63.3,One Year,0,3.04,0,0.3533,1
38,51.01,Month-to-Month,2,22.38,0,0.1936,0
50,57.14,Month-to-Month,3,2.44,0,0.1985,0
25,70.34,Two Year,2,4.06,0,0.2555,0
29,86.7,Month-to-Month,1,3.85,0,0.5959,0
27,65.03,Month-to-Month,3,2.21,0,0.5716,1
27,51.53,Two Year,1,1.96,0,0.1074,0
44,93.89,Two Year,4,2.88,0,0.2909,1
65,36.3,Two Year,1,15.97,0,0.0059,0
56,51.66,Month-to-Month,1,11.66,1,0.0931,0
22,82.86,Month-to-Month,2,9.14,0,0.6955,1
34,100.33,Month-to-Month,3,4.89,0,0.7455,0
19,74.61,Month-to-Month,0,5.67,0,0.5727,0
20,70.0,One Year,1,2.49,1,0.4217,1
28,59.18,Month-to-Month,0,0.62,0,0.3237,0
20,75.96,One Year,1,3.22,0,0.4012,0
21,67.59,Month-to-Month,2,5.47,0,0.5998,1
33,49.91,Month-to-Month,2,0.5,0,0.2994,0
38,58.82,Two Year,2,0.74,0,0.0986,0
37,47.65,Month-to-Month,4,2.44,1,0.4015,0
37,65.27,Month-to-Month,1,3.66,0,0.297,1
14,68.24,Month-to-Month,2,4.0,1,0.7647,1
19,97.69,Month-to-Month,0,1.0,0,0.7607,1
30,53.05,Month-to-Month,1,2.05,1,0.3731,1
49,61.38,Month-to-Month,3,2.43,0,0.2351,0
72,90.18,One Year,3,0.56,0,0.0757,0
34,101.1,Two Year,0,3.16,0,0.2567,0
42,74.49,Month-to-Month,2,0.6,0,0.3748,1
13,59.93,Month-to-Month,1,9.72,0,0.5763,0
41,55.54,One Year,1,3.9,0,0.0816,0
72,28.14,Month-to-Month,4,3.17,0,0.0304,0
19,46.44,One Year,0,1.08,0,0.1658,0
22,67.03,One Year,0,2.05,0,0.2561,0
45,61.38,Month-to-Month,0,2.12,0,0.1601,0
30,77.47,Two Year,1,33.71,0,0.1385,0
9,61.1,Two Year,3,14.43,0,0.414,1
22,50.48,Two Year,1,0.5,0,0.1376,0
57,71.83,Month-to-Month,2,7.67,0,0.1612,1
25,115.11,One Year,1,2.36,0,0.6564,1
25,58.65,Two Year,0,0.88,0,0.1218,0
43,67.78,Month-to-Month,3,9.78,0,0.3284,1
35,81.94,Two Year,2,1.13,0,0.2243,0
25,53.57,Month-to-Month,2,4.69,0,0.4333,1
21,90.46,Month-to-Month,1,8.0,0,0.7193,1
72,33.42,One Year,0,6.47,0,0.0048,0
53,56.85,One Year,2,30.4,0,0.0386,0
37,58.78,One Year,2,12.32,1,0.1613,0
39,68.02,Two Year,2,11.9,0,0.1081,0
27,25.57,Month-to-Month,1,3.52,0,0.1604,0
35,92.05,Month-to-Month,2,0.5,0,0.6308,0
26,73.28,Two Year,2,10.61,0,0.2403,0
18,87.46,Month-to-Month,1,50.0,0,0.5923,1
35,97.26,One Year,3,4.17,0,0.473,0
25,50.19,Month-to-Month,4,33.88,0,0.4161,0
36,20.0,Month-to-Month,0,1.22,0,0.0696,0
40,87.93,Month-to-Month,4,2.81,0,0.6356,1
37,59.27,Month-to-Month,1,1.5,0,0.2631,0
17,42.34,Two Year,4,5.16,0,0.2434,0
23,76.53,One Year,2,12.76,0,0.3784,0
25,114.27,One Year,5,3.33,0,0.8344,1
47,62.82,Month-to-Month,2,18.94,0,0.182,0
46,84.02,Month-to-Month,0,6.3,0,0.2689,0
20,45.25,Month-to-Month,2,5.01,0,0.4313,1
14,31.26,Month-to-Month,3,12.37,0,0.4306,1
72,83.28,Month-to-Month,2,0.86,0,0.1173,0
36,75.92,Month-to-Month,1,11.89,0,0.3636,0
13,55.69,Month-to-Month,1,2.23,0,0.5726,0
22,99.12,Month-to-Month,3,2.64,0,0.8569,1
48,29.71,Month-to-Month,2,7.32,0,0.0727,0
72,40.4,One Year,3,18.58,0,0.0108,0
68,54.14,Month-to-Month,5,6.91,0,0.1035,1
36,57.87,Month-to-Month,1,8.37,0,0.251,0
29,94.31,Two Year,1,11.99,1,0.3561,0
16,65.98,Month-to-Month,3,2.4,0,0.7192,1
31,61.14,Two Year,2,14.05,0,0.1289,0
18,39.6,Month-to-Month,2,4.33,0,0.4164,0
24,86.73,Two Year,2,1.55,0,0.4017,1
45,42.27,Month-to-Month,1,3.45,0,0.1096,0
26,39.51,One Year,5,2.26,0,0.2623,1
25,56.99,Month-to-Month,0,2.08,0,0.3464,0
29,68.26,One Year,2,2.66,1,0.3441,0
72,50.6,Month-to-Month,2,1.6,0,0.0402,0
15,79.14,Month-to-Month,1,8.81,0,0.7036,1
34,59.34,One Year,0,6.94,1,0.1373,0
65,86.06,Month-to-Month,0,8.36,0,0.1057,0
29,75.1,Two Year,1,3.37,0,0.2004,0
52,100.83,Month-to-Month,1,11.75,1,0.4162,0
13,56.16,Month-to-Month,3,1.11,0,0.6887,0
26,81.88,One Year,2,6.77,0,0.4023,0
19,29.26,Month-to-Month,2,2.58,0,0.3237,0
28,120.0,Month-to-Month,1,6.0,0,0.826,1
29,80.88,One Year,1,3.13,0,0.3171,0
30,59.07,One Year,3,12.5,0,0.2203,1
44,59.82,Two Year,2,17.75,0,0.0556,0
7,60.06,Month-to-Month,0,10.86,0,0.6087,0
21,101.8,Month-to-Month,2,1.54,0,0.843,0
33,82.97,Month-to-Month,2,2.57,1,0.6466,1
9,56.13,Month-to-Month,3,20.14,0,0.6847,1
40,40.22,One Year,1,4.6,1,0.0701,0
21,88.92,Month-to-Month,2,22.67,0,0.7163,0
27,81.77,Month-to-Month,1,3.99,0,0.5882,1
45,79.13,Month-to-Month,2,24.25,0,0.2861,1
54,63.33,One Year,3,20.8,1,0.0881,1
40,59.01,Two Year,2,8.64,0,0.0763,0
15,98.7,One Year,1,0.5,0,0.6703,0
39,100.57,Month-to-Month,1,4.09,0,0.5594,1
41,77.8,One Year,1,19.37,0,0.1363,0
37,84.4,One Year,2,17.31,1,0.3099,0
58,69.72,Month-to-Month,2,1.66,0,0.161,0
31,37.6,Month-to-Month,4,4.08,1,0.4053,1
57,45.41,Month-to-Month,3,14.44,0,0.0849,0
57,87.92,Month-to-Month,3,6.9,1,0.3854,0
41,90.47,Two Year,2,15.03,0,0.1763,1
34,86.08,Month-to-Month,2,14.02,0,0.5389,1
37,71.92,Month-to-Month,1,19.04,0,0.3017,0
64,86.83,Two Year,1,1.0,0,0.0449,0
49,63.84,Two Year,0,1.26,0,0.0383,0
16,77.43,One Year,0,0.69,0,0.413,1
36,60.91,Month-to-Month,3,21.9,0,0.3322,0
18,43.86,Month-to-Month,0,5.16,0,0.3247,0
20,82.29,Month-to-Month,3,0.53,0,0.7852,1
24,90.5,Month-to-Month,2,3.1,0,0.7465,1
13,114.48,Month-to-Month,3,3.46,0,0.9451,1
18,70.28,One Year,3,13.27,1,0.5449,1
59,44.04,Month-to-Month,2,10.64,0,0.0586,0
20,58.43,Month-to-Month,0,9.35,0,0.3972,0
44,62.28,Month-to-Month,2,0.5,0,0.2506,0
32,67.97,One Year,1,19.33,0,0.1593,0
39,74.42,One Year,1,1.94,0,0.1717,0
39,72.26,One Year,1,7.93,0,0.1433,0
17,80.54,Month-to-Month,1,0.51,0,0.7185,1
44,68.95,Month-to-Month,0,0.68,0,0.2047,0
14,20.49,Month-to-Month,2,0.5,0,0.3223,1
20,69.54,Month-to-Month,0,6.68,0,0.5099,0
39,66.73,Two Year,1,7.94,1,0.1106,0
16,76.01,Two Year,2,0.5,1,0.4916,1
8,57.77,One Year,3,2.75,0,0.5371,1
35,69.47,Two Year,3,15.25,0,0.1613,1
11,76.12,One Year,0,0.85,0,0.4734,0
41,61.8,Month-to-Month,1,1.95,0,0.2355,1
25,78.52,Two Year,1,4.42,0,0.2564,0
35,66.4,Month-to-Month,0,14.78,0,0.2528,0
34,68.13,One Year,2,2.35,0,0.2146,0
43,20.0,Month-to-Month,0,46.85,0,0.0252,0
40,42.12,Month-to-Month,0,3.51,1,0.1464,0
16,42.18,One Year,0,3.91,1,0.2069,1
26,69.33,Month-to-Month,2,1.04,0,0.566,0
35,90.43,Month-to-Month,1,9.12,0,0.5233,0
57,62.63,Month-to-Month,2,2.23,0,0.1333,0
40,81.97,Month-to-Month,1,7.93,1,0.4511,0
55,77.97,Two Year,3,2.02,1,0.1153,0
36,67.8,One Year,3,3.93,0,0.2394,0
49,76.48,Month-to-Month,1,15.54,0,0.2024,0
33,69.92,Month-to-Month,1,10.74,0,0.3628,0
48,62.15,Two Year,3,1.34,0,0.0758,0
24,72.82,Month-to-Month,0,7.49,0,0.4701,1
60,93.93,Month-to-Month,1,7.92,0,0.2134,0
38,74.45,Month-to-Month,0,0.76,1,0.3856,0
13,69.36,Two Year,1,5.02,0,0.3409,0
35,47.45,Month-to-Month,4,2.42,0,0.3554,0
40,93.32,Month-to-Month,2,5.04,0,0.5476,1
45,36.86,Month-to-Month,2,12.01,0,0.1002,0
71,30.88,Month-to-Month,3,1.38,0,0.0286,0
22,72.43,One Year,1,1.05,1,0.4144,1
71,47.38,Month-to-Month,2,2.51,0,0.0381,0
29,86.78,Month-to-Month,0,24.34,0,0.4524,0
19,31.33,Month-to-Month,2,11.02,0,0.3035,0
23,84.24,Month-to-Month,3,0.5,0,0.7756,1
39,81.42,Two Year,0,4.1,0,0.1149,0
18,67.36,Two Year,3,2.38,0,0.3783,0
24,23.01,Month-to-Month,1,8.13,0,0.163,0
35,30.53,Month-to-Month,5,4.92,0,0.2791,0
60,69.8,Month-to-Month,2,26.71,0,0.1027,0
44,60.34,One Year,2,1.98,0,0.1029,0
30,79.55,One Year,5,7.09,0,0.5119,1
39,63.64,Month-to-Month,2,9.64,0,0.3012,1
33,61.9,One Year,2,13.97,0,0.166,0
15,20.0,One Year,0,4.18,0,0.0877,0
65,81.45,Two Year,0,9.29,0,0.024,0
61,52.02,Month-to-Month,2,2.89,0,0.0787,0
28,57.04,Month-to-Month,2,4.57,0,0.4097,0
23,43.6,Month-to-Month,2,18.08,0,0.327,0
15,34.19,Two Year,2,23.95,1,0.145,0
40,94.44,One Year,3,10.15,0,0.3605,0
40,80.91,One Year,0,3.75,0,0.1533,0
19,81.24,Month-to-Month,2,13.72,0,0.7147,0
33,60.67,Month-to-Month,2,0.5,1,0.4533,0
44,30.24,Month-to-Month,0,0.87,1,0.0846,0
22,107.04,One Year,2,8.66,1,0.733,1
26,73.45,Month-to-Month,2,2.75,0,0.5851,0
26,67.74,Month-to-Month,2,24.19,1,0.5326,1
19,57.82,One Year,2,4.58,0,0.3134,0
27,24.11,Month-to-Month,5,4.49,0,0.3372,0
11,87.83,Month-to-Month,3,9.07,0,0.8701,1
26,43.85,Month-to-Month,2,11.67,0,0.3153,0
26,75.93,Two Year,0,5.16,0,0.1874,0
28,80.42,One Year,0,1.93,0,0.2693,0
37,71.68,Two Year,1,11.87,1,0.135,0
14,74.4,Month-to-Month,1,3.09,0,0.6981,1
16,91.92,Two Year,4,1.54,1,0.7367,0
19,49.15,Two Year,1,7.99,0,0.1428,0
14,68.29,One Year,2,0.76,0,0.4954,1
39,60.5,Two Year,4,28.42,0,0.1021,0
22,28.21,Month-to-Month,1,8.01,0,0.2178,0
29,70.73,Month-to-Month,2,34.09,0,0.4092,0
18,90.03,Month-to-Month,5,3.31,0,0.8967,1
24,92.53,One Year,1,28.38,0,0.3853,1
34,102.15,One Year,2,1.26,0,0.4812,1
35,29.53,One Year,0,0.5,0,0.0409,0
16,97.57,Month-to-Month,1,0.5,0,0.8276,1
28,68.7,Month-to-Month,0,5.0,0,0.3876,1
18,97.01,Month-to-Month,1,0.69,0,0.8077,1
28,57.1,One Year,1,5.74,0,0.1719,0
21,54.38,Month-to-Month,0,3.17,0,0.3817,0
67,40.69,Two Year,2,3.27,1,0.0126,0
44,80.52,Month-to-Month,1,8.08,1,0.3841,0
36,75.29,Month-to-Month,1,1.42,0,0.4053,1
25,42.66,Two Year,2,11.64,0,0.1,0
44,21.72,Month-to-Month,0,6.98,0,0.0431,0
29,73.3,Month-to-Month,1,19.72,0,0.4274,0
64,75.58,Month-to-Month,1,3.63,0,0.1095,0
46,45.26,Month-to-Month,2,32.46,1,0.1202,0
24,41.24,Two Year,2,6.86,0,0.1088,0
60,78.12,One Year,3,29.02,1,0.0868,0
25,102.13,Month-to-Month,3,0.5,1,0.8805,1
69,55.1,One Year,0,10.41,1,0.0153,0
62,47.41,Month-to-Month,2,13.57,0,0.0541,0
34,70.98,One Year,0,0.5,0,0.1612,0
12,77.71,Two Year,0,6.92,0,0.3576,1
33,57.71,Two Year,2,12.95,0,0.1052,0
16,105.5,Month-to-Month,1,6.59,0,0.8596,1
21,83.03,Month-to-Month,1,0.53,0,0.6878,0
22,57.37,Month-to-Month,1,9.46,0,0.4272,0
15,33.15,One Year,3,0.5,0,0.2489,0
33,91.39,Month-to-Month,3,13.61,0,0.6624,1
20,88.84,Month-to-Month,2,0.5,1,0.8352,1
26,58.94,Two Year,0,1.18,0,0.118,0
22,72.01,Month-to-Month,3,2.57,0,0.6934,0
37,61.99,Month-to-Month,1,8.03,0,0.2604,0
36,75.41,Month-to-Month,3,29.96,0,0.42,1
25,44.5,Month-to-Month,6,1.0,1,0.6793,1
38,41.65,Month-to-Month,1,1.23,0,0.1532,0
52,81.22,Month-to-Month,3,3.68,0,0.3294,0
8,83.75,Month-to-Month,4,14.47,0,0.8966,1
21,55.18,Month-to-Month,1,5.04,1,0.5076,1
17,50.02,One Year,2,3.1,0,0.2874,0
20,87.95,Month-to-Month,2,6.59,0,0.7622,1
7,50.69,One Year,0,2.41,0,0.3225,0
7,66.11,Month-to-Month,5,4.1,0,0.8766,1
4,63.57,Month-to-Month,1,3.23,0,0.7458,1
22,35.66,Two Year,3,13.04,1,0.1497,0
22,68.84,Month-to-Month,4,20.64,0,0.6639,1
56,66.89,Month-to-Month,0,11.4,0,0.0912,0
32,72.2,Two Year,1,4.63,1,0.2002,0
7,68.16,One Year,2,5.61,0,0.5704,0
38,107.71,Month-to-Month,1,1.07,0,0.6534,1
72,88.23,Month-to-Month,1,10.99,0,0.0956,1
8,65.78,One Year,3,7.26,0,0.6006,0
64,67.6,Two Year,3,18.62,0,0.0284,0
29,100.27,Month-to-Month,2,1.79,0,0.7621,0
23,82.26,Month-to-Month,1,11.41,0,0.613,1
21,40.42,Month-to-Month,1,9.23,0,0.2973,1
35,83.98,Month-to-Month,4,2.47,1,0.7353,1
23,89.86,Month-to-Month,3,8.81,0,0.7787,1
15,97.35,Month-to-Month,2,20.66,1,0.8682,1
22,56.97,Month-to-Month,1,20.05,0,0.3848,0
35,55.51,Month-to-Month,1,10.17,1,0.2952,0
41,46.16,Two Year,5,0.5,0,0.1081,1
68,71.16,Month-to-Month,2,16.46,0,0.0816,0
31,79.66,Month-to-Month,2,8.58,0,0.5517,0
54,54.73,Month-to-Month,2,2.97,0,0.1225,0
26,62.16,Two Year,2,1.66,0,0.1921,0
28,23.93,One Year,4,0.99,0,0.1236,0
28,95.19,One Year,1,0.5,1,0.5346,1
33,33.7,Month-to-Month,0,11.22,0,0.1137,0
45,72.5,Two Year,0,2.15,1,0.0847,0
23,69.77,Month-to-Month,1,0.5,1,0.625,0
18,65.92,Month-to-Month,3,4.05,0,0.6971,1
47,66.38,One Year,1,5.27,0,0.0849,0
45,44.76,Two Year,2,1.48,0,0.0411,0
58,58.44,One Year,2,0.5,0,0.046,0
21,84.38,Two Year,3,1.68,0,0.4792,0
26,90.3,Two Year,1,9.09,0,0.3136,0
47,56.58,Month-to-Month,4,0.69,0,0.2741,0
23,33.79,Month-to-Month,1,6.48,0,0.2442,1
40,49.43,Month-to-Month,4,1.27,0,0.3088,0
27,102.05,Two Year,2,1.74,1,0.5634,0
35,50.62,Month-to-Month,5,3.99,0,0.4469,1
15,63.06,Two Year,3,0.85,0,0.3875,0
31,93.32,Month-to-Month,1,1.52,1,0.7014,0
3,54.46,Month-to-Month,1,3.43,0,0.6923,1
52,61.69,Month-to-Month,1,3.2,0,0.1351,0
43,80.89,Month-to-Month,2,11.07,0,0.3751,0
17,99.24,Two Year,0,0.62,0,0.485,1
65,52.09,Month-to-Month,0,15.75,0,0.0318,0
50,92.84,Month-to-Month,2,13.55,0,0.3595,0
15,59.37,Month-to-Month,1,11.62,1,0.6052,1
22,47.28,Month-to-Month,5,2.96,0,0.609,1
16,69.99,Month-to-Month,1,13.85,0,0.6072,0
35,41.85,Month-to-Month,1,1.61,0,0.1804,1
21,74.44,Two Year,2,1.06,0,0.3326,0
9,120.0,Month-to-Month,0,0.5,0,0.9289,1
28,87.11,Month-to-Month,1,22.42,0,0.5412,0
46,62.9,One Year,1,2.95,1,0.1081,0
31,86.04,Month-to-Month,2,19.97,0,0.5629,0
38,46.37,Month-to-Month,2,2.55,0,0.2102,0
33,49.73,Month-to-Month,1,19.05,0,0.2066,0
42,63.46,Month-to-Month,0,18.74,0,0.1567,1
34,66.76,One Year,1,20.58,0,0.1369,0
27,39.13,Month-to-Month,3,5.48,0,0.3291,1
31,58.87,One Year,2,16.08,0,0.1669,0
59,62.11,Two Year,2,24.09,0,0.0232,0
40,95.84,Month-to-Month,3,3.14,0,0.6419,0
17,39.13,Month-to-Month,2,4.34,0,0.4213,0
31,37.28,Month-to-Month,1,10.16,0,0.178,0
35,68.51,Month-to-Month,3,2.86,0,0.48,1
27,88.02,Two Year,1,11.21,1,0.341,1
9,76.03,One Year,2,0.61,0,0.6336,0
18,71.05,Month-to-Month,0,5.93,1,0.6263,1
23,59.23,Month-to-Month,0,1.04,0,0.3895,1
69,78.52,Month-to-Month,5,2.78,0,0.2191,0
37,81.54,One Year,1,2.39,0,0.2214,0
11,59.85,One Year,3,14.61,0,0.4649,0
28,46.03,One Year,4,1.72,0,0.2368,0
55,46.16,Month-to-Month,1,13.22,0,0.0621,0
21,82.57,One Year,0,12.64,0,0.3417,1
48,34.11,Month-to-Month,1,5.53,0,0.0668,0
12,98.54,Month-to-Month,3,2.13,0,0.9143,1
4,55.88,Month-to-Month,0,2.06,0,0.6446,1
52,71.19,Month-to-Month,1,5.0,0,0.1761,1
23,79.03,One Year,0,0.5,1,0.404,1
9,51.33,Two Year,2,6.06,1,0.3694,0
24,55.8,Month-to-Month,1,24.42,0,0.3341,1
32,67.64,Two Year,2,1.34,0,0.1689,0
37,47.93,Month-to-Month,0,6.81,0,0.1505,0
5,43.65,One Year,1,26.11,0,0.2661,1
20,45.44,Two Year,1,15.76,0,0.1074,0
30,89.18,Month-to-Month,1,15.2,0,0.5569,1
37,72.96,Two Year,1,13.8,0,0.1084,0
17,49.14,Month-to-Month,1,2.96,0,0.4527,0
26,82.46,Month-to-Month,0,17.7,0,0.4859,0
21,50.24,One Year,2,22.69,0,0.1922,0
33,25.99,Two Year,2,5.48,0,0.0412,0
51,78.94,Two Year,2,3.5,0,0.0875,0
24,97.92,One Year,1,4.28,0,0.5161,0
13,76.16,Month-to-Month,8,3.25,0,0.9394,1
20,27.25,Month-to-Month,6,1.91,0,0.535,0
65,64.53,Two Year,0,7.71,0,0.0142,0
18,59.51,Month-to-Month,0,6.62,0,0.45,1
15,72.56,One Year,2,4.97,0,0.5038,1
24,48.05,Month-to-Month,2,0.81,0,0.4131,1
28,58.33,One Year,3,12.75,0,0.2395,0
22,36.6,Month-to-Month,2,1.54,0,0.341,1
12,69.44,Two Year,0,0.97,0,0.3128,0
35,37.34,One Year,1,7.81,0,0.0622,0
33,73.75,Two Year,1,4.07,1,0.197,0
41,49.99,Month-to-Month,5,0.5,0,0.3579,0
33,20.0,One Year,1,3.52,1,0.0554,0
62,80.88,One Year,3,11.82,0,0.0829,0
43,74.88,One Year,2,7.64,0,0.1616,0
39,92.06,Two Year,4,3.61,0,0.3428,1
52,23.2,Month-to-Month,1,1.7,1,0.0535,0
32,51.91,Month-to-Month,2,7.99,0,0.311,1
27,67.63,Month-to-Month,0,17.48,0,0.3567,1
34,76.43,Month-to-Month,0,8.31,0,0.352,0
8,35.74,Two Year,1,13.41,1,0.1967,0
32,73.63,Month-to-Month,2,5.9,0,0.4983,0
28,53.56,Month-to-Month,2,10.13,1,0.4374,0
36,27.9,Month-to-Month,3,18.12,0,0.1394,0
48,49.99,Month-to-Month,3,11.87,0,0.1571,0
39,75.29,Month-to-Month,3,19.25,0,0.4118,1
20,28.73,Month-to-Month,1,4.51,0,0.2499,0
44,77.74,Month-to-Month,1,18.77,1,0.3144,0
63,70.67,Month-to-Month,0,7.77,0,0.0761,0
49,59.92,Two Year,1,16.32,1,0.0458,0
14,32.3,Month-to-Month,5,0.5,0,0.6116,1
39,33.9,Month-to-Month,1,8.58,0,0.106,1
15,57.03,Two Year,2,15.07,0,0.2454,0
25,42.5,One Year,0,1.53,0,0.1064,0
36,58.32,Two Year,1,8.67,0,0.0772,0
33,83.12,Two Year,2,13.94,0,0.214,1
49,59.54,Month-to-Month,1,2.72,0,0.1522,0
63,58.99,One Year,2,4.16,1,0.0457,0
38,59.01,Month-to-Month,1,6.74,1,0.3021,0
24,85.27,Month-to-Month,0,5.86,0,0.5855,1
9,90.87,Two Year,3,0.5,0,0.7108,1
55,73.44,Month-to-Month,0,0.83,0,0.1403,0
28,67.73,One Year,2,0.85,0,0.2888,0
29,69.59,One Year,3,2.43,0,0.3415,1
30,93.56,Month-to-Month,5,2.26,0,0.831,1
37,74.53,Two Year,4,10.85,0,0.2221,0
37,95.45,Month-to-Month,3,6.8,0,0.6585,1
25,56.62,Month-to-Month,1,11.55,0,0.362,1
28,38.29,Two Year,1,0.58,0,0.0698,0
21,51.62,Month-to-Month,1,5.31,0,0.4049,1
20,53.74,One Year,0,3.13,0,0.1927,0
20,97.09,Month-to-Month,1,15.17,0,0.7572,0
28,79.73,Month-to-Month,3,9.84,0,0.6531,1
18,52.25,Two Year,3,16.28,0,0.2274,1
4,81.17,One Year,0,0.5,0,0.6321,1
24,62.41,Month-to-Month,1,10.21,0,0.4363,0
14,97.69,Month-to-Month,2,6.21,0,0.8671,1
31,58.33,Two Year,4,13.94,0,0.178,0
21,34.22,Month-to-Month,2,5.66,0,0.3216,1
37,61.26,Two Year,1,6.22,0,0.0823,0
15,58.34,Month-to-Month,1,0.5,0,0.5711,1
10,38.14,One Year,2,8.83,0,0.2751,0
28,76.72,Two Year,1,2.55,0,0.2183,0
23,93.49,Month-to-Month,4,0.5,0,0.8532,1
13,42.55,One Year,1,0.55,0,0.2396,0
43,84.45,One Year,1,25.23,0,0.1387,0
17,52.87,One Year,1,3.4,0,0.2649,0
19,64.51,Month-to-Month,2,16.2,0,0.5645,1
47,62.4,One Year,1,25.69,0,0.0548,0
38,64.51,One Year,2,22.96,1,0.1619,0
15,74.46,Two Year,2,17.08,0,0.3594,1
25,44.52,One Year,1,18.02,0,0.1176,0
15,90.87,Month-to-Month,0,2.73,0,0.7624,0
45,75.07,Two Year,1,1.31,0,0.0864,0
45,81.71,Month-to-Month,1,8.16,1,0.3711,0
67,49.4,Month-to-Month,3,5.36,0,0.0609,0
72,42.7,Month-to-Month,0,0.83,0,0.0191,0
21,88.65,Month-to-Month,2,9.05,0,0.7532,1
42,41.85,Month-to-Month,1,6.62,0,0.1208,0
9,67.99,Month-to-Month,1,15.91,0,0.6806,1
32,85.38,Month-to-Month,4,7.52,0,0.6984,0
36,62.46,One Year,5,6.83,0,0.2836,1
17,88.4,Month-to-Month,0,4.65,0,0.7115,1
20,59.57,Month-to-Month,1,4.97,0,0.488,1
45,39.45,Month-to-Month,0,24.7,0,0.0566,1
37,72.48,Month-to-Month,2,1.19,0,0.4282,0
63,68.97,Month-to-Month,1,4.73,0,0.0922,0
59,118.76,One Year,0,8.53,0,0.1658,1
11,46.1,Two Year,1,4.54,0,0.2077,0
22,59.96,Two Year,3,2.66,0,0.2666,0
16,50.38,Two Year,1,2.71,0,0.1843,0
43,62.15,Month-to-Month,1,2.13,0,0.2212,0
34,61.34,Month-to-Month,1,3.37,0,0.3127,1
17,47.55,Month-to-Month,2,16.43,1,0.5297,1
18,74.36,One Year,3,5.63,0,0.5244,1
53,60.72,Month-to-Month,1,2.2,0,0.1263,1
23,91.91,One Year,1,3.88,0,0.4814,1
8,52.03,Month-to-Month,1,0.89,1,0.6857,1
16,102.23,Month-to-Month,2,18.75,0,0.8518,0
69,70.52,Two Year,1,4.2,0,0.0178,0
48,90.43,One Year,2,31.45,0,0.1487,0
14,67.31,Two Year,1,3.42,0,0.3131,1
32,49.39,One Year,0,14.48,0,0.0756,0
46,59.73,Two Year,1,2.37,0,0.049,0
10,37.26,One Year,0,0.63,0,0.1956,0
49,62.77,Two Year,1,0.5,0,0.0482,0
37,68.44,Month-to-Month,3,7.45,0,0.4344,1
19,65.91,One Year,2,2.99,0,0.3808,0
40,91.6,One Year,3,4.69,0,0.3615,0
34,62.02,Month-to-Month,2,13.66,1,0.4055,1
35,27.12,Two Year,2,2.28,0,0.039,0
32,120.0,Two Year,2,2.95,0,0.5637,1
18,51.19,Month-to-Month,2,14.93,0,0.4749,0
20,84.37,Month-to-Month,0,5.43,0,0.643,0
26,34.92,Month-to-Month,0,14.07,0,0.1626,1
30,69.9,Two Year,2,3.75,0,0.1959,0
41,49.11,One Year,1,4.06,0,0.068,0
70,20.0,Month-to-Month,0,1.46,0,0.0096,0
33,59.34,Month-to-Month,1,19.85,0,0.2588,1
40,64.0,Month-to-Month,1,18.17,0,0.2131,0
45,60.62,One Year,2,33.19,1,0.0865,0
42,69.86,Month-to-Month,3,4.12,0,0.3832,0
17,59.61,Month-to-Month,3,13.66,0,0.6193,1
55,66.38,One Year,3,4.29,0,0.0836,0
51,68.4,Month-to-Month,0,4.85,0,0.1361,0
31,64.3,Month-to-Month,1,14.18,1,0.4016,1
18,61.58,Month-to-Month,3,1.56,0,0.6684,1
30,47.13,Month-to-Month,2,1.99,0,0.3169,0
11,76.89,Month-to-Month,0,3.02,1,0.7625,1
59,59.34,Two Year,2,12.42,0,0.0255,0
21,57.72,Two Year,2,3.73,0,0.2177,0
25,75.25,Two Year,1,3.55,0,0.2354,1
57,69.24,Two Year,2,50.0,0,0.0232,0
54,51.04,Month-to-Month,2,3.87,0,0.1105,0
35,90.01,Month-to-Month,0,2.28,0,0.4818,0
63,41.22,Month-to-Month,0,7.81,0,0.0274,0
17,44.37,Two Year,3,12.95,0,0.1951,0
35,78.37,One Year,3,0.58,0,0.335,1
17,100.02,Month-to-Month,2,7.72,0,0.8525,1
50,53.45,Month-to-Month,0,0.5,0,0.0984,0
49,73.26,Month-to-Month,0,5.98,0,0.1747,0
65,41.15,Month-to-Month,1,2.38,0,0.0332,0
29,46.42,Two Year,1,2.93,0,0.081,0
72,87.64,Month-to-Month,2,5.04,0,0.127,0
16,72.32,Two Year,0,20.95,0,0.22,0
29,88.26,Month-to-Month,0,9.92,0,0.5323,1
17,86.73,One Year,2,22.1,0,0.5303,0
32,23.21,Two Year,3,8.63,0,0.0468,0
18,41.08,Two Year,1,0.5,0,0.1332,0
50,70.49,Month-to-Month,3,2.47,0,0.2886,0
37,31.06,Month-to-Month,3,18.9,0,0.1443,0
16,43.91,Month-to-Month,2,8.25,1,0.5445,0
44,93.54,Month-to-Month,3,31.98,0,0.4502,0
61,54.17,One Year,1,1.36,1,0.035,0
39,79.21,Two Year,3,2.82,0,0.2039,1
13,64.44,Month-to-Month,4,3.6,1,0.835,0
27,51.4,Month-to-Month,2,3.16,0,0.3834,1
42,31.72,Month-to-Month,3,2.32,0,0.1459,1
26,69.67,Two Year,1,4.69,0,0.1934,1
16,94.09,Two Year,2,8.22,0,0.5485,0
52,51.97,Month-to-Month,1,2.98,0,0.0975,0
25,66.37,Month-to-Month,0,0.66,0,0.426,1
61,34.6,One Year,0,9.86,1,0.0124,0
22,51.56,One Year,2,4.91,0,0.2362,0
24,71.82,Month-to-Month,0,6.5,1,0.5377,1
21,79.87,Two Year,2,4.86,0,0.3668,0
27,76.12,Two Year,1,17.68,0,0.188,1
37,24.37,One Year,1,6.55,0,0.0359,0
17,55.86,One Year,2,20.54,0,0.2814,0
15,45.65,Month-to-Month,0,5.72,0,0.3808,0
10,58.82,One Year,3,2.77,0,0.5168,0
10,62.78,Month-to-Month,2,3.51,0,0.7255,1
13,86.33,Month-to-Month,3,5.91,0,0.8579,1
22,70.9,Month-to-Month,1,6.04,0,0.5552,1
32,93.36,Month-to-Month,1,9.3,0,0.5865,1
36,51.01,Month-to-Month,2,2.03,0,0.269,0
31,36.66,Month-to-Month,0,8.6,0,0.1383,0
58,94.1,One Year,2,12.06,0,0.1272,0
67,73.67,One Year,0,9.03,0,0.0257,0
25,50.13,Month-to-Month,0,5.26,0,0.281,0
17,73.76,Month-to-Month,1,38.31,0,0.5356,1
72,81.71,Two Year,1,4.15,0,0.0225,0
52,67.38,Month-to-Month,0,0.9,1,0.1748,0
50,50.42,Two Year,0,13.79,0,0.0193,0
22,56.17,Month-to-Month,1,1.91,0,0.4493,0
45,70.81,One Year,1,9.99,0,0.1017,0
32,68.98,Month-to-Month,2,1.58,0,0.4749,0
28,89.25,One Year,3,0.5,0,0.5233,1
28,59.48,Two Year,1,1.39,0,0.1323,0
38,45.72,Two Year,3,3.79,0,0.0778,0
59,116.54,Two Year,2,0.9,0,0.1902,0
72,68.49,Month-to-Month,1,1.76,0,0.0574,0
24,81.69,One Year,2,11.57,0,0.4235,0
32,75.44,Month-to-Month,1,11.75,1,0.492,1
28,68.73,One Year,0,13.61,1,0.2228,0
37,60.45,Month-to-Month,0,14.72,0,0.1983,0
26,20.0,Two Year,2,4.36,0,0.0507,0
72,43.74,Two Year,1,16.17,0,0.0051,0
20,71.58,Month-to-Month,1,5.97,0,0.5881,0
24,20.0,Month-to-Month,1,5.09,0,0.1623,0
22,66.43,Month-to-Month,3,10.14,0,0.6276,1
27,78.22,One Year,2,1.92,0,0.3777,0
14,81.67,Month-to-Month,0,12.47,0,0.6796,1
22,76.96,Two Year,0,4.49,0,0.2335,0
36,84.17,One Year,3,1.09,0,0.3586,0
36,97.11,One Year,2,1.02,0,0.4087,1
33,86.92,One Year,2,1.44,0,0.3631,1
56,68.94,Month-to-Month,2,17.7,1,0.18,0
37,62.31,Two Year,1,37.63,0,0.0543,0
55,67.29,One Year,3,3.53,0,0.088,0
72,59.49,Two Year,1,2.76,0,0.0107,0
45,87.35,Month-to-Month,1,1.98,0,0.3699,0
14,76.44,One Year,0,13.89,0,0.3931,1
34,57.38,Month-to-Month,1,1.88,0,0.2864,0
32,91.48,One Year,4,20.63,1,0.5547,1
61,59.16,One Year,2,8.81,0,0.0355,0
28,46.08,One Year,1,18.19,1,0.1359,0
19,64.79,One Year,0,6.46,0,0.2634,0
23,48.52,Month-to-Month,0,9.39,0,0.2892,0
14,83.72,Two Year,4,7.73,0,0.6164,1
3,48.09,Two Year,2,14.23,0,0.3236,0
72,62.69,Month-to-Month,1,14.46,1,0.0525,0
30,83.79,Two Year,0,7.13,0,0.1898,1
15,50.76,Month-to-Month,3,8.01,0,0.6031,1
64,73.22,One Year,2,20.4,0,0.0412,0
69,45.53,Month-to-Month,3,21.26,0,0.0385,0
32,69.89,Two Year,3,8.73,0,0.2041,0
13,76.34,Month-to-Month,4,0.5,0,0.8544,1
23,64.16,Month-to-Month,1,0.88,0,0.502,0
26,65.67,Month-to-Month,1,15.61,0,0.4128,1
30,73.88,Month-to-Month,1,0.71,0,0.4792,1
16,59.39,One Year,1,1.92,0,0.3243,1
47,82.79,Month-to-Month,0,2.1,0,0.2584,0
7,92.42,One Year,1,7.34,0,0.7,1
51,46.48,Two Year,0,6.88,0,0.0176,0
56,100.34,Two Year,3,2.73,0,0.1617,0
24,58.93,Two Year,1,1.86,0,0.1593,0
28,104.89,Month-to-Month,2,11.57,0,0.7678,1
60,59.2,Month-to-Month,0,21.92,1,0.0672,0
41,79.15,Month-to-Month,0,0.5,0,0.3139,0
25,79.04,Month-to-Month,1,1.14,0,0.6042,0
26,57.25,Two Year,1,8.22,0,0.1256,0
38,66.45,Month-to-Month,1,13.06,0,0.2703,0
70,93.8,Two Year,1,12.53,0,0.0336,0
27,58.56,Month-to-Month,2,10.17,0,0.4255,1
24,56.65,Two Year,5,17.47,0,0.2726,1
30,41.93,Month-to-Month,0,1.96,1,0.238,0
30,96.35,Month-to-Month,2,0.91,0,0.7214,1
35,55.38,One Year,1,7.64,0,0.1111,0
28,89.0,Month-to-Month,3,13.82,0,0.7012,1
52,52.97,One Year,1,6.98,0,0.0385,0
18,88.37,One Year,1,26.37,0,0.4493,1
37,81.13,Month-to-Month,2,12.7,0,0.4647,1
37,60.43,Two Year,2,9.65,0,0.0942,0
19,50.31,Month-to-Month,2,0.5,0,0.507,1
36,51.94,One Year,1,0.91,0,0.0993,0
38,51.68,Month-to-Month,3,12.29,1,0.3342,0
5,86.3,One Year,4,1.77,1,0.8693,1
17,68.2,Month-to-Month,1,0.5,0,0.6263,1
62,42.7,Month-to-Month,4,19.33,0,0.068,0
21,59.96,Month-to-Month,1,17.72,0,0.4268,1
15,62.38,Month-to-Month,0,1.97,0,0.5417,0
9,22.22,Month-to-Month,3,12.12,0,0.423,0
16,61.07,One Year,2,0.5,0,0.399,1
28,79.46,One Year,1,2.68,0,0.3196,0
14,62.25,Month-to-Month,6,7.82,0,0.8337,1
41,70.09,Month-to-Month,1,11.52,0,0.263,0
19,74.69,Month-to-Month,1,0.5,0,0.6554,1
35,58.15,Month-to-Month,0,3.16,1,0.2903,0
58,79.62,Month-to-Month,1,1.93,0,0.1749,0
56,94.15,Month-to-Month,3,50.0,1,0.2979,1
34,34.52,Two Year,1,8.89,1,0.0503,0
15,58.1,One Year,2,4.16,0,0.37,1
29,111.59,Month-to-Month,0,0.63,0,0.7444,1
35,68.41,Month-to-Month,0,7.3,0,0.2863,0
72,64.3,One Year,0,8.21,1,0.0185,0
9,59.84,Month-to-Month,0,13.56,0,0.5593,1
29,90.49,One Year,3,2.72,0,0.5164,0
40,46.22,Two Year,3,31.89,0,0.0462,0
31,83.52,One Year,2,4.63,0,0.354,1
33,59.46,Month-to-Month,0,2.81,0,0.2605,0
19,50.0,One Year,2,3.43,0,0.2624,0
47,60.38,Two Year,3,5.86,0,0.0744,0
30,64.07,One Year,1,22.08,1,0.1936,0
33,55.05,One Year,2,10.63,0,0.1428,0
49,87.26,Month-to-Month,5,6.89,0,0.5392,1
25,50.16,Month-to-Month,3,1.42,1,0.5458,1
54,67.8,One Year,4,1.29,0,0.1204,0
14,75.75,Two Year,0,5.58,0,0.3177,1
34,67.59,One Year,3,10.44,0,0.2391,0
19,80.44,One Year,0,11.12,1,0.4395,1
16,56.33,Month-to-Month,1,2.05,0,0.535,0
70,77.45,Month-to-Month,0,0.84,0,0.0703,0
14,78.04,Month-to-Month,0,3.88,0,0.6715,0
30,84.36,Month-to-Month,2,20.03,0,0.5563,0
14,27.29,One Year,3,6.31,1,0.2713,1
53,75.18,Month-to-Month,1,3.09,0,0.1934,0
24,83.03,One Year,0,3.13,0,0.3449,0
49,56.77,Two Year,2,1.13,0,0.049,0
40,54.04,Month-to-Month,1,5.13,0,0.1961,1
72,50.97,Month-to-Month,0,12.54,0,0.0214,0
12,44.36,One Year,2,27.68,0,0.2381,0
17,78.32,Two Year,0,5.57,0,0.2992,0
48,110.64,One Year,1,1.46,0,0.3021,0
35,53.88,Month-to-Month,1,9.19,0,0.2334,0
26,55.67,Month-to-Month,3,11.31,0,0.4675,0
72,65.31,Month-to-Month,3,0.6,0,0.0837,0
29,32.96,Month-to-Month,4,15.18,1,0.3464,1
19,51.09,Two Year,1,14.14,0,0.1406,0
49,63.86,Two Year,0,5.12,0,0.0357,0
30,47.12,Month-to-Month,2,6.58,0,0.3014,1
31,88.95,Month-to-Month,1,10.0,0,0.5619,1
41,39.12,Month-to-Month,4,9.03,0,0.207,1
42,83.02,Two Year,3,0.5,0,0.2015,0
17,94.37,Month-to-Month,1,1.04,0,0.808,0
25,72.63,One Year,4,1.42,0,0.4824,0
13,62.25,Month-to-Month,1,11.27,0,0.5948,1
35,69.93,One Year,2,4.64,0,0.2133,0
69,56.19,Month-to-Month,3,6.31,0,0.0677,0
17,24.28,Month-to-Month,0,11.85,1,0.24,1
11,45.41,One Year,3,3.34,1,0.4553,1
21,64.78,One Year,2,11.05,0,0.3277,0
26,46.19,Month-to-Month,0,4.67,0,0.2487,0
42,56.74,Month-to-Month,2,3.79,0,0.2302,1
24,74.58,Month-to-Month,0,3.24,0,0.4989,1
35,67.9,Month-to-Month,0,26.81,0,0.223,0
22,86.17,One Year,1,11.83,0,0.4175,0
27,70.88,Two Year,1,0.5,0,0.202,0
19,72.06,Month-to-Month,1,25.25,0,0.5445,1
15,50.75,Month-to-Month,3,11.95,1,0.6514,0
43,38.38,Month-to-Month,1,1.29,0,0.1083,0
23,56.74,Month-to-Month,2,0.64,1,0.5705,0
37,50.46,Month-to-Month,2,2.95,1,0.3144,1
18,61.66,One Year,1,7.83,0,0.2903,0
29,43.68,Month-to-Month,3,7.67,0,0.3312,0
8,81.85,One Year,0,2.58,0,0.5724,0
24,50.38,Two Year,2,4.72,0,0.1472,0
20,57.72,Two Year,3,1.9,0,0.2829,0
52,64.6,Two Year,0,0.5,0,0.034,0
14,87.46,One Year,3,5.82,1,0.7513,1
27,100.17,Two Year,2,3.41,1,0.5306,1
35,101.55,Month-to-Month,0,6.26,0,0.5672,1
48,39.36,Month-to-Month,0,23.43,0,0.0493,0
45,57.54,Month-to-Month,1,1.24,1,0.2237,0
28,53.73,One Year,4,0.5,0,0.2874,0
30,72.41,Two Year,1,0.64,0,0.1746,1
52,71.19,Month-to-Month,1,4.97,1,0.226,0
28,53.34,One Year,2,9.82,0,0.1759,0
32,51.76,One Year,1,6.95,0,0.1138,0
52,45.05,Two Year,2,5.46,1,0.0338,0
72,20.0,One Year,1,3.5,0,0.0041,0
34,39.04,Two Year,4,2.97,0,0.1004,0
38,82.34,Month-to-Month,1,3.78,0,0.4202,1
44,94.29,Month-to-Month,3,7.57,0,0.5466,1
52,91.96,Month-to-Month,2,1.47,0,0.3688,0
49,83.18,Month-to-Month,1,11.8,1,0.3236,1
21,44.76,Month-to-Month,1,6.85,0,0.3382,0
35,41.38,One Year,3,2.51,0,0.1189,0
49,28.78,One Year,0,5.56,0,0.0165,0
58,53.34,One Year,1,26.33,0,0.0215,0
27,66.74,Month-to-Month,1,0.5,1,0.536,0
34,44.84,Month-to-Month,2,1.78,0,0.2469,0
36,73.62,Month-to-Month,3,4.76,0,0.494,1
30,78.04,Month-to-Month,3,8.14,0,0.6137,1
34,55.51,One Year,3,1.91,0,0.1905,0
7,38.2,Month-to-Month,2,21.44,0,0.4945,0
72,92.62,Month-to-Month,1,8.23,0,0.1139,0
27,65.7,One Year,0,16.79,1,0.209,1
28,103.82,Month-to-Month,2,3.2,0,0.7895,1
11,66.85,Two Year,4,14.13,0,0.4962,0
10,68.24,Month-to-Month,1,3.8,1,0.7696,0
38,45.71,Two Year,1,2.33,0,0.0501,0
49,56.53,Month-to-Month,2,19.41,0,0.1358,0
45,33.82,One Year,2,0.77,0,0.0439,0
18,38.13,Month-to-Month,1,22.9,0,0.2764,0
43,79.82,Two Year,2,4.91,0,0.1331,0
28,59.35,Month-to-Month,5,39.28,1,0.5715,1
24,56.55,Month-to-Month,2,6.21,1,0.5362,1
13,50.19,Two Year,1,11.33,0,0.1897,0
20,57.29,Month-to-Month,0,0.5,0,0.4295,0
38,87.66,Month-to-Month,0,5.49,0,0.4018,0
35,67.88,Month-to-Month,0,10.7,0,0.2775,0
32,41.4,One Year,4,12.22,0,0.1502,0
7,85.61,Month-to-Month,2,1.38,0,0.8759,1
32,99.5,Month-to-Month,0,4.34,1,0.6656,0
21,74.89,Month-to-Month,1,4.35,0,0.6063,1
35,82.83,One Year,1,0.88,0,0.2642,0
53,89.42,One Year,1,4.68,0,0.1244,1
23,31.87,Month-to-Month,2,13.16,0,0.257,0
31,102.29,Month-to-Month,3,2.86,0,0.7909,1
72,86.98,Month-to-Month,1,4.53,0,0.1003,0
34,74.78,Month-to-Month,1,25.95,0,0.3431,0
29,62.49,Month-to-Month,2,0.5,0,0.4601,0
19,38.26,Month-to-Month,2,7.16,1,0.4546,0
44,58.37,Month-to-Month,2,10.88,0,0.2058,0
17,73.97,Two Year,2,11.45,1,0.428,0
54,42.91,Month-to-Month,3,10.07,0,0.0954,0
41,63.61,One Year,1,10.37,0,0.0994,0
22,41.33,Month-to-Month,1,0.5,1,0.3989,0
19,57.31,Month-to-Month,1,6.11,0,0.4824,1
19,37.95,Two Year,2,12.22,1,0.1538,0
10,35.84,Month-to-Month,2,0.79,0,0.5151,1
37,71.8,Month-to-Month,1,0.5,0,0.3602,0
8,53.4,One Year,1,13.48,0,0.3494,0
28,55.28,Month-to-Month,2,9.97,0,0.3783,0
27,52.33,Month-to-Month,1,4.25,1,0.3995,0
25,119.46,Month-to-Month,1,22.56,0,0.82,1
37,77.15,Month-to-Month,2,11.64,0,0.4264,1
22,79.29,One Year,2,27.5,0,0.3733,0
32,49.49,Month-to-Month,2,21.2,0,0.2465,0
54,75.1,Month-to-Month,3,5.25,0,0.2591,1
39,60.45,Month-to-Month,5,11.24,0,0.4357,0
23,49.33,Month-to-Month,0,8.85,0,0.2863,0
29,103.58,Two Year,1,13.35,0,0.3562,0
25,76.46,Month-to-Month,1,12.4,0,0.5406,1
27,75.45,Two Year,1,1.33,0,0.224,0
33,45.57,One Year,3,2.13,0,0.1507,0
13,39.6,One Year,3,2.47,0,0.3211,0
11,63.85,Month-to-Month,2,13.65,0,0.6833,1
18,53.53,Month-to-Month,1,13.32,0,0.4411,0
38,77.25,Two Year,0,5.47,1,0.1354,0
41,78.59,Two Year,2,6.96,1,0.1844,0
44,66.31,Month-to-Month,3,14.03,1,0.3647,0
18,81.55,Month-to-Month,0,3.0,0,0.6514,0
31,68.87,Month-to-Month,0,0.5,1,0.4382,1
24,47.57,Two Year,2,5.27,0,0.1364,0
27,61.03,Month-to-Month,2,19.6,0,0.3997,0
24,67.71,One Year,1,12.5,0,0.2564,1
34,83.58,One Year,1,3.65,0,0.2731,1
20,69.5,One Year,3,0.54,0,0.4704,0
51,53.57,One Year,1,8.11,0,0.0412,0
51,84.32,Month-to-Month,3,14.39,0,0.3319,1
37,72.62,Two Year,3,8.75,0,0.1708,0
48,95.91,One Year,2,4.43,1,0.2924,0
12,66.75,One Year,2,1.05,0,0.4977,0
53,44.25,Month-to-Month,2,19.33,0,0.0758,0
36,88.54,One Year,0,2.58,0,0.24,0
21,53.46,Month-to-Month,2,2.03,0,0.4968,1
20,70.91,Month-to-Month,4,13.54,0,0.7298,1
62,68.71,One Year,0,31.8,1,0.0281,0
44,65.91,Month-to-Month,1,8.63,0,0.2127,0
27,61.6,One Year,2,7.84,0,0.2373,0
12,31.96,Month-to-Month,3,3.08,0,0.4946,0
54,44.96,One Year,1,0.5,0,0.0292,0
15,87.44,Month-to-Month,0,1.7,1,0.7874,1
24,73.58,One Year,2,7.02,0,0.3647,1
27,103.19,Month-to-Month,2,1.31,0,0.7969,1
20,44.25,One Year,2,17.22,0,0.1878,0
26,64.39,Two Year,1,1.67,1,0.2128,0
29,88.26,Month-to-Month,1,5.91,0,0.598,1
26,53.68,Month-to-Month,1,5.74,0,0.3483,1
35,55.29,One Year,1,7.41,0,0.1114,0
63,59.13,One Year,1,3.17,0,0.0275,0
13,56.09,One Year,1,16.54,0,0.2929,1
32,75.64,One Year,1,4.7,0,0.2383,0
16,29.4,Month-to-Month,1,9.64,0,0.2896,0
12,97.85,Month-to-Month,2,8.08,0,0.8789,0
46,45.81,Month-to-Month,0,1.0,1,0.1195,0
33,22.66,Month-to-Month,4,7.8,1,0.2466,1
12,64.8,One Year,3,6.4,0,0.537,0
26,57.45,Month-to-Month,2,18.31,1,0.4627,0
18,61.44,Two Year,0,17.02,0,0.1588,0
7,71.25,Two Year,2,1.31,0,0.5148,1
27,77.9,Two Year,1,0.68,0,0.2407,0
41,98.73,Two Year,0,2.79,0,0.1732,0
39,51.2,Month-to-Month,2,34.51,1,0.2014,0
24,80.49,Two Year,0,0.5,1,0.3072,0
48,79.18,Month-to-Month,1,8.94,0,0.2567,0
56,20.0,Month-to-Month,2,7.5,0,0.0326,0
42,48.34,One Year,1,8.32,1,0.0787,0
22,39.26,Month-to-Month,3,1.97,0,0.425,1
27,73.96,Two Year,1,2.06,0,0.2083,0
62,71.76,One Year,2,4.51,0,0.0554,0
25,72.16,One Year,0,0.81,1,0.3215,0
39,58.89,Month-to-Month,1,0.62,0,0.2398,0
19,60.9,One Year,1,0.74,0,0.2941,0
48,64.43,Month-to-Month,1,6.81,0,0.174,1
18,56.98,Two Year,1,4.06,0,0.1964,0
28,80.54,Month-to-Month,1,2.78,0,0.5613,0
39,43.61,One Year,2,3.04,0,0.0822,0
68,49.36,Month-to-Month,1,1.86,0,0.0382,0
33,67.43,Month-to-Month,2,4.24,0,0.431,0
25,57.64,Month-to-Month,4,1.82,1,0.6594,1
24,42.82,Month-to-Month,1,9.58,0,0.2762,0
47,75.64,One Year,2,1.06,0,0.1484,0
37,53.55,Month-to-Month,2,23.69,0,0.214,1
41,48.11,Month-to-Month,0,0.75,0,0.1324,0
60,61.51,One Year,1,22.98,0,0.0268,0
30,47.14,Month-to-Month,0,14.33,0,0.1853,0
36,64.32,Month-to-Month,1,9.13,0,0.2937,0
24,57.81,Two Year,2,19.47,0,0.151,0
19,54.75,Month-to-Month,2,1.2,0,0.5392,1
21,54.87,Month-to-Month,0,1.55,0,0.3848,1
6,84.91,Month-to-Month,2,2.32,0,0.8794,1
38,72.38,Month-to-Month,0,2.25,1,0.3539,0
36,30.82,Month-to-Month,1,2.98,0,0.1192,0
38,82.66,Month-to-Month,1,6.86,0,0.4165,1
18,75.33,One Year,0,0.5,0,0.3658,0
21,74.15,Month-to-Month,2,3.85,0,0.659,1
21,82.76,Month-to-Month,2,2.26,0,0.7324,1
50,65.3,Month-to-Month,1,7.46,0,0.1577,0
32,77.4,One Year,0,33.69,0,0.1402,0
30,55.71,Two Year,2,5.83,0,0.1253,0
43,81.95,Month-to-Month,0,4.44,0,0.2966,1
21,69.36,Two Year,1,3.67,0,0.2431,0
35,37.46,Month-to-Month,0,12.3,0,0.1102,1
72,85.73,Month-to-Month,0,0.6,0,0.081,1
54,62.42,Month-to-Month,2,25.71,0,0.1157,0
35,59.64,Month-to-Month,1,4.33,0,0.2836,0
31,56.15,Month-to-Month,4,3.01,0,0.4948,0
38,57.61,Month-to-Month,1,29.22,0,0.1766,0
58,69.59,Month-to-Month,2,21.98,0,0.1248,0
56,45.25,Month-to-Month,1,8.22,0,0.0617,0
62,33.63,Month-to-Month,1,0.5,0,0.0317,0
33,43.71,Month-to-Month,1,11.04,0,0.1856,0
8,72.63,Two Year,0,3.27,0,0.3863,0
70,61.76,Month-to-Month,1,3.93,0,0.0505,0
19,87.26,One Year,0,1.38,0,0.4536,1
8,63.7,One Year,1,5.93,0,0.4535,0
42,81.85,Month-to-Month,0,10.92,1,0.3444,0
8,51.14,Month-to-Month,2,2.55,0,0.6658,0
30,56.3,Month-to-Month,0,22.34,0,0.2225,0
8,65.19,One Year,2,1.73,0,0.5543,0
25,62.06,Month-to-Month,0,0.55,0,0.397,1
62,60.19,Month-to-Month,1,8.27,1,0.0902,0
35,47.56,Month-to-Month,3,15.14,0,0.264,0
30,33.29,Two Year,2,24.48,0,0.0484,0
37,77.62,Month-to-Month,2,11.66,0,0.4282,0
4,75.39,One Year,2,1.78,0,0.6837,1
21,52.72,Month-to-Month,2,30.41,0,0.3886,0
22,72.58,Two Year,2,20.15,0,0.2478,0
40,61.67,Month-to-Month,2,1.43,0,0.2949,0
17,87.12,Month-to-Month,1,6.55,0,0.7503,0
32,38.75,Two Year,3,6.49,0,0.0802,0
28,62.47,One Year,3,4.67,0,0.2886,0
21,60.87,Month-to-Month,2,33.22,0,0.4384,0
22,68.22,Month-to-Month,2,0.5,0,0.6117,1
28,95.74,One Year,1,7.89,1,0.5056,0
9,62.53,Two Year,1,1.84,0,0.346,0
43,79.86,Month-to-Month,1,5.99,0,0.3257,0
19,62.04,One Year,3,12.1,0,0.3834,1
26,86.42,One Year,2,2.27,0,0.4697,0
61,80.06,Month-to-Month,0,4.0,0,0.1157,0
43,58.33,One Year,2,24.09,0,0.0755,0
15,56.89,Month-to-Month,0,11.47,0,0.455,1
4,74.74,Two Year,0,6.8,0,0.4467,1
38,51.89,One Year,1,2.01,0,0.0892,0
26,68.81,One Year,0,4.43,0,0.2138,0
33,57.88,Month-to-Month,2,11.9,0,0.3301,0
43,72.36,Month-to-Month,1,13.74,0,0.2525,0
46,61.78,Month-to-Month,5,2.24,0,0.3811,1
23,51.15,One Year,1,8.68,0,0.1715,0
28,87.11,One Year,4,0.8,0,0.5722,1
36,69.79,Month-to-Month,1,0.5,0,0.3632,1
37,63.93,One Year,3,6.36,0,0.1969,0
32,73.4,Two Year,3,2.03,0,0.2393,0
58,31.58,Month-to-Month,2,0.66,0,0.0483,0
37,106.8,Month-to-Month,2,10.47,0,0.6848,0
42,65.49,One Year,3,5.51,1,0.2037,0
34,25.74,Month-to-Month,2,12.73,0,0.1279,0
17,88.94,One Year,3,8.72,0,0.6582,0
21,49.97,Month-to-Month,0,10.47,0,0.3212,0
15,85.87,Two Year,2,2.94,0,0.521,1
49,67.43,Month-to-Month,3,2.44,0,0.2801,0
12,33.59,Month-to-Month,0,7.35,0,0.3261,0
27,70.23,Month-to-Month,1,1.79,0,0.4877,1
24,68.75,Month-to-Month,3,13.52,1,0.6697,1
24,88.04,Month-to-Month,1,5.92,0,0.6717,1
25,75.44,Month-to-Month,2,2.06,0,0.6262,0
63,40.21,Two Year,4,7.85,0,0.0178,0
9,85.05,Two Year,2,23.21,0,0.5264,1
54,56.72,Month-to-Month,2,0.69,0,0.1317,0
26,99.41,One Year,0,0.93,0,0.456,1
45,57.9,Month-to-Month,0,14.85,1,0.1584,0
31,60.77,Two Year,1,0.93,0,0.1223,0
16,48.56,One Year,0,0.5,0,0.211,0
57,55.03,Month-to-Month,3,3.42,0,0.1312,1
53,49.74,One Year,3,5.03,0,0.0562,0
16,88.53,One Year,1,6.74,0,0.5488,1
39,38.37,Month-to-Month,1,5.66,0,0.1237,0
21,81.09,Two Year,2,19.55,0,0.3259,1
12,81.57,Two Year,3,11.71,0,0.5547,0
19,92.55,Month-to-Month,4,32.99,1,0.8591,1
55,65.88,One Year,1,5.18,0,0.0512,0
45,44.47,Two Year,1,0.7,0,0.032,0
25,61.56,Month-to-Month,3,24.9,0,0.482,1
55,76.89,Month-to-Month,2,0.5,0,0.2243,0
51,66.69,Month-to-Month,0,11.97,0,0.121,0
19,72.33,Two Year,1,0.5,0,0.2966,0
62,92.31,One Year,1,11.46,0,0.0763,0
24,76.64,Month-to-Month,2,22.24,0,0.5768,0
26,68.97,Two Year,0,3.94,0,0.1556,0
9,28.11,One Year,1,2.21,0,0.1961,1
21,49.32,Two Year,0,2.05,0,0.1127,0
27,56.91,Month-to-Month,2,5.41,0,0.4191,1
34,25.46,Month-to-Month,1,1.5,0,0.1151,0
16,42.81,One Year,1,8.94,0,0.1981,0
19,59.63,Month-to-Month,1,3.68,0,0.5037,0
63,62.89,One Year,1,3.12,0,0.0311,0
49,75.12,Two Year,2,4.95,0,0.0844,0
53,60.89,Month-to-Month,2,6.26,1,0.187,0
28,69.96,Two Year,5,1.22,0,0.3708,1
35,56.64,Month-to-Month,1,9.84,0,0.2489,0
40,65.84,Month-to-Month,0,17.16,0,0.1907,0
62,74.02,Month-to-Month,2,2.61,1,0.1847,0
12,94.45,Month-to-Month,2,1.59,0,0.8788,1
22,54.71,Month-to-Month,1,11.43,1,0.4664,1
33,67.88,Two Year,2,1.62,0,0.1622,0
31,82.38,One Year,0,0.5,0,0.2603,0
19,36.21,Month-to-Month,2,7.72,0,0.3526,0
38,104.96,One Year,0,2.19,0,0.3254,0
23,88.58,Month-to-Month,3,1.51,0,0.7975,0
30,30.77,Month-to-Month,0,31.96,0,0.0933,1
37,72.43,One Year,1,2.76,0,0.1715,0
23,53.71,One Year,1,18.7,0,0.1649,0
43,57.05,One Year,3,1.57,0,0.1244,0
47,72.01,Month-to-Month,1,13.67,0,0.2033,0
20,86.01,One Year,3,5.58,0,0.6019,0
23,55.68,One Year,3,0.65,0,0.3225,0
17,55.95,Two Year,1,10.58,0,0.188,0
29,72.44,Month-to-Month,2,17.81,0,0.4792,1
34,76.44,One Year,0,1.42,0,0.1849,0
24,44.86,One Year,1,10.35,0,0.1326,0
34,99.47,Two Year,0,4.71,1,0.3063,1
22,52.13,Month-to-Month,2,11.22,0,0.4315,1
23,84.29,Month-to-Month,3,10.01,0,0.7492,0
35,74.03,Month-to-Month,1,0.5,0,0.4067,1
23,77.13,Month-to-Month,1,1.58,0,0.6039,1
28,52.52,Month-to-Month,0,5.09,0,0.261,1
36,30.52,Month-to-Month,1,21.7,1,0.1238,0
34,64.57,One Year,2,3.35,1,0.2528,0
22,64.65,Month-to-Month,0,7.93,0,0.4259,0
50,45.84,Month-to-Month,4,0.5,0,0.1859,1
11,83.36,Month-to-Month,0,9.93,1,0.7843,1
3,63.97,Month-to-Month,1,7.39,0,0.748,1
39,48.82,Two Year,2,10.05,0,0.0584,0
33,76.7,One Year,7,18.8,0,0.5197,0
16,77.23,Two Year,1,1.27,0,0.3771,1
31,50.67,Month-to-Month,1,2.43,1,0.3371,0
21,89.67,Two Year,0,43.75,0,0.2205,0
38,109.86,Month-to-Month,1,1.36,0,0.6727,0
4,43.2,One Year,2,10.2,0,0.3905,1
26,61.33,Month-to-Month,1,10.33,0,0.4029,1
22,71.74,One Year,5,9.19,1,0.6301,1
43,110.61,One Year,2,2.06,0,0.4159,1
9,50.32,Month-to-Month,2,1.94,0,0.6429,0
30,46.21,Month-to-Month,3,8.78,0,0.3393,0
39,46.07,One Year,5,1.65,0,0.1727,0
68,89.43,Month-to-Month,0,8.67,0,0.1018,0
23,50.84,Month-to-Month,2,5.43,0,0.4366,1
35,48.0,Month-to-Month,2,3.91,1,0.3199,0
9,69.62,Month-to-Month,1,2.86,1,0.7817,1
29,71.16,Two Year,0,23.59,0,0.1074,0
51,86.42,Month-to-Month,2,5.68,1,0.3915,0
68,66.84,Month-to-Month,1,6.59,1,0.0827,0
36,69.98,Two Year,0,23.85,0,0.0702,0
11,62.89,One Year,0,8.49,0,0.336,0
55,38.91,Month-to-Month,0,25.33,1,0.0414,0
11,61.01,Two Year,0,0.9,0,0.2579,0
15,66.26,Month-to-Month,2,15.0,0,0.6481,1
58,56.12,Month-to-Month,0,3.27,0,0.0662,0
28,33.71,Two Year,2,13.31,0,0.0625,0
21,42.3,Two Year,0,15.48,1,0.0977,0
41,64.21,Month-to-Month,2,2.53,0,0.2944,0
32,83.66,Month-to-Month,2,4.21,1,0.6569,0
49,98.65,Month-to-Month,3,10.36,0,0.5006,1
33,61.32,Month-to-Month,1,0.83,0,0.3369,0
33,50.66,Month-to-Month,2,11.27,0,0.273,0
48,57.55,Month-to-Month,2,0.94,0,0.1834,0
28,44.07,Two Year,2,19.67,0,0.0809,0
18,80.75,Two Year,4,2.59,0,0.5558,1
43,107.75,Month-to-Month,2,6.86,0,0.6257,1
25,51.15,One Year,1,1.0,0,0.1737,0
34,41.16,Month-to-Month,2,2.51,0,0.2247,0
8,85.13,Month-to-Month,1,4.14,0,0.829,1
27,71.36,Month-to-Month,2,5.34,0,0.5439,1
22,71.7,One Year,0,0.5,0,0.2892,0
8,96.76,Month-to-Month,0,17.56,0,0.8241,1
28,37.67,Two Year,0,0.5,0,0.0543,0
28,37.11,One Year,1,11.89,0,0.0826,0
35,61.77,Month-to-Month,3,5.09,0,0.406,0
51,66.27,Month-to-Month,4,5.94,0,0.284,0
47,57.9,One Year,0,1.87,0,0.0524,0
23,114.22,Two Year,3,7.48,0,0.6821,1
32,58.8,One Year,1,6.16,0,0.1417,0
38,53.99,Month-to-Month,1,1.44,1,0.2785,0
23,67.49,One Year,0,2.18,1,0.3007,0
12,84.42,Month-to-Month,5,0.55,0,0.9152,1
26,50.49,Two Year,4,0.55,0,0.2114,0
52,62.06,One Year,0,0.5,0,0.0459,0
12,84.99,One Year,0,1.99,0,0.5419,0
17,86.1,Month-to-Month,3,9.11,0,0.8214,0
19,69.35,One Year,1,3.04,0,0.3599,0
17,113.37,Month-to-Month,1,3.36,0,0.8869,1
41,104.61,Month-to-Month,1,1.13,0,0.5758,0
21,36.88,Month-to-Month,3,6.85,0,0.4003,1
42,31.16,Two Year,1,3.35,0,0.0234,0
30,80.91,One Year,2,9.02,1,0.4051,1
10,92.31,Month-to-Month,1,10.82,1,0.8727,1
23,60.5,Two Year,0,7.03,1,0.1683,0
48,54.96,Month-to-Month,2,2.58,0,0.172,0
32,48.59,Month-to-Month,1,5.68,0,0.2423,1
24,41.64,Month-to-Month,0,2.32,0,0.2412,0
52,87.73,One Year,2,18.66,0,0.1272,0
16,57.37,Month-to-Month,2,11.63,0,0.5718,0
21,71.04,Month-to-Month,2,5.43,1,0.6979,1
45,28.48,One Year,3,26.92,1,0.0407,0
41,85.05,Month-to-Month,0,6.33,0,0.3358,1
15,76.76,One Year,1,3.19,0,0.4776,0
37,38.11,Month-to-Month,3,0.8,0,0.221,0
21,70.18,One Year,1,6.28,0,0.3321,0
8,65.09,One Year,0,15.75,1,0.4499,1
25,56.0,One Year,1,16.12,0,0.1685,1
70,20.0,Month-to-Month,2,7.42,0,0.0142,0
48,51.79,One Year,1,4.0,0,0.0494,0
29,71.05,Month-to-Month,0,8.41,0,0.3879,0
11,54.03,Two Year,2,11.49,0,0.2787,1
8,60.57,Month-to-Month,3,4.24,1,0.8224,1
30,94.94,Month-to-Month,3,5.17,0,0.7486,1
36,63.45,One Year,0,9.13,0,0.1039,0
42,23.06,One Year,2,16.74,0,0.0285,0
39,61.3,Month-to-Month,3,12.52,0,0.32,0
41,66.99,Two Year,3,0.5,0,0.133,0
34,48.49,Two Year,1,1.06,0,0.0694,0
52,79.69,One Year,3,15.33,0,0.1331,0
22,35.76,Month-to-Month,0,14.36,1,0.2528,0
30,62.25,One Year,1,3.94,0,0.1824,0
10,35.52,Month-to-Month,0,7.02,0,0.3642,1
22,59.09,Month-to-Month,3,18.9,1,0.6059,0
47,79.16,Two Year,0,19.4,1,0.0716,0
40,61.77,Two Year,1,12.23,0,0.0633,0
6,60.6,Two Year,1,1.88,0,0.3744,0
72,65.56,Month-to-Month,2,10.48,0,0.0583,0
32,66.56,Month-to-Month,0,0.85,0,0.3336,0
32,78.88,Month-to-Month,1,17.95,0,0.4291,0
21,79.0,Month-to-Month,0,1.29,0,0.5955,0
24,93.43,Month-to-Month,3,8.69,0,0.7983,1
32,68.35,Month-to-Month,0,7.54,0,0.3278,0
39,31.79,One Year,1,12.0,0,0.0372,0
35,82.16,One Year,2,6.42,0,0.294,0
22,92.0,One Year,0,0.5,0,0.4546,1
18,114.23,Two Year,1,9.79,0,0.6332,1
17,94.03,Month-to-Month,1,3.87,0,0.7972,1
49,55.19,Month-to-Month,0,3.09,0,0.1029,0
46,68.74,One Year,2,38.31,1,0.0975,0
37,59.59,Month-to-Month,2,7.14,0,0.2956,0
49,56.87,One Year,0,9.92,0,0.04,0
27,62.73,Month-to-Month,4,5.98,0,0.5887,1
44,90.71,Month-to-Month,1,11.76,0,0.3752,1
38,33.22,One Year,2,11.16,0,0.0526,0
45,44.95,Two Year,0,8.56,0,0.023,0
16,89.39,Two Year,2,48.75,0,0.364,1
5,94.07,Month-to-Month,1,4.93,0,0.886,1
34,51.81,Month-to-Month,3,9.8,0,0.3328,0
24,98.01,Two Year,3,12.79,0,0.508,1
7,84.52,Month-to-Month,0,3.77,0,0.8013,0
53,59.64,Month-to-Month,1,4.89,1,0.1519,1
46,20.0,Two Year,3,27.83,0,0.0141,0
35,31.64,One Year,1,0.5,0,0.0556,0
18,51.84,Two Year,0,3.27,0,0.1386,1
10,80.2,Month-to-Month,1,5.33,0,0.7857,1
7,80.26,Month-to-Month,3,0.5,1,0.9128,1
22,55.67,Two Year,5,18.35,1,0.3599,0
41,60.37,Month-to-Month,4,2.7,0,0.3758,0
24,64.35,One Year,0,2.38,0,0.2094,0
38,60.63,Month-to-Month,1,13.73,0,0.2324,1
39,68.27,Two Year,1,2.61,0,0.0982,0
41,64.4,One Year,2,8.57,1,0.1656,0
9,31.52,Month-to-Month,0,13.79,0,0.3282,1
19,60.85,Month-to-Month,1,12.58,0,0.4855,1
37,64.55,One Year,1,12.18,0,0.1199,0
59,84.8,One Year,1,0.74,0,0.0833,0
51,48.37,Month-to-Month,3,0.67,0,0.1533,0
34,69.08,Two Year,1,2.93,0,0.1275,0
53,76.26,Month-to-Month,1,0.5,0,0.1995,0
34,62.03,Month-to-Month,1,5.55,0,0.3098,0
11,29.9,Month-to-Month,3,4.02,0,0.488,1
41,85.2,Two Year,1,6.51,0,0.141,0
52,79.94,Month-to-Month,0,2.84,0,0.1917,0
68,69.58,Month-to-Month,3,5.32,0,0.113,0
21,65.81,Two Year,4,3.26,0,0.3718,1
15,29.37,Month-to-Month,1,1.74,0,0.322,0
44,80.49,Month-to-Month,2,8.38,0,0.361,1
36,94.73,Month-to-Month,0,8.95,0,0.4772,1
35,42.73,One Year,0,14.14,0,0.0536,0
54,91.9,One Year,1,16.62,0,0.1105,0
44,87.63,Two Year,1,9.75,0,0.1206,0
38,42.14,Two Year,3,9.31,0,0.0635,0
23,57.12,One Year,3,0.5,1,0.3995,0
43,37.09,One Year,0,0.93,1,0.0454,0
15,63.7,Month-to-Month,1,13.39,1,0.6466,0
34,73.97,Month-to-Month,0,2.12,0,0.3592,0
29,38.59,One Year,3,3.52,0,0.1467,0
11,72.72,Two Year,2,1.26,0,0.4657,0
36,77.78,Month-to-Month,1,1.74,1,0.4927,1
21,78.07,Month-to-Month,1,11.95,1,0.6732,1
36,74.09,Month-to-Month,2,2.43,0,0.4521,0
17,40.43,Month-to-Month,0,4.77,0,0.3154,1
45,62.57,Month-to-Month,1,1.32,0,0.2058,1
63,72.05,Month-to-Month,3,9.06,0,0.1468,0
15,94.22,Month-to-Month,6,10.42,0,0.935,1
17,65.05,One Year,4,3.59,1,0.6047,1
13,73.51,Month-to-Month,2,12.29,0,0.7314,0
26,46.36,One Year,1,2.19,0,0.1405,1
36,41.9,Two Year,3,9.42,1,0.0948,1
41,39.34,Two Year,1,10.47,0,0.0292,0
34,56.59,One Year,1,27.7,0,0.0928,0
41,106.24,Month-to-Month,0,2.12,0,0.5375,1
28,56.96,Two Year,1,0.79,0,0.1229,0
21,72.29,One Year,1,2.44,0,0.3524,0
17,76.14,Month-to-Month,1,1.05,0,0.6828,0
27,43.17,Month-to-Month,2,1.49,0,0.329,0
17,56.3,Month-to-Month,4,3.25,0,0.6845,1
35,77.49,Month-to-Month,4,4.28,0,0.6102,0
18,73.57,Month-to-Month,1,18.72,0,0.5955,1
22,25.12,Two Year,1,1.74,0,0.0603,0
49,76.89,Month-to-Month,2,28.54,0,0.2175,0
51,53.98,One Year,0,13.29,0,0.0301,0
51,54.5,Two Year,3,17.06,0,0.0417,0
29,73.1,One Year,1,21.21,0,0.2139,1
22,95.46,Two Year,1,11.19,0,0.4067,0
38,60.99,Two Year,0,12.44,0,0.0566,0
18,88.58,Month-to-Month,2,4.61,0,0.796,1
42,36.18,Two Year,2,5.71,1,0.0451,0
21,67.61,One Year,1,21.56,1,0.3266,1
26,54.18,Month-to-Month,2,3.8,0,0.4189,0
43,70.64,One Year,3,0.5,0,0.1935,0
9,59.07,One Year,1,11.51,0,0.3785,1
21,38.18,Two Year,2,6.81,0,0.1159,0
35,47.25,Month-to-Month,1,13.49,0,0.1793,0
39,32.14,One Year,1,0.63,0,0.0444,0
36,38.86,Month-to-Month,0,7.77,0,0.117,0
26,74.61,Month-to-Month,2,2.28,1,0.6728,0
45,59.98,Month-to-Month,1,18.69,0,0.1517,1
17,69.62,Month-to-Month,4,0.93,0,0.7875,1
16,101.31,Two Year,1,14.82,0,0.5214,1
35,59.08,Month-to-Month,2,0.74,0,0.3417,0
16,77.69,Month-to-Month,0,0.5,1,0.7238,1
64,65.56,Month-to-Month,0,2.14,0,0.0631,0
21,120.0,Month-to-Month,2,3.24,0,0.906,1
44,20.0,Month-to-Month,0,7.88,0,0.0398,0
14,50.65,Month-to-Month,3,1.13,0,0.6344,1
58,78.08,One Year,1,4.6,0,0.0674,0
30,49.94,Month-to-Month,1,1.83,0,0.2885,1
21,76.32,Month-to-Month,0,15.46,0,0.5181,0
25,63.8,Month-to-Month,0,0.5,0,0.4077,0
19,82.3,One Year,2,3.52,0,0.5226,0
26,42.36,Month-to-Month,4,7.98,0,0.4252,1
15,68.46,One Year,0,19.54,0,0.2969,1
21,74.32,Two Year,1,16.2,0,0.2349,0
44,67.64,One Year,1,18.05,1,0.1117,0
33,67.99,Month-to-Month,2,0.52,0,0.4532,1
17,89.05,One Year,2,14.71,0,0.5781,1
27,31.4,One Year,1,12.11,1,0.0993,1
52,67.5,Month-to-Month,3,18.62,1,0.256,0
23,40.82,Two Year,0,2.99,0,0.0768,0
16,80.15,Two Year,0,19.42,0,0.2833,0
39,48.24,Two Year,0,4.12,0,0.0398,0
7,20.0,Two Year,2,8.04,0,0.1366,1
25,80.63,One Year,1,4.42,0,0.3564,0
54,59.63,One Year,1,4.46,0,0.0455,0
26,72.13,One Year,1,6.33,0,0.275,0
46,93.54,Two Year,1,3.52,0,0.142,0
16,72.43,One Year,1,12.59,0,0.3968,1
26,68.39,Month-to-Month,3,8.03,0,0.5953,0
24,64.05,Month-to-Month,1,9.36,0,0.4477,0
37,42.05,Two Year,3,2.1,0,0.0718,1
30,60.7,Month-to-Month,1,27.94,0,0.2753,0
57,104.48,One Year,1,8.63,1,0.1902,0
22,57.5,Two Year,1,1.76,0,0.1688,1
30,61.88,One Year,0,11.11,0,0.1309,0
25,90.14,Two Year,1,1.53,0,0.3524,0
29,34.17,One Year,1,0.52,0,0.0842,0
28,77.4,Month-to-Month,0,6.0,0,0.4637,1
18,33.22,Two Year,2,6.45,0,0.1194,1
43,72.98,Month-to-Month,1,1.68,1,0.3567,0
20,64.55,Month-to-Month,2,3.43,1,0.6666,1
19,77.25,Month-to-Month,3,23.32,0,0.6975,1
11,44.75,Month-to-Month,2,2.68,0,0.5593,0
22,54.3,Month-to-Month,1,1.35,0,0.4306,0
20,78.28,Month-to-Month,0,39.21,0,0.4614,1
4,54.8,One Year,2,2.88,0,0.5211,0
8,80.11,Two Year,2,9.12,0,0.5464,1
26,69.18,Month-to-Month,0,2.11,0,0.4327,0
56,56.08,Month-to-Month,3,6.39,0,0.1355,0
13,58.69,One Year,0,3.91,0,0.2995,0
29,65.07,One Year,1,26.07,0,0.1581,0
26,60.6,Two Year,0,4.54,0,0.1204,0
40,79.6,Month-to-Month,3,7.02,0,0.4825,1
41,57.57,Two Year,0,23.17,0,0.0348,0
72,53.54,Month-to-Month,4,36.25,1,0.0579,0
33,83.21,One Year,0,0.86,0,0.2356,1
19,56.56,Month-to-Month,0,14.38,0,0.3877,1
21,54.19,Month-to-Month,2,3.85,0,0.4873,0
23,20.0,Month-to-Month,1,7.23,0,0.1652,0
21,44.21,Month-to-Month,1,3.76,0,0.356,0
63,48.23,Month-to-Month,1,4.1,0,0.0474,0
41,54.2,Two Year,4,1.38,0,0.1136,0
11,50.56,One Year,0,6.8,0,0.2576,0
37,84.66,One Year,4,6.33,0,0.3891,0
16,49.5,Month-to-Month,1,1.68,0,0.475,0
41,50.99,Month-to-Month,0,6.24,0,0.1317,0
50,68.11,Two Year,0,28.93,0,0.0283,0
26,42.97,One Year,0,10.03,0,0.0926,0
21,96.28,Month-to-Month,1,5.25,0,0.7612,0
58,81.04,Month-to-Month,2,19.82,0,0.1753,0
20,41.64,One Year,1,6.85,0,0.1587,0
19,85.27,Month-to-Month,1,1.16,0,0.7295,1
17,89.43,Month-to-Month,2,6.34,0,0.8041,1
28,42.16,Two Year,0,1.6,0,0.061,0
33,41.7,One Year,0,11.67,0,0.0579,0
46,52.79,One Year,2,27.33,1,0.0673,0
38,36.7,Month-to-Month,1,3.58,0,0.129,0
38,49.39,Month-to-Month,3,4.57,1,0.3404,0
53,57.0,Two Year,1,4.38,0,0.0285,0
17,75.08,Two Year,1,2.69,0,0.3411,1
12,66.62,Month-to-Month,3,12.65,0,0.7416,1
39,62.04,Month-to-Month,2,7.69,0,0.2912,1
27,55.34,Month-to-Month,4,0.53,0,0.546,1
47,38.84,Month-to-Month,3,14.6,0,0.119,0
29,76.83,One Year,2,1.66,0,0.3452,1
21,76.39,Two Year,0,30.96,0,0.1753,1
39,52.66,Month-to-Month,1,3.78,0,0.1937,0
31,42.98,Month-to-Month,4,7.67,0,0.3667,1
29,96.12,Two Year,2,0.65,0,0.4083,0
72,69.93,Month-to-Month,2,3.38,1,0.0977,0
51,72.94,Two Year,2,12.97,0,0.0612,0
42,73.8,One Year,2,5.19,0,0.1699,0
31,40.95,Two Year,1,18.8,0,0.0491,0
30,94.99,Month-to-Month,1,6.85,1,0.7084,1
25,56.93,Month-to-Month,1,21.11,0,0.3386,1
33,81.44,Month-to-Month,1,32.41,1,0.4634,0
22,94.17,Month-to-Month,6,4.84,0,0.9068,1
15,66.63,Month-to-Month,1,6.66,1,0.6909,1
29,41.37,Two Year,3,14.41,0,0.0968,1
34,20.0,Two Year,0,2.0,0,0.0204,0
47,64.23,One Year,0,15.82,0,0.0539,0
19,70.0,Month-to-Month,2,7.17,0,0.6488,0
30,53.38,One Year,1,10.34,0,0.1292,0
38,67.71,One Year,3,0.67,0,0.2225,0
38,73.61,Month-to-Month,0,11.63,0,0.278,0
61,84.88,Two Year,0,2.98,0,0.037,0
25,60.43,Month-to-Month,1,13.09,0,0.3913,0
18,64.09,Month-to-Month,0,5.69,0,0.4953,1
31,61.43,Month-to-Month,4,2.57,0,0.5399,1
26,65.67,One Year,2,24.42,0,0.2315,0
24,54.74,One Year,3,11.59,0,0.269,0
22,54.64,Month-to-Month,1,33.97,0,0.3187,0
34,55.9,Month-to-Month,3,3.63,0,0.3791,0
20,68.13,Month-to-Month,1,8.38,0,0.5479,0
42,48.05,Month-to-Month,1,7.57,0,0.1428,0
41,55.98,Month-to-Month,0,9.31,0,0.1502,0
36,101.17,Month-to-Month,2,0.5,0,0.6892,0
17,82.93,Month-to-Month,5,2.76,0,0.8825,1
33,45.86,Two Year,2,19.2,0,0.064,0
48,82.29,Month-to-Month,3,4.41,1,0.4696,0
43,77.55,One Year,3,25.88,0,0.1676,0
40,62.92,Month-to-Month,0,1.92,0,0.206,0
30,50.84,Month-to-Month,2,47.69,1,0.2662,0
29,48.57,Month-to-Month,3,9.57,0,0.3702,0
52,69.48,Month-to-Month,2,11.98,0,0.1884,0
34,48.08,Month-to-Month,1,4.04,1,0.2774,1
34,86.94,Two Year,1,19.0,0,0.1774,0
72,92.62,Two Year,2,6.31,0,0.0402,0
25,64.14,Month-to-Month,0,9.14,0,0.3809,0
8,87.78,Month-to-Month,1,0.8,0,0.8529,1
27,56.77,Two Year,0,7.99,1,0.1255,0
28,50.71,Month-to-Month,0,16.9,0,0.2253,0
34,87.01,One Year,2,1.57,0,0.3606,0
37,96.6,Two Year,3,10.71,0,0.3153,0
8,104.26,Two Year,4,0.5,0,0.8367,0
38,71.65,Month-to-Month,3,20.85,1,0.4692,1
28,82.24,Month-to-Month,0,32.56,0,0.3971,1
25,71.21,Month-to-Month,2,3.5,0,0.577,1
11,93.07,Two Year,2,0.91,0,0.6413,0
57,73.67,Two Year,3,8.6,0,0.0615,0
23,81.1,One Year,1,0.5,0,0.4011,0
41,42.29,One Year,1,5.27,0,0.0538,0
19,60.38,One Year,1,2.54,0,0.2943,0
34,81.27,One Year,1,5.13,0,0.246,0
26,79.48,Two Year,2,0.5,1,0.3852,1
40,82.98,One Year,2,0.5,0,0.2525,0
25,67.41,Month-to-Month,1,0.5,0,0.4966,0
18,51.96,Month-to-Month,2,7.72,0,0.5028,0
29,63.82,One Year,1,6.57,0,0.1913,0
28,65.94,Month-to-Month,1,2.12,0,0.4312,0
33,69.83,Month-to-Month,1,8.32,0,0.3724,0
46,45.64,Two Year,0,17.25,1,0.0262,1
16,59.68,One Year,1,2.6,0,0.3229,0
45,63.23,Two Year,1,14.27,0,0.0504,0
15,20.16,Month-to-Month,3,8.69,1,0.4124,1
39,81.65,One Year,1,0.5,0,0.208,0
40,68.28,Month-to-Month,2,3.76,0,0.3408,0
23,70.31,Two Year,1,5.67,0,0.2248,1
19,54.69,Month-to-Month,0,10.53,1,0.4516,0
19,76.73,One Year,0,2.71,0,0.3651,1
31,48.36,One Year,2,32.47,0,0.0993,0
41,51.5,Month-to-Month,1,9.23,0,0.1605,1
27,77.57,Two Year,1,3.73,0,0.2272,1
7,72.14,Two Year,1,0.82,0,0.4605,0
22,39.45,Month-to-Month,1,1.6,0,0.3079,0
22,96.55,Month-to-Month,0,5.35,1,0.7697,1
37,49.83,Month-to-Month,1,5.46,0,0.1937,0
38,62.35,Month-to-Month,3,11.68,0,0.3458,0
32,99.94,Two Year,1,10.36,1,0.3756,1
45,23.8,Two Year,3,1.8,0,0.0258,0
46,30.87,Month-to-Month,1,7.23,0,0.0653,0
23,73.84,Month-to-Month,3,0.5,0,0.7045,0
18,20.0,Month-to-Month,0,4.07,0,0.1728,0
28,24.13,Month-to-Month,1,11.55,0,0.1335,0
32,88.5,Month-to-Month,1,4.08,0,0.5715,1
22,56.82,Month-to-Month,1,14.44,0,0.4013,0
72,108.92,Month-to-Month,2,29.89,0,0.1742,1
55,44.3,One Year,0,7.48,0,0.0185,0
21,58.63,One Year,0,1.25,0,0.2133,0
16,75.81,Month-to-Month,0,3.82,0,0.6257,0
20,74.43,Two Year,1,0.5,0,0.2979,0
47,59.9,One Year,1,7.39,0,0.0659,0
47,52.03,Two Year,2,13.79,0,0.0382,0
56,69.63,Month-to-Month,4,7.95,0,0.2439,0
18,92.54,Two Year,3,12.34,0,0.554,1
37,80.26,Two Year,1,12.87,0,0.1338,0
19,52.35,Month-to-Month,0,15.23,0,0.3457,0
62,45.16,Month-to-Month,1,2.48,0,0.0475,0
18,51.14,Two Year,4,16.4,0,0.2567,1
14,39.53,One Year,0,8.49,0,0.1565,1
16,67.95,Two Year,0,2.74,1,0.3069,1
29,81.28,One Year,1,34.93,0,0.2209,0
41,63.57,One Year,0,24.0,0,0.065,0
40,99.4,Month-to-Month,2,6.83,0,0.5989,1
16,100.51,Month-to-Month,4,14.82,0,0.9021,1
24,71.15,Two Year,4,2.43,0,0.3811,0
22,79.04,Month-to-Month,1,4.3,0,0.6248,1
15,46.99,Month-to-Month,4,1.63,0,0.6506,1
22,57.78,One Year,0,5.87,0,0.1868,0
55,90.45,One Year,2,5.48,0,0.1446,0
14,53.41,Month-to-Month,2,1.91,1,0.6704,1
33,94.75,Month-to-Month,3,8.94,0,0.7049,1
55,87.25,Month-to-Month,1,1.0,0,0.2445,0
54,80.03,Month-to-Month,2,0.51,0,0.2607,0
63,41.55,One Year,4,3.89,1,0.0407,0
34,58.76,Month-to-Month,1,4.22,0,0.2865,1
37,77.88,Two Year,2,3.08,0,0.1788,0
22,45.29,Two Year,0,2.39,0,0.092,0
14,61.2,One Year,3,3.31,0,0.4855,0
27,80.04,Month-to-Month,2,1.43,1,0.7003,1
50,53.64,Month-to-Month,1,4.13,0,0.1184,0
7,48.07,Month-to-Month,2,18.8,1,0.6646,1
23,28.98,Month-to-Month,4,2.03,0,0.3807,0
38,57.27,Two Year,1,9.23,0,0.0634,0
29,80.46,Month-to-Month,0,1.22,0,0.4838,0
52,47.54,Two Year,0,3.49,1,0.0232,0
47,65.36,Month-to-Month,1,3.1,0,0.1922,0
13,60.52,Month-to-Month,1,22.12,0,0.5436,1
31,51.67,Two Year,1,4.47,0,0.0874,0
20,81.75,One Year,1,9.38,0,0.4301,0
19,97.85,Month-to-Month,0,7.38,0,0.7408,0
13,85.09,Month-to-Month,1,1.22,0,0.7881,1
33,51.08,Month-to-Month,2,22.45,0,0.2425,0
53,104.85,One Year,1,3.4,0,0.199,0
35,85.03,Month-to-Month,2,0.5,0,0.5722,0
13,55.85,One Year,1,2.86,0,0.3351,0
29,49.49,One Year,3,3.27,0,0.2043,0
38,87.42,Two Year,1,0.78,0,0.1875,0
27,68.48,Month-to-Month,0,7.74,0,0.385,0
34,47.98,Month-to-Month,2,3.41,0,0.2628,0
20,62.04,One Year,2,7.94,0,0.3206,0
26,56.86,Month-to-Month,1,0.5,0,0.3966,0
25,48.52,Month-to-Month,2,32.16,0,0.2917,1
58,85.29,Month-to-Month,3,1.5,0,0.2997,0
16,80.63,Month-to-Month,2,8.61,0,0.7515,1
8,81.77,Month-to-Month,2,10.06,0,0.8397,1
56,81.49,Month-to-Month,2,1.51,0,0.245,0
31,46.68,Two Year,1,0.95,0,0.0759,0
15,52.93,One Year,0,1.32,0,0.246,0
45,94.17,Month-to-Month,1,2.27,1,0.5011,0
39,67.16,Month-to-Month,2,1.47,0,0.3536,1
62,35.59,One Year,2,8.97,0,0.0148,0
32,69.34,Two Year,0,4.37,0,0.1109,0
72,78.1,Month-to-Month,2,6.17,0,0.0929,0
28,75.48,Two Year,2,0.5,0,0.2646,0
39,46.24,One Year,3,15.8,0,0.0926,0
42,102.73,Month-to-Month,2,1.5,0,0.6166,1
72,34.99,Two Year,2,3.57,0,0.0058,0
23,67.22,One Year,0,0.6,0,0.2433,0
23,99.73,Two Year,2,1.18,1,0.5981,0
42,76.83,Month-to-Month,2,8.77,0,0.3623,1
14,81.72,One Year,0,9.44,0,0.4525,1
19,43.94,One Year,2,9.04,0,0.2066,0
27,71.94,Month-to-Month,2,6.43,0,0.547,0
61,64.27,One Year,0,24.38,0,0.0204,0
42,42.4,Month-to-Month,2,5.66,1,0.1939,0
31,82.3,Month-to-Month,0,4.77,0,0.4694,0
22,48.61,Month-to-Month,1,2.28,0,0.3745,0
72,50.98,One Year,1,0.83,0,0.0124,0
28,73.65,Two Year,2,6.36,0,0.2271,0
19,62.14,Month-to-Month,3,3.03,0,0.6485,1
72,68.39,One Year,2,5.94,0,0.0267,0
14,60.91,Month-to-Month,3,1.85,0,0.7115,0
54,93.26,Two Year,0,14.57,0,0.0639,0
30,46.5,One Year,2,50.0,0,0.0776,0
42,55.7,One Year,1,3.11,0,0.0796,0
38,74.62,One Year,0,14.78,1,0.1554,0
42,45.24,Month-to-Month,2,16.51,1,0.1873,1
72,44.36,Month-to-Month,2,44.32,0,0.0174,0
72,67.75,Two Year,3,3.36,0,0.023,0
20,82.35,Month-to-Month,1,11.29,0,0.6596,1
38,84.96,One Year,1,2.08,1,0.3,1
10,66.83,Two Year,1,7.84,1,0.4143,1
44,51.56,Month-to-Month,2,9.76,1,0.2179,0
49,70.51,Two Year,1,10.81,0,0.053,0
8,76.32,Two Year,1,1.86,0,0.4836,1
29,70.24,One Year,0,15.11,0,0.1696,0
42,89.68,Month-to-Month,1,4.37,0,0.4267,1
35,44.72,Month-to-Month,2,1.95,0,0.2374,1
14,51.06,Month-to-Month,1,6.26,0,0.4953,1
15,86.91,Two Year,3,15.92,0,0.5338,1
27,35.54,Two Year,1,27.31,0,0.0452,0
23,54.21,One Year,3,11.03,0,0.2696,0
24,50.37,Month-to-Month,2,0.5,1,0.4965,0
13,33.72,Month-to-Month,0,1.16,0,0.3252,0
30,61.26,One Year,2,0.63,1,0.282,0
61,79.93,One Year,0,0.85,1,0.0639,0
15,68.13,Two Year,2,3.86,0,0.3642,1
26,80.99,One Year,5,3.31,0,0.5961,1
40,88.84,Two Year,1,0.97,0,0.177,0
11,57.29,One Year,1,17.11,0,0.3177,0
30,117.94,One Year,1,7.64,0,0.5951,1
48,58.09,Month-to-Month,0,12.74,1,0.1355,0
17,60.75,Two Year,0,3.72,0,0.1939,0
31,50.85,One Year,3,4.22,0,0.1822,1
47,75.91,Month-to-Month,1,3.06,1,0.3246,0
72,59.19,Month-to-Month,0,4.62,0,0.0318,0
31,63.42,Month-to-Month,0,7.54,0,0.3032,0
20,60.9,Month-to-Month,3,5.43,0,0.6266,1
9,60.44,Month-to-Month,0,14.56,0,0.5588,1
20,68.17,Month-to-Month,2,18.43,0,0.5797,1
13,56.0,Month-to-Month,4,5.07,0,0.7346,1
64,56.93,Month-to-Month,0,2.19,0,0.0485,1
45,86.46,Two Year,0,23.23,0,0.0736,0
15,59.13,Month-to-Month,1,10.63,0,0.5357,0
19,72.67,One Year,4,8.18,0,0.5488,1
30,47.21,Month-to-Month,2,10.94,0,0.2819,0
48,56.11,Month-to-Month,1,0.63,0,0.1442,0
38,40.35,Month-to-Month,5,0.56,0,0.3299,0
36,102.09,Two Year,0,1.33,0,0.2496,0
33,92.51,One Year,1,1.28,0,0.3628,0
16,76.91,Month-to-Month,3,4.37,0,0.7909,1
31,108.02,One Year,0,1.37,1,0.5361,0
29,80.41,Month-to-Month,1,15.42,0,0.5023,0
13,61.56,Two Year,2,6.9,0,0.33,1
63,72.45,Two Year,3,3.67,0,0.0448,0
21,92.22,One Year,1,0.58,1,0.6028,1
13,47.39,One Year,3,7.15,0,0.3658,1
23,41.54,Two Year,0,0.99,0,0.0795,1
26,73.12,One Year,1,10.88,0,0.2754,0
28,53.26,One Year,2,12.99,0,0.167,0
25,20.0,Two Year,0,6.28,0,0.0318,0
29,40.14,One Year,2,1.3,1,0.1623,0
32,58.77,One Year,2,12.37,0,0.1666,1
31,65.96,Two Year,0,2.94,0,0.1104,0
36,66.56,One Year,3,2.01,0,0.2356,0
37,105.1,One Year,1,5.09,0,0.3921,0
37,60.85,Month-to-Month,2,20.47,0,0.2658,0
42,70.56,Month-to-Month,2,2.82,0,0.3338,1
20,32.48,Month-to-Month,1,18.88,0,0.2326,0
20,64.38,Month-to-Month,1,0.5,1,0.6165,0
48,71.68,Month-to-Month,0,0.7,0,0.1835,0
24,37.49,Two Year,0,9.59,0,0.0605,0
27,46.32,One Year,2,1.69,0,0.1635,0
26,74.78,One Year,1,3.05,0,0.3034,1
72,54.07,Month-to-Month,1,1.17,0,0.0357,0
18,62.95,Two Year,0,3.23,0,0.1927,0
18,75.82,One Year,0,2.63,0,0.3678,1
29,105.74,One Year,2,10.66,0,0.5525,0
27,60.56,Month-to-Month,1,9.69,0,0.3842,1
15,100.38,Month-to-Month,0,24.8,0,0.7557,1
28,25.82,One Year,3,10.31,0,0.0947,0
30,67.97,One Year,1,9.49,0,0.2029,1
22,58.32,Two Year,1,9.48,1,0.1998,0
27,54.35,Two Year,0,17.16,0,0.0772,0
19,78.16,Two Year,2,2.81,0,0.3889,0
15,60.71,One Year,1,2.85,1,0.4106,0
23,24.5,Two Year,1,10.81,0,0.0492,0
17,33.23,Two Year,1,2.08,0,0.1079,0
14,79.44,Month-to-Month,2,19.45,0,0.7454,1
9,32.26,Month-to-Month,3,6.12,1,0.6082,0
33,79.98,Month-to-Month,1,2.85,0,0.4844,0
23,67.5,Month-to-Month,2,11.97,0,0.5503,1
48,61.59,Month-to-Month,0,3.0,0,0.1313,0
8,63.37,Month-to-Month,2,26.44,0,0.6718,1
24,75.3,One Year,2,32.59,0,0.2941,1
33,41.45,Month-to-Month,0,8.79,0,0.1487,0
21,65.85,Month-to-Month,2,0.97,0,0.6111,0
29,42.21,One Year,0,2.44,1,0.1129,0
9,68.27,Two Year,1,5.8,0,0.3782,1
23,77.93,Two Year,2,15.25,0,0.2899,0
18,68.32,One Year,3,1.64,0,0.4864,0
46,77.17,Month-to-Month,1,0.88,0,0.2855,0
32,51.0,Month-to-Month,0,0.62,0,0.227,0
43,63.76,Month-to-Month,1,5.66,1,0.2747,0
51,60.24,Month-to-Month,1,17.28,0,0.1134,0
22,58.93,Month-to-Month,2,0.5,0,0.5301,0
31,48.99,Two Year,2,1.91,1,0.133,0
16,56.36,Month-to-Month,2,9.45,0,0.5714,1
35,42.75,Month-to-Month,2,13.98,1,0.2449,0
38,31.12,Month-to-Month,3,13.18,1,0.194,0
34,50.99,One Year,2,12.3,0,0.117,0
22,77.52,Month-to-Month,1,1.11,0,0.6254,0
66,69.68,Month-to-Month,4,4.05,1,0.2002,1
30,39.87,Month-to-Month,2,33.46,0,0.1856,0
72,56.88,Month-to-Month,1,36.0,0,0.0237,0
16,78.85,Month-to-Month,2,7.38,0,0.7508,1
40,56.03,Month-to-Month,2,9.88,0,0.2389,0
47,36.64,Month-to-Month,2,24.17,0,0.0776,0
16,110.15,One Year,2,4.78,1,0.8244,1
26,61.66,One Year,3,1.18,1,0.3956,0
13,41.73,One Year,1,8.84,1,0.2759,0
52,68.43,Month-to-Month,3,25.77,0,0.1893,1
28,63.29,Month-to-Month,3,9.56,0,0.5134,0
18,34.17,Month-to-Month,3,13.01,0,0.3911,0
47,66.87,Month-to-Month,2,4.4,0,0.2426,0
29,84.67,Month-to-Month,2,0.81,0,0.6465,0
44,60.34,Month-to-Month,1,1.48,0,0.2001,0
36,23.8,One Year,1,32.44,1,0.0335,0
17,71.84,Two Year,3,5.44,0,0.4181,1
22,77.06,One Year,1,0.5,0,0.3893,0
19,53.27,Month-to-Month,1,24.87,0,0.3849,0
15,53.42,One Year,0,5.51,0,0.2309,1
11,110.16,Month-to-Month,3,14.48,0,0.9334,1
72,51.84,One Year,4,6.36,0,0.0246,0
34,42.56,Month-to-Month,2,0.86,0,0.2413,0
36,65.5,Month-to-Month,3,7.65,1,0.4889,0
49,76.5,Two Year,0,47.62,0,0.0292,0
22,75.65,One Year,2,0.5,0,0.4396,1
13,20.0,Month-to-Month,1,14.75,0,0.2374,0
42,51.79,Month-to-Month,2,2.15,0,0.2087,1
15,88.06,Month-to-Month,2,4.01,0,0.825,1
41,71.53,Two Year,3,3.73,0,0.1436,0
12,40.28,One Year,0,18.33,0,0.1584,0
14,89.85,Two Year,1,5.62,0,0.4937,0
21,84.3,Month-to-Month,1,4.74,0,0.689,1
41,59.07,One Year,1,13.63,0,0.0828,0
62,82.59,One Year,3,0.5,0,0.104,0
36,105.0,Month-to-Month,1,0.72,0,0.6555,1
21,43.91,Month-to-Month,0,0.5,0,0.3035,0
46,76.11,One Year,4,9.32,0,0.2155,0
12,104.72,One Year,3,5.97,0,0.8226,0
17,78.06,One Year,1,16.7,0,0.4032,0
31,49.91,One Year,1,5.52,1,0.1545,0
43,69.78,One Year,1,2.01,0,0.1222,0
26,92.4,One Year,2,13.08,0,0.4707,0
25,44.68,Month-to-Month,1,2.79,0,0.3066,1
26,64.4,Month-to-Month,2,21.95,0,0.4479,0
49,60.13,One Year,1,2.31,0,0.0622,0
19,52.37,Two Year,1,1.47,1,0.2159,0
17,69.83,Month-to-Month,1,5.44,0,0.6242,1
25,62.99,Month-to-Month,6,0.5,1,0.7983,1
53,77.87,Month-to-Month,2,0.5,0,0.2617,0
20,87.82,Month-to-Month,0,5.48,0,0.6612,1
26,39.54,Month-to-Month,1,1.94,1,0.326,0
12,66.35,One Year,1,0.5,0,0.4452,1
26,63.94,Month-to-Month,5,2.81,0,0.6858,1
33,69.07,One Year,1,5.19,1,0.238,0
15,64.69,Two Year,1,4.01,1,0.3502,1
49,45.39,Two Year,3,1.16,1,0.0554,0
33,94.09,Month-to-Month,2,6.93,1,0.7168,1
22,102.62,One Year,5,9.91,0,0.7837,1
33,75.94,Month-to-Month,1,9.0,0,0.4268,0
37,76.96,Month-to-Month,0,4.0,0,0.3317,0
10,67.62,One Year,3,1.18,1,0.6739,0
33,84.38,One Year,2,5.54,0,0.3283,1
52,20.0,Month-to-Month,2,17.69,0,0.0368,0
19,64.92,Two Year,1,5.06,0,0.2323,0
22,53.55,Two Year,3,1.74,0,0.2239,0
24,67.92,One Year,1,0.78,0,0.2841,0
43,86.85,One Year,0,23.05,0,0.1242,1
16,65.38,Month-to-Month,1,10.87,0,0.5786,1
36,57.79,One Year,2,3.0,0,0.1436,0
25,36.93,Month-to-Month,1,2.8,0,0.2547,0
63,62.81,Two Year,0,18.05,0,0.0126,0
25,78.45,Month-to-Month,2,1.56,0,0.6463,1
7,48.18,Month-to-Month,2,6.13,0,0.6414,1
40,24.93,One Year,3,10.0,0,0.0477,0
35,110.48,Month-to-Month,2,4.04,0,0.7462,0
32,71.7,Month-to-Month,0,0.5,0,0.3737,0
51,60.57,Month-to-Month,0,2.07,0,0.112,0
11,92.82,Two Year,0,18.57,1,0.5311,1
18,67.83,Month-to-Month,1,5.92,0,0.5945,0
29,91.64,Month-to-Month,2,13.52,1,0.7285,1
31,89.93,Month-to-Month,2,6.49,0,0.6418,0
27,39.51,Month-to-Month,2,23.0,0,0.2399,1
12,74.2,Month-to-Month,0,19.19,0,0.622,0
22,99.51,One Year,1,5.28,0,0.5562,1
61,45.03,Month-to-Month,1,3.07,0,0.0483,0
16,45.27,Month-to-Month,1,7.36,0,0.4235,0
28,48.66,Month-to-Month,2,8.99,0,0.3251,0
36,82.81,Month-to-Month,1,5.52,0,0.4448,0
42,70.69,Month-to-Month,1,13.82,0,0.2471,0
40,26.28,One Year,2,1.62,0,0.0446,0
22,71.82,Month-to-Month,1,3.26,0,0.579,1
17,59.96,Month-to-Month,0,9.28,0,0.4525,0
63,62.75,One Year,2,2.27,1,0.051,0
44,48.26,Month-to-Month,2,4.64,0,0.1633,0
30,71.97,One Year,4,26.53,0,0.3229,1
55,86.01,Month-to-Month,4,7.87,0,0.3718,1
12,52.16,Month-to-Month,2,23.82,0,0.5411,1
13,31.35,Two Year,1,10.25,0,0.1086,0
7,58.94,Month-to-Month,3,10.32,0,0.7571,1
31,80.13,Two Year,0,7.17,0,0.1598,0
32,56.58,One Year,2,1.23,1,0.2281,1
13,35.05,One Year,0,5.87,0,0.1549,0
43,80.26,Two Year,2,2.33,0,0.138,0
9,93.31,Two Year,2,50.0,1,0.5708,0
34,65.4,One Year,3,2.48,0,0.2423,0
38,32.88,One Year,2,2.1,1,0.0788,1
31,58.64,Month-to-Month,2,7.82,0,0.3752,0
12,68.03,Month-to-Month,1,5.72,0,0.6794,1
51,48.81,Month-to-Month,0,0.5,0,0.08,0
22,76.67,Month-to-Month,0,1.11,0,0.5616,1
22,46.85,Two Year,1,13.33,1,0.1381,0
20,65.51,Month-to-Month,4,5.29,0,0.7168,1
40,60.43,Month-to-Month,0,1.26,0,0.1938,0
21,77.32,One Year,0,5.01,0,0.3241,0
15,64.71,Month-to-Month,0,2.34,0,0.5613,0
46,61.07,Month-to-Month,1,2.02,0,0.1826,0
28,48.94,One Year,1,25.31,0,0.1021,0
47,65.7,One Year,1,3.6,1,0.1103,0
29,59.8,One Year,1,0.5,0,0.1845,0
19,47.59,Month-to-Month,0,28.14,0,0.2692,0
10,68.19,Month-to-Month,1,12.67,0,0.6825,0
31,72.28,One Year,2,2.35,0,0.2798,0
24,58.23,Month-to-Month,2,4.21,0,0.4784,1
41,83.63,One Year,0,15.86,0,0.1345,0
21,70.28,Two Year,2,3.54,0,0.2999,0
35,39.32,Month-to-Month,1,6.7,0,0.1588,0
28,91.75,Month-to-Month,1,6.12,0,0.6374,1
18,80.34,Month-to-Month,2,4.1,0,0.7431,1
22,85.04,One Year,0,8.16,0,0.3695,0
13,73.01,Month-to-Month,1,5.13,0,0.6985,0
66,20.0,Month-to-Month,1,0.5,0,0.0164,0
35,86.85,Two Year,2,13.47,0,0.2257,0
13,66.22,Month-to-Month,0,0.96,1,0.6782,0
64,72.06,Month-to-Month,0,4.99,0,0.0765,1
15,75.81,One Year,0,6.94,0,0.3879,1
21,103.73,Month-to-Month,1,9.78,0,0.8007,0
25,54.08,One Year,3,4.23,0,0.2654,0
29,54.59,One Year,2,10.64,1,0.2218,1
41,47.98,Month-to-Month,2,1.13,0,0.2016,0
8,43.6,Two Year,1,8.48,0,0.2056,1
29,43.97,Month-to-Month,0,14.01,0,0.1807,0
25,27.96,Two Year,0,17.62,0,0.0369,0
31,73.53,Month-to-Month,0,6.93,0,0.3758,0
24,104.76,Month-to-Month,2,3.0,0,0.8296,1
22,106.03,Month-to-Month,1,1.43,0,0.8177,1
27,47.95,Month-to-Month,3,3.39,1,0.4923,1
62,59.56,One Year,1,6.21,0,0.0273,0
23,89.67,One Year,1,1.75,0,0.4823,1
50,73.65,One Year,1,24.38,0,0.0695,0
31,67.69,Month-to-Month,3,18.19,0,0.4773,0
30,59.87,Month-to-Month,2,0.5,0,0.424,0
31,88.57,One Year,4,6.6,0,0.5086,0
36,43.54,Month-to-Month,1,12.46,0,0.1549,0
23,74.62,One Year,2,2.25,0,0.3987,1
48,71.9,One Year,3,5.94,0,0.1445,0
36,65.87,Month-to-Month,3,4.17,0,0.4271,0
14,80.75,One Year,0,1.75,0,0.4729,0
7,65.67,One Year,2,7.63,0,0.547,0
61,54.31,One Year,1,40.53,0,0.0146,0
32,66.85,Month-to-Month,2,3.64,0,0.4424,0
13,33.16,Month-to-Month,2,6.43,0,0.4239,0
23,77.25,Month-to-Month,0,3.18,1,0.6235,0
44,82.36,Month-to-Month,3,16.76,0,0.4082,0
26,51.87,Month-to-Month,6,16.0,1,0.6717,1
27,47.11,Two Year,1,1.58,0,0.0947,0
40,52.6,One Year,2,18.42,0,0.081,1
33,63.74,One Year,0,1.31,0,0.1327,0
38,69.32,Month-to-Month,1,0.8,0,0.3315,0
40,97.31,Two Year,3,8.47,0,0.2948,0
19,94.78,Month-to-Month,1,3.9,0,0.7772,0
20,81.63,One Year,3,6.05,0,0.554,1
18,67.43,Two Year,2,8.46,0,0.2991,0
21,46.46,One Year,2,0.5,0,0.2285,0
27,98.59,Two Year,2,2.77,0,0.4523,1
28,60.05,One Year,1,4.94,0,0.188,0
54,70.63,Month-to-Month,1,2.48,0,0.1568,0
33,77.55,Month-to-Month,0,0.5,0,0.4124,0
27,66.23,Month-to-Month,1,0.73,0,0.4602,1
16,88.02,Month-to-Month,0,12.95,1,0.7557,1
24,74.11,One Year,1,19.39,0,0.2726,0
64,84.77,Month-to-Month,1,1.32,1,0.1952,1
63,73.95,Two Year,3,2.29,0,0.0483,0
24,64.24,Month-to-Month,2,8.45,1,0.593,1
10,66.48,Month-to-Month,1,24.68,0,0.6176,0
22,63.76,Two Year,2,2.85,1,0.298,0
55,39.31,Month-to-Month,1,15.46,0,0.0479,0
27,44.98,One Year,2,5.64,0,0.155,0
40,79.81,One Year,3,25.09,0,0.2095,1
28,39.81,Month-to-Month,0,1.17,0,0.1937,1
12,56.92,Month-to-Month,2,29.1,0,0.555,0
29,44.0,Month-to-Month,1,4.65,0,0.2473,0
43,55.85,One Year,1,24.45,1,0.0748,0
21,61.89,One Year,0,4.91,0,0.2256,1
42,56.88,Month-to-Month,2,6.04,0,0.2245,0
30,36.43,One Year,1,13.07,0,0.0731,0
41,61.29,Month-to-Month,2,10.26,0,0.2531,0
34,45.82,One Year,3,7.73,0,0.1341,0
17,52.27,Two Year,2,4.32,0,0.2265,0
24,79.81,Two Year,1,12.58,1,0.3084,0
24,84.11,One Year,2,23.69,0,0.3943,1
20,38.78,Month-to-Month,1,0.5,0,0.3286,1
32,96.37,Two Year,0,7.09,0,0.2356,0
69,54.8,Month-to-Month,1,16.08,0,0.0348,0
48,52.98,One Year,1,8.47,0,0.0483,0
51,47.17,Month-to-Month,0,12.91,0,0.0625,0
20,66.12,Two Year,3,18.04,0,0.2929,1
52,104.63,One Year,2,11.12,0,0.2359,0
60,34.21,One Year,2,10.1,0,0.0159,0
19,23.86,Month-to-Month,1,26.76,0,0.1722,0
36,70.37,One Year,0,15.94,0,0.1201,1
36,76.39,One Year,2,13.52,0,0.2187,0
25,66.05,One Year,2,0.72,0,0.3107,1
31,76.92,Month-to-Month,2,2.19,0,0.5481,0
37,42.37,Month-to-Month,0,6.51,0,0.1266,0
26,46.1,Month-to-Month,0,9.89,1,0.2879,1
47,67.48,Month-to-Month,1,2.89,0,0.2071,0
14,100.16,Month-to-Month,1,0.78,0,0.8597,1
24,76.21,Month-to-Month,2,2.98,0,0.643,0
41,77.14,Month-to-Month,2,11.79,1,0.4464,0
66,43.53,Month-to-Month,2,16.79,0,0.0369,0
48,73.45,Month-to-Month,1,19.53,0,0.187,0
31,41.36,Two Year,0,3.81,0,0.0494,0
27,100.36,Month-to-Month,0,3.73,0,0.6785,0
25,44.76,Month-to-Month,4,4.18,0,0.4817,1
25,49.07,Month-to-Month,0,3.77,0,0.2848,0
10,35.54,One Year,2,8.78,0,0.2599,0
64,66.72,Two Year,0,3.55,0,0.0167,0
28,65.88,Month-to-Month,1,0.5,0,0.4443,0
19,95.26,Month-to-Month,0,4.62,0,0.7408,1
35,80.53,Two Year,1,2.03,1,0.2174,0
19,49.18,Month-to-Month,4,0.5,1,0.6793,0
45,82.47,Month-to-Month,0,5.09,0,0.2748,0
19,40.13,Month-to-Month,1,1.84,0,0.3527,1
42,50.63,Month-to-Month,2,4.82,1,0.251,0
24,67.37,Two Year,1,2.6,0,0.1983,0
33,42.36,Month-to-Month,2,7.4,0,0.2297,0
43,86.29,Two Year,3,37.58,1,0.1708,0
22,110.59,Two Year,1,6.34,0,0.5576,1
43,59.11,One Year,1,8.33,0,0.08,0
10,51.97,Month-to-Month,1,20.13,0,0.518,0
58,62.41,Month-to-Month,0,3.75,1,0.1066,0
46,53.85,Month-to-Month,3,1.46,0,0.2212,1
27,70.23,Month-to-Month,1,2.66,0,0.4815,0
50,38.55,One Year,3,4.12,0,0.0449,0
48,71.37,Month-to-Month,1,8.29,0,0.2079,0
29,103.24,Two Year,1,0.5,0,0.4101,0
29,24.96,Month-to-Month,0,15.36,0,0.1028,0
17,41.63,One Year,1,0.63,0,0.1941,1
29,56.1,Two Year,4,18.47,0,0.1707,0
12,75.84,Month-to-Month,2,23.88,0,0.7262,1
41,82.81,Month-to-Month,3,36.92,0,0.3814,1
42,81.2,Month-to-Month,1,13.27,0,0.3293,0
10,31.17,Month-to-Month,0,1.22,0,0.3479,1
55,51.51,Month-to-Month,2,9.8,0,0.0965,0
21,46.99,Month-to-Month,1,1.82,0,0.3854,0
72,63.7,Month-to-Month,2,18.19,0,0.0491,0
32,65.37,Two Year,1,3.05,0,0.1258,0
55,37.62,Month-to-Month,2,3.17,0,0.0666,0
17,56.21,Month-to-Month,2,19.97,0,0.5113,1
24,76.61,Month-to-Month,0,0.5,0,0.5274,1
22,52.43,Month-to-Month,0,1.73,0,0.3586,1
12,61.0,Month-to-Month,2,4.38,0,0.6805,1
14,98.94,Two Year,2,9.65,0,0.619,1
27,104.8,Month-to-Month,2,8.34,0,0.7913,1
35,21.77,Month-to-Month,3,8.86,0,0.1414,0
16,67.28,Month-to-Month,2,16.96,0,0.6313,0
24,120.0,Month-to-Month,1,1.03,0,0.8718,0
19,74.58,Month-to-Month,2,5.91,0,0.6817,1
28,65.37,One Year,2,10.34,0,0.2474,0
40,91.25,Month-to-Month,1,8.09,0,0.4594,0
30,69.36,Month-to-Month,3,4.76,1,0.6206,1
21,79.18,One Year,0,0.5,0,0.3595,0
47,60.79,Month-to-Month,3,0.5,0,0.2602,0
34,69.07,Month-to-Month,1,1.01,0,0.3783,1
31,73.53,Two Year,1,3.36,0,0.1725,0
16,82.31,Month-to-Month,1,1.0,1,0.7936,0
45,56.37,One Year,1,4.44,0,0.0695,0
36,55.82,Month-to-Month,0,1.57,0,0.2105,0
37,26.45,Month-to-Month,1,12.08,0,0.0901,1
26,57.26,Month-to-Month,1,16.41,0,0.3492,0
23,84.06,Month-to-Month,4,3.95,0,0.801,0
64,74.26,Month-to-Month,0,5.73,0,0.0793,0
23,45.06,Month-to-Month,2,24.55,0,0.3164,1
14,26.92,Two Year,0,6.13,0,0.075,1
31,62.15,One Year,3,42.5,0,0.1571,0
29,83.48,Month-to-Month,1,1.23,0,0.5844,0
48,55.42,One Year,3,15.86,0,0.0755,0
27,36.1,Two Year,0,5.5,0,0.0517,0
39,53.21,One Year,2,0.5,0,0.1117,0
57,71.52,Month-to-Month,2,28.67,0,0.1268,0
35,89.85,Two Year,2,26.83,0,0.2063,0
17,59.87,Month-to-Month,4,3.87,0,0.7193,1
10,86.1,Month-to-Month,2,24.66,0,0.8116,1
35,83.88,Month-to-Month,0,1.22,0,0.4252,0
24,41.47,Two Year,2,9.12,0,0.1076,1
33,90.01,Two Year,1,1.7,0,0.254,0
29,70.9,Two Year,1,2.27,0,0.1793,0
14,40.87,Month-to-Month,3,12.09,0,0.5116,0
26,100.22,Two Year,3,3.79,0,0.5286,0
16,62.49,Month-to-Month,1,0.5,0,0.5901,0
22,26.13,Month-to-Month,2,4.28,0,0.2545,0
44,50.87,Month-to-Month,1,2.07,0,0.1459,0
30,45.95,Month-to-Month,3,9.2,0,0.3392,0
38,51.37,One Year,1,1.73,0,0.0881,0
31,56.1,Month-to-Month,1,14.77,0,0.2752,0
25,59.85,Two Year,2,2.49,0,0.1938,0
33,59.1,Month-to-Month,2,3.99,0,0.3666,0
11,63.05,Month-to-Month,1,2.83,0,0.6603,0
41,76.75,Two Year,2,8.26,0,0.1279,0
18,50.07,Month-to-Month,0,0.85,0,0.3874,0
37,88.62,One Year,1,5.2,0,0.2659,0
24,40.5,One Year,3,3.26,0,0.1956,0
14,77.3,Month-to-Month,3,17.24,1,0.8241,1
20,97.87,One Year,1,0.61,0,0.5947,0
37,61.45,Month-to-Month,1,14.16,1,0.3044,0
72,68.87,Two Year,1,1.47,0,0.015,0
28,45.64,Month-to-Month,2,0.74,0,0.3369,0
70,54.76,Month-to-Month,2,1.81,0,0.0508,0
11,96.35,Month-to-Month,3,0.87,0,0.9138,1
25,79.97,Month-to-Month,1,5.89,0,0.5865,0
28,73.37,One Year,1,35.53,0,0.1886,0
38,26.24,Two Year,2,0.5,0,0.0335,0
20,50.67,One Year,0,4.95,0,0.1668,0
34,99.78,Month-to-Month,1,3.9,1,0.6981,1
26,73.22,Two Year,5,3.32,0,0.4287,0
51,75.71,Month-to-Month,1,3.23,0,0.2096,1
31,68.41,One Year,4,18.03,0,0.3005,0
72,52.74,One Year,1,0.5,0,0.0132,0
26,71.65,Month-to-Month,2,11.93,0,0.543,0
50,34.4,Two Year,2,2.33,0,0.0216,0
57,32.89,Month-to-Month,2,3.87,0,0.0496,0
6,50.29,One Year,3,4.36,0,0.5071,0
41,68.84,One Year,1,2.91,0,0.1267,0
14,33.61,Two Year,2,0.79,1,0.2012,0
25,67.54,Two Year,3,0.97,0,0.2833,1
15,45.11,Month-to-Month,0,2.83,0,0.3811,0
52,47.8,One Year,0,13.8,1,0.0317,0
21,90.99,Month-to-Month,0,1.16,0,0.6902,1
10,65.75,Month-to-Month,3,10.86,0,0.7617,1
32,46.92,Two Year,1,2.73,0,0.0717,0
56,68.74,Two Year,2,17.2,0,0.0398,1
15,35.61,Two Year,1,4.47,0,0.1193,1
44,72.65,Month-to-Month,4,1.51,0,0.4484,0
9,87.15,Two Year,2,34.06,0,0.5034,1
57,78.23,Two Year,0,1.55,0,0.0379,0
35,108.15,Month-to-Month,1,6.71,0,0.6736,1
15,26.23,Month-to-Month,0,6.74,0,0.2393,1
42,67.54,One Year,0,3.73,0,0.0927,1
22,38.13,One Year,0,24.21,0,0.0821,0
17,61.54,Two Year,0,14.86,0,0.1665,0
21,65.03,Month-to-Month,0,14.17,0,0.4192,0
40,110.6,One Year,1,29.24,0,0.3137,0
17,63.8,One Year,0,4.89,0,0.2839,0
7,63.43,Month-to-Month,1,0.82,0,0.7216,1
22,85.1,Two Year,0,11.6,1,0.3272,1
53,63.94,Month-to-Month,1,3.83,0,0.1373,0
52,101.62,Month-to-Month,1,1.69,0,0.3856,0
21,78.39,Month-to-Month,3,5.28,1,0.7901,1
21,81.57,Month-to-Month,1,20.8,0,0.6056,0
20,27.65,One Year,1,1.5,0,0.1084,0
20,104.7,Two Year,1,15.11,1,0.5731,1
21,51.87,Month-to-Month,3,4.33,0,0.5405,0
33,64.81,Month-to-Month,1,1.18,0,0.364,0
53,51.95,Month-to-Month,2,15.09,0,0.0985,0
17,44.51,One Year,3,27.95,0,0.2323,0
19,40.96,Two Year,3,2.75,0,0.1872,0
35,67.06,One Year,3,2.89,0,0.2501,0
41,25.6,One Year,1,3.96,0,0.0309,0
12,60.14,One Year,2,13.46,0,0.4019,0
63,86.16,Month-to-Month,3,0.5,0,0.2442,0
24,77.64,One Year,0,2.03,0,0.2994,0
13,73.65,One Year,2,9.79,0,0.5222,0
12,47.09,One Year,1,4.16,0,0.2801,0
11,33.28,Two Year,2,3.21,0,0.1739,0
49,85.84,One Year,2,16.46,0,0.1448,0
30,56.02,One Year,3,19.94,0,0.188,0
49,63.34,Two Year,0,23.65,0,0.0265,0
27,61.05,Two Year,0,2.55,0,0.1166,0
49,78.45,One Year,1,19.49,0,0.091,0
27,101.87,Month-to-Month,1,10.68,0,0.7215,0
4,94.25,Month-to-Month,3,1.34,1,0.9532,1
38,20.0,One Year,3,7.54,0,0.047,0
28,58.83,Month-to-Month,2,0.5,0,0.4428,1
26,38.07,Month-to-Month,1,9.86,0,0.2282,0
18,83.77,Month-to-Month,1,10.58,0,0.7034,1
40,65.08,One Year,1,12.46,0,0.1032,0
16,77.12,Month-to-Month,0,1.52,1,0.7203,1
40,57.12,Month-to-Month,1,7.92,0,0.1993,0
31,44.21,Month-to-Month,1,1.58,0,0.2382,0
41,47.63,One Year,1,23.45,1,0.0649,0
32,34.34,Month-to-Month,1,8.99,0,0.1544,0
51,39.73,Month-to-Month,0,0.8,0,0.057,0
36,35.51,One Year,1,1.66,0,0.059,0
31,44.29,One Year,6,8.71,0,0.2656,0
6,43.15,Month-to-Month,1,5.18,0,0.5518,0
52,72.88,One Year,2,10.66,0,0.0883,0
11,72.1,Month-to-Month,1,2.64,0,0.7238,1
13,72.86,One Year,1,8.58,1,0.5219,1
43,88.5,Month-to-Month,1,1.56,0,0.4147,0
29,63.43,Month-to-Month,1,6.28,0,0.3811,1
11,49.38,One Year,1,25.32,0,0.237,0
21,109.23,One Year,1,7.92,1,0.7132,0
51,83.11,Month-to-Month,1,0.5,0,0.2665,0
31,68.05,Month-to-Month,0,35.91,0,0.2413,0
30,66.66,Two Year,0,1.37,0,0.1223,0
20,70.79,One Year,1,10.13,0,0.3353,0
44,60.96,Month-to-Month,3,6.08,0,0.2846,0
27,67.56,One Year,2,2.79,0,0.2878,0
40,74.99,Month-to-Month,3,1.56,0,0.4693,0
19,50.47,Month-to-Month,0,1.57,0,0.3844,0
72,32.32,Month-to-Month,1,15.64,0,0.0137,0
56,23.49,Month-to-Month,1,16.5,0,0.0262,0
31,82.76,Month-to-Month,3,5.01,1,0.7095,0
35,33.34,Month-to-Month,1,0.88,0,0.1436,0
21,74.31,Month-to-Month,2,17.24,0,0.6159,0
41,41.91,Month-to-Month,2,5.34,0,0.1569,0
7,42.24,Month-to-Month,1,4.62,0,0.5322,0
63,50.64,Month-to-Month,2,4.19,0,0.066,1
40,68.88,One Year,0,3.63,0,0.1071,0
17,39.23,Month-to-Month,3,5.97,1,0.5599,1
62,52.66,One Year,2,7.42,0,0.0276,0
72,64.49,Month-to-Month,0,5.03,0,0.0385,0
36,40.79,Month-to-Month,2,18.16,0,0.1693,0
19,93.56,One Year,3,3.06,0,0.6845,1
30,30.55,Two Year,1,6.91,0,0.0438,0
38,60.64,Month-to-Month,1,2.85,0,0.2549,1
34,90.45,Month-to-Month,0,11.2,0,0.4603,1
17,38.51,One Year,2,0.86,0,0.2248,0
38,62.81,Two Year,2,1.67,1,0.1409,0
51,67.66,Two Year,2,12.92,0,0.0536,0
14,48.86,Month-to-Month,1,1.62,0,0.4936,1
15,63.45,Month-to-Month,0,7.86,0,0.5203,0
21,76.23,One Year,0,28.12,1,0.3154,0
26,55.66,One Year,2,5.92,0,0.2156,0
44,80.29,One Year,1,1.66,1,0.1991,0
50,72.85,Two Year,1,3.09,0,0.0586,0
18,53.34,One Year,1,13.87,0,0.2195,0
32,87.55,Month-to-Month,1,3.47,0,0.5529,1
49,50.18,Month-to-Month,5,10.28,0,0.2284,0
72,82.12,One Year,3,12.02,0,0.0494,0
32,50.54,Month-to-Month,3,5.56,1,0.4233,1
33,58.68,Month-to-Month,1,12.23,0,0.2731,0
36,61.75,Month-to-Month,1,3.05,0,0.2916,0
25,71.77,Month-to-Month,1,5.81,0,0.5228,0
31,20.0,Month-to-Month,1,9.28,0,0.1035,0
8,74.16,Two Year,1,1.47,0,0.4557,1
21,62.95,Month-to-Month,1,2.56,0,0.5103,1
38,70.71,Month-to-Month,0,8.45,0,0.266,0
18,75.05,Month-to-Month,3,8.52,0,0.7479,1
45,72.88,Month-to-Month,1,5.44,1,0.3189,0
10,24.85,Two Year,1,12.7,0,0.1009,0
44,43.78,Two Year,1,5.26,1,0.0422,0
44,71.66,Month-to-Month,0,17.05,0,0.1868,0
72,68.99,One Year,1,10.65,0,0.0199,0
24,49.21,Month-to-Month,0,3.02,0,0.2941,1
29,79.75,Two Year,0,4.02,0,0.1779,0
60,59.87,Month-to-Month,0,8.81,0,0.0621,0
56,82.71,Month-to-Month,2,17.99,0,0.2094,0
48,89.2,One Year,1,1.58,0,0.1672,0
35,70.57,Two Year,2,5.78,0,0.1532,0
59,76.11,Month-to-Month,2,1.01,0,0.1852,1
72,52.83,One Year,0,2.62,0,0.01,0
39,82.84,Month-to-Month,1,9.27,1,0.4605,0
30,69.36,Two Year,0,0.65,0,0.1315,0
42,59.11,Month-to-Month,2,8.69,0,0.2364,0
32,40.62,Two Year,2,18.49,0,0.0581,0
25,55.29,Month-to-Month,3,27.89,0,0.4124,0
45,42.81,Month-to-Month,3,1.95,1,0.2202,1
22,80.23,Two Year,0,11.06,1,0.2892,0
39,89.41,Two Year,1,20.87,1,0.1857,0
12,83.33,One Year,1,0.77,1,0.6613,0
64,114.72,Month-to-Month,2,4.28,1,0.4524,0
19,55.79,Month-to-Month,3,20.15,0,0.5395,1
13,76.93,Month-to-Month,3,1.81,1,0.8606,1
55,41.37,Month-to-Month,2,21.72,0,0.0587,0
60,61.05,One Year,0,5.99,0,0.0257,0
35,35.45,Month-to-Month,1,0.84,0,0.1554,0
28,76.36,One Year,2,4.78,0,0.3423,1
25,57.89,One Year,0,3.16,0,0.1719,0
34,23.91,Month-to-Month,4,2.65,0,0.2113,1
29,51.3,One Year,1,6.24,0,0.1357,0
27,100.86,One Year,2,5.29,0,0.5637,0
18,73.21,One Year,2,5.26,0,0.4573,0
15,80.38,Month-to-Month,3,0.74,0,0.8246,1
31,67.51,One Year,1,12.97,0,0.1819,0
33,61.37,Month-to-Month,2,5.25,1,0.4467,0
20,65.31,Month-to-Month,3,13.76,0,0.6342,1
21,69.91,One Year,2,13.93,1,0.4219,0
33,43.07,One Year,1,3.05,0,0.0871,0
18,80.26,Month-to-Month,0,0.5,0,0.6554,1
49,87.44,One Year,2,19.38,0,0.1494,1
38,61.07,Two Year,0,11.44,0,0.0556,0
20,54.54,Month-to-Month,3,0.91,1,0.662,1
37,50.16,Two Year,0,9.68,0,0.0419,0
18,100.18,One Year,3,0.5,1,0.8015,0
44,55.95,One Year,0,0.5,0,0.0596,0
18,78.07,Month-to-Month,1,5.97,0,0.6672,0
28,61.21,Month-to-Month,1,0.81,0,0.4069,0
32,60.13,Two Year,0,26.67,0,0.0633,0
60,49.71,Month-to-Month,1,17.94,1,0.0657,0
19,45.59,Month-to-Month,1,8.39,0,0.3734,0
19,79.8,One Year,2,0.53,0,0.5234,1
12,45.14,Month-to-Month,1,3.14,0,0.4875,0
68,74.25,One Year,2,3.72,0,0.0417,0
30,66.81,One Year,2,5.24,0,0.2474,0
49,80.05,Two Year,2,1.48,0,0.1012,0
21,52.8,One Year,2,6.89,0,0.2459,0
23,86.6,Month-to-Month,3,4.58,1,0.8265,1
29,62.18,Month-to-Month,1,23.54,0,0.3219,1
29,116.83,One Year,0,22.02,0,0.4835,1
41,32.72,Month-to-Month,1,6.67,0,0.0936,0
30,113.58,Two Year,0,8.27,0,0.3851,1
24,62.47,One Year,2,1.19,0,0.2992,0
69,69.46,Month-to-Month,3,2.02,0,0.1106,0
18,52.91,Two Year,2,18.48,0,0.1837,1
19,33.62,Month-to-Month,2,9.61,0,0.33,1
18,54.43,Month-to-Month,1,1.68,0,0.4888,1
42,57.69,One Year,3,6.76,0,0.1272,0
37,68.66,Two Year,6,21.84,0,0.2442,0
27,87.42,Month-to-Month,5,3.39,1,0.863,1
17,68.81,Month-to-Month,1,1.64,0,0.6201,0
32,69.16,Month-to-Month,2,22.78,0,0.3974,1
45,72.69,Month-to-Month,2,4.95,0,0.306,0
61,29.9,Month-to-Month,5,4.32,1,0.0984,0
21,31.75,Month-to-Month,0,2.49,1,0.2726,0
27,35.06,One Year,3,17.77,0,0.1208,0
37,57.53,Two Year,1,14.95,0,0.0657,0
24,27.57,Month-to-Month,0,4.13,0,0.1639,0
13,51.2,Month-to-Month,1,0.5,0,0.5326,1
27,37.64,Two Year,3,4.73,0,0.1068,0
14,74.75,One Year,3,1.6,0,0.5979,1
47,73.75,Two Year,0,1.23,0,0.0606,0
25,58.99,Month-to-Month,2,4.0,0,0.4777,1
28,27.0,Month-to-Month,3,0.83,0,0.2457,0
19,60.26,Month-to-Month,2,25.26,0,0.4931,1
29,71.57,One Year,1,0.5,0,0.2551,0
54,81.21,Month-to-Month,3,4.1,0,0.3132,0
49,100.07,One Year,2,1.42,0,0.2585,0
16,87.37,Month-to-Month,0,9.34,0,0.7055,1
4,68.3,Month-to-Month,4,0.66,0,0.8831,1
27,59.3,One Year,0,6.33,1,0.1938,0
25,50.14,Month-to-Month,3,11.87,0,0.4323,1
24,92.11,One Year,1,23.98,0,0.3974,0
22,68.33,Month-to-Month,1,9.59,0,0.5245,1
16,77.61,Month-to-Month,3,0.84,0,0.8056,1
72,53.2,Month-to-Month,2,0.74,0,0.0444,0
68,40.18,Month-to-Month,2,10.52,0,0.0309,0
24,56.99,Month-to-Month,0,1.94,0,0.3654,1
31,58.94,One Year,2,4.74,0,0.187,0
47,68.84,Two Year,0,30.05,0,0.0333,0
31,50.25,Month-to-Month,2,13.71,0,0.2839,0
23,65.5,Month-to-Month,2,15.0,0,0.5275,0
14,88.55,Two Year,2,15.77,0,0.5125,1
30,31.54,Month-to-Month,0,7.73,0,0.132,0
15,22.66,Month-to-Month,2,10.9,0,0.3008,1
52,89.92,Month-to-Month,2,3.56,0,0.351,1
29,35.73,One Year,2,50.0,0,0.0568,0
38,57.4,Month-to-Month,2,2.62,0,0.2862,1
25,77.17,One Year,0,7.13,0,0.2766,0
44,63.82,Month-to-Month,0,2.65,0,0.176,0
21,63.53,Month-to-Month,1,0.95,0,0.5296,1
34,66.45,Month-to-Month,2,6.71,0,0.3974,0
24,115.37,One Year,1,3.49,0,0.6702,0
26,100.61,One Year,0,7.0,0,0.4434,1
47,51.13,Month-to-Month,1,6.54,0,0.1225,0
19,86.02,Month-to-Month,2,6.25,0,0.7621,1
35,75.11,One Year,1,1.05,0,0.2093,0
55,64.61,Two Year,1,4.64,1,0.0453,0
46,46.84,Month-to-Month,1,13.37,0,0.1024,0
21,74.03,One Year,2,3.03,1,0.5013,1
38,58.88,Month-to-Month,2,4.69,0,0.2957,0
10,57.41,Month-to-Month,1,5.45,0,0.6132,0
48,49.66,Month-to-Month,1,15.89,0,0.0991,0
72,85.0,One Year,1,8.53,1,0.0473,0
34,49.65,Month-to-Month,0,0.84,0,0.1935,0
56,49.77,Two Year,1,16.03,0,0.016,0
13,80.56,One Year,1,14.27,0,0.4962,1
16,62.11,Two Year,2,11.21,0,0.2722,0
25,62.65,Month-to-Month,0,5.02,0,0.3881,0
27,85.66,Month-to-Month,2,11.34,0,0.6477,0
34,91.27,Two Year,0,5.21,0,0.1912,0
21,22.44,One Year,0,10.67,1,0.0818,0
32,62.42,Two Year,2,16.97,1,0.1596,0
47,36.79,Month-to-Month,1,17.7,1,0.0883,0
38,57.26,Month-to-Month,1,4.85,1,0.2947,0
24,64.87,One Year,1,15.69,0,0.224,1
42,57.9,Month-to-Month,3,0.86,1,0.3613,0
24,44.49,One Year,0,0.86,0,0.1245,0
31,43.48,Month-to-Month,1,6.36,1,0.2764,0
46,79.56,Month-to-Month,2,8.44,0,0.3367,0
27,95.7,Month-to-Month,4,1.33,0,0.8366,1
14,23.79,Month-to-Month,4,5.11,0,0.4477,0
30,58.45,Month-to-Month,0,0.79,0,0.2934,1
46,79.64,One Year,6,7.37,1,0.4131,1
48,64.35,Month-to-Month,3,15.45,0,0.2311,0
16,42.73,Month-to-Month,0,10.7,0,0.3248,0
41,55.44,Two Year,0,3.8,0,0.0431,0
26,71.04,Month-to-Month,0,40.66,0,0.3163,0
58,58.86,Month-to-Month,0,8.7,0,0.0659,0
15,64.04,One Year,2,13.51,0,0.397,0
41,64.62,Two Year,2,8.86,0,0.0885,0
24,54.51,Month-to-Month,2,36.39,0,0.3323,0
21,81.33,Month-to-Month,1,13.78,1,0.6932,1
47,55.45,One Year,1,5.86,0,0.0588,1
50,44.89,Month-to-Month,1,3.66,0,0.0873,1
8,109.59,One Year,3,9.17,1,0.8966,1
47,63.44,Two Year,0,7.14,1,0.0518,0
28,20.0,Two Year,1,7.94,1,0.0445,0
30,90.09,Month-to-Month,2,3.36,0,0.6718,1
14,90.03,Month-to-Month,0,4.48,0,0.7568,0
40,74.14,Two Year,3,6.53,0,0.1634,0
72,77.63,Month-to-Month,1,14.62,0,0.0646,0
22,108.19,Month-to-Month,1,11.51,0,0.8095,1
53,45.74,One Year,1,1.01,0,0.0323,0
29,67.66,Month-to-Month,2,2.25,0,0.4954,0
22,104.39,Month-to-Month,2,0.5,1,0.8809,1
13,108.63,Two Year,0,0.5,1,0.6984,1
56,57.68,Month-to-Month,2,2.03,0,0.1206,0
31,105.2,Month-to-Month,0,12.85,0,0.6284,1
23,81.05,Month-to-Month,0,18.81,0,0.5179,1
25,94.9,One Year,4,3.98,0,0.6624,1
41,80.4,Month-to-Month,1,6.63,0,0.3521,0
23,71.11,Month-to-Month,1,9.79,1,0.6011,1
17,109.19,One Year,1,24.45,0,0.6425,1
28,54.43,Two Year,0,19.53,0,0.0727,0
27,103.05,Month-to-Month,0,0.5,0,0.7043,0
27,106.21,Two Year,2,2.28,0,0.5177,0
23,92.26,Month-to-Month,3,0.5,0,0.8145,1
53,63.57,One Year,1,7.67,0,0.0508,0
72,69.89,Month-to-Month,2,9.92,1,0.0893,0
16,39.5,Month-to-Month,1,2.95,0,0.3824,0
8,55.95,One Year,3,15.39,1,0.5596,1
26,77.41,Month-to-Month,1,4.82,0,0.5584,1
8,36.47,Month-to-Month,2,50.0,1,0.4333,0
12,59.04,Month-to-Month,3,0.5,0,0.7308,0
22,103.9,One Year,3,0.93,0,0.7237,1
41,61.91,Month-to-Month,0,2.87,0,0.1913,1
26,85.67,Month-to-Month,1,0.5,0,0.6452,0
6,76.33,Month-to-Month,0,12.2,0,0.7329,1
26,58.85,Month-to-Month,3,0.5,1,0.6153,1
27,61.9,Month-to-Month,2,11.06,0,0.4521,0
27,68.34,Month-to-Month,1,0.5,1,0.5566,1
50,23.98,Month-to-Month,1,2.33,0,0.0465,0
46,83.94,Month-to-Month,2,14.72,0,0.351,1
30,62.63,One Year,3,24.14,0,0.2096,0
72,84.64,One Year,1,4.28,1,0.0496,0
22,72.76,Two Year,0,28.04,0,0.1543,0
27,61.75,Month-to-Month,1,7.89,0,0.3886,0
29,68.95,Two Year,2,4.3,1,0.2518,0
12,69.02,Month-to-Month,3,12.99,0,0.7542,1
29,94.52,Two Year,3,2.8,0,0.4402,0
11,66.25,Month-to-Month,2,2.47,0,0.7342,0
20,70.76,Month-to-Month,0,8.55,0,0.5079,0
31,39.76,Month-to-Month,0,3.96,0,0.1628,0
14,64.06,Month-to-Month,2,1.17,1,0.7505,1
35,94.09,Two Year,0,0.55,1,0.2696,0
19,73.58,One Year,2,12.4,0,0.4247,1
24,43.38,Two Year,2,9.01,0,0.1129,0
38,45.52,One Year,0,4.25,0,0.0565,0
28,50.17,Month-to-Month,1,18.12,0,0.259,0
34,84.99,Month-to-Month,1,4.23,0,0.5011,0
37,82.53,Two Year,0,9.91,0,0.1239,0
28,20.0,One Year,2,19.19,0,0.0553,0
35,63.37,One Year,2,14.7,0,0.1546,0
20,67.95,Month-to-Month,1,5.72,0,0.5589,1
38,45.76,Month-to-Month,2,9.13,1,0.2522,0
26,57.19,Two Year,2,4.27,0,0.1652,0
54,91.62,Month-to-Month,0,8.33,0,0.2197,1
31,73.18,Month-to-Month,1,2.38,0,0.4467,0
22,55.01,Month-to-Month,3,4.56,0,0.5513,1
38,61.25,One Year,2,1.88,0,0.1499,0
55,60.44,Month-to-Month,1,0.5,0,0.1129,0
23,70.64,Month-to-Month,1,7.1,0,0.5376,1
21,36.41,Month-to-Month,2,15.99,0,0.3082,0
5,51.6,Month-to-Month,3,0.5,1,0.8123,1
31,85.71,Month-to-Month,2,1.75,0,0.6193,1
25,63.55,Month-to-Month,1,4.93,0,0.456,1
38,48.0,Two Year,0,8.77,0,0.0385,0
38,48.83,Two Year,2,1.5,0,0.0688,0
13,79.42,Month-to-Month,1,0.5,0,0.7599,0
45,54.64,One Year,1,5.86,1,0.0808,0
19,75.22,One Year,1,13.66,0,0.3663,0
23,52.46,Month-to-Month,1,0.5,0,0.4036,0
7,42.4,Month-to-Month,1,3.44,0,0.5467,1
35,69.89,Month-to-Month,1,8.71,0,0.3494,1
16,63.05,Month-to-Month,1,1.12,0,0.6008,0
21,78.7,Month-to-Month,3,2.15,0,0.7544,1
15,82.68,Two Year,1,6.13,0,0.4183,1
47,57.84,Month-to-Month,2,24.5,0,0.1435,0
24,71.98,One Year,1,2.71,0,0.3134,1
14,57.22,Month-to-Month,2,5.35,0,0.6202,0
14,77.67,Month-to-Month,3,4.09,0,0.8085,0
44,69.67,Month-to-Month,1,18.22,0,0.2145,1
18,52.52,Month-to-Month,1,0.6,0,0.4727,0
23,50.85,One Year,2,6.68,0,0.2222,1
30,70.37,One Year,1,14.97,0,0.2,0
25,88.24,Month-to-Month,1,35.46,0,0.5549,1
9,83.03,One Year,1,9.6,0,0.5926,0
40,46.14,Two Year,2,3.82,0,0.0556,0
26,48.24,One Year,1,4.25,0,0.148,1
34,51.19,Month-to-Month,1,3.47,0,0.2395,0
41,53.07,One Year,2,7.4,0,0.0902,0
8,28.67,Month-to-Month,2,10.76,0,0.4416,0
41,80.8,Two Year,2,13.69,0,0.134,0
72,55.88,Month-to-Month,0,4.31,1,0.0381,0
36,74.24,Month-to-Month,2,10.09,0,0.4233,0
55,58.68,Month-to-Month,2,19.84,1,0.1396,0
47,64.54,Month-to-Month,0,20.29,0,0.1255,0
41,51.3,Two Year,2,9.74,0,0.0577,0
47,64.43,Month-to-Month,2,8.1,0,0.2123,0
51,47.58,Month-to-Month,5,6.07,1,0.2571,0
52,64.58,Two Year,1,1.62,0,0.0407,0
14,94.14,Month-to-Month,2,1.06,0,0.8598,1
49,75.41,Month-to-Month,3,5.32,0,0.3269,1
26,70.82,One Year,0,1.39,0,0.2395,0
53,38.61,Month-to-Month,1,6.88,0,0.0571,0
38,76.35,Month-to-Month,1,8.3,0,0.365,1
14,78.29,Month-to-Month,2,5.97,1,0.8165,1
57,70.37,One Year,3,0.5,0,0.0915,0
19,69.29,Two Year,2,0.5,0,0.3249,1
25,62.2,Month-to-Month,0,0.96,0,0.3939,0
64,77.99,Month-to-Month,1,1.33,0,0.1236,0
32,92.94,Month-to-Month,1,36.75,0,0.4889,0
24,71.61,Two Year,1,3.38,0,0.2221,1
28,45.57,Month-to-Month,1,2.76,0,0.2712,1
24,47.1,Two Year,1,0.5,0,0.1139,0
44,79.52,Month-to-Month,1,8.07,1,0.3779,0
24,45.73,Two Year,1,8.45,0,0.096,0
29,69.02,One Year,0,1.54,0,0.1963,0
39,58.09,One Year,2,20.13,0,0.1001,0
37,43.56,Month-to-Month,1,12.9,0,0.1497,0
20,81.65,One Year,1,2.09,0,0.4487,1
44,79.14,Month-to-Month,2,5.32,0,0.3689,1
22,37.89,Month-to-Month,2,4.91,0,0.3376,0
16,74.63,Month-to-Month,1,3.43,1,0.7376,0
10,71.71,Two Year,0,13.61,0,0.3131,1
27,81.75,One Year,2,0.93,0,0.4171,0
11,68.34,Month-to-Month,0,4.29,1,0.7019,1
19,93.54,One Year,2,4.47,0,0.6263,0
29,62.47,Month-to-Month,0,5.06,0,0.3242,1
51,59.56,Two Year,1,15.81,1,0.0409,0
25,45.5,One Year,2,1.97,0,0.1778,0
13,46.32,One Year,2,0.87,0,0.3248,0
28,44.51,Month-to-Month,1,7.69,0,0.2554,1
50,69.37,Two Year,0,1.53,0,0.0436,1
25,59.62,Two Year,1,0.62,1,0.2028,0
55,71.61,One Year,0,4.45,1,0.066,0
29,40.82,Month-to-Month,5,1.98,0,0.4523,1
42,47.89,One Year,0,3.59,1,0.0659,0
33,47.55,One Year,1,2.41,0,0.1024,1
54,108.39,Month-to-Month,1,0.78,0,0.4259,1
72,61.69,Month-to-Month,0,6.57,1,0.0448,0
23,63.67,Month-to-Month,2,0.5,1,0.6361,0
32,63.45,One Year,0,27.14,0,0.1019,0
51,96.06,Month-to-Month,1,3.34,0,0.3569,1
33,32.73,Month-to-Month,1,9.5,0,0.1358,0
10,63.8,One Year,3,13.3,0,0.5326,0
25,32.55,Month-to-Month,1,2.62,0,0.2212,1
33,20.0,Month-to-Month,2,11.05,0,0.113,0
61,50.32,Month-to-Month,4,14.29,0,0.0977,0
31,73.24,Two Year,2,2.21,0,0.2097,0
18,49.04,One Year,2,39.14,0,0.1796,1
34,72.92,Month-to-Month,2,0.5,0,0.4813,1
58,67.13,Two Year,1,1.96,1,0.0425,1
21,62.22,Month-to-Month,0,12.11,0,0.4129,1
22,90.3,Two Year,1,1.73,0,0.389,0
21,53.08,Month-to-Month,0,9.59,0,0.3443,0
14,72.61,Month-to-Month,0,15.48,0,0.5959,1
30,28.94,Month-to-Month,2,25.6,0,0.1436,0
28,66.98,Month-to-Month,2,5.14,0,0.4903,1
10,59.86,Month-to-Month,1,28.35,0,0.5514,1
19,41.36,One Year,0,4.24,0,0.1404,1
32,72.97,Two Year,1,1.97,0,0.1592,0
41,50.22,Month-to-Month,1,5.77,0,0.1621,0
47,99.64,Month-to-Month,0,8.39,0,0.3683,0
43,20.0,Month-to-Month,2,4.9,1,0.0964,0
29,69.97,Month-to-Month,2,6.7,1,0.572,0
12,65.85,One Year,4,4.31,1,0.6724,1
26,59.38,Month-to-Month,0,5.95,0,0.3381,0
6,54.42,One Year,0,24.39,0,0.29,1
32,66.37,Month-to-Month,3,5.54,0,0.4867,1
20,86.24,Month-to-Month,0,2.34,0,0.6591,1
8,31.56,Month-to-Month,2,11.38,0,0.4664,0
35,48.88,Month-to-Month,0,3.29,0,0.173,0
58,43.99,Month-to-Month,1,13.55,0,0.0484,0
11,43.05,One Year,3,0.5,0,0.3759,0
37,71.85,Month-to-Month,1,3.23,0,0.3548,1
24,76.79,Month-to-Month,2,0.79,1,0.7217,1
19,86.3,One Year,1,0.71,0,0.5079,1
19,77.1,Month-to-Month,0,8.59,0,0.5794,0
24,78.72,One Year,2,3.89,0,0.4242,1
24,36.76,Month-to-Month,2,16.41,0,0.2731,0
29,94.67,Month-to-Month,0,5.81,0,0.5997,1
18,60.8,Two Year,2,2.8,1,0.3318,0
20,85.66,One Year,3,10.21,0,0.5748,1
39,37.48,Month-to-Month,2,7.83,0,0.1513,0
17,60.17,Month-to-Month,2,12.86,0,0.5699,0
33,83.86,Two Year,2,8.25,0,0.2322,0
24,65.56,Month-to-Month,0,1.46,0,0.4282,0
22,49.92,Month-to-Month,5,8.88,0,0.6128,1
67,91.2,One Year,0,3.97,0,0.0492,1
14,41.57,One Year,1,4.98,1,0.2725,0
60,64.59,One Year,1,20.36,0,0.0305,0
44,77.8,One Year,1,3.57,0,0.1415,0
21,106.91,One Year,0,7.57,1,0.6471,0
45,55.83,Two Year,1,3.61,0,0.0461,0
4,59.47,One Year,4,0.8,0,0.6747,1
20,56.11,Month-to-Month,1,4.83,0,0.4659,1
17,69.77,Month-to-Month,0,7.27,0,0.5481,0
36,76.76,One Year,3,4.19,1,0.367,1
41,86.87,Two Year,0,3.96,0,0.1185,0
35,80.12,Month-to-Month,4,13.74,0,0.5931,1
31,55.05,Month-to-Month,0,0.5,1,0.3192,0
46,81.27,Two Year,0,2.8,0,0.0783,0
43,66.83,One Year,0,13.36,0,0.0747,0
20,79.91,Month-to-Month,1,20.26,0,0.6028,0
22,81.05,One Year,3,4.25,0,0.5353,1
42,97.6,Two Year,2,17.57,0,0.2059,1
29,57.91,Two Year,3,1.77,1,0.2381,0
30,54.09,One Year,0,2.0,0,0.1201,0
32,73.94,Month-to-Month,1,14.98,1,0.4796,0
10,88.65,Two Year,0,18.69,0,0.4337,0
20,66.16,Month-to-Month,3,2.02,0,0.677,0
37,89.95,Two Year,6,0.5,0,0.4773,1
20,78.8,Month-to-Month,0,0.76,0,0.6123,1
26,60.98,Month-to-Month,0,2.42,0,0.3653,1
37,76.27,Month-to-Month,3,11.47,0,0.4807,1
47,56.3,Month-to-Month,0,5.71,0,0.1131,1
50,69.77,One Year,1,4.86,1,0.1021,0
52,43.54,Two Year,2,7.02,0,0.0246,0
27,63.64,One Year,1,17.67,1,0.2321,0
26,84.99,Two Year,4,0.76,1,0.5555,1
15,80.34,Month-to-Month,0,9.49,0,0.663,1
58,77.42,One Year,1,20.92,0,0.0517,0
25,70.75,Two Year,3,1.92,0,0.3081,0
57,68.2,One Year,1,14.55,0,0.0433,0
34,39.66,Month-to-Month,1,9.58,1,0.2074,0
49,60.88,One Year,3,0.5,0,0.1075,0
28,68.65,One Year,1,2.11,0,0.2413,1
39,42.51,Month-to-Month,0,7.45,0,0.1131,0
49,29.96,Two Year,1,5.58,1,0.019,0
22,87.58,Two Year,3,6.01,0,0.4713,0
52,66.02,Month-to-Month,0,2.11,1,0.1643,0
16,69.2,One Year,1,8.99,0,0.376,1
66,76.11,One Year,0,2.48,0,0.0318,0
32,45.36,One Year,0,3.95,1,0.1043,0
20,56.93,Month-to-Month,1,3.68,1,0.5453,1
44,95.08,Two Year,3,8.92,0,0.2364,0
35,55.23,Month-to-Month,3,0.76,0,0.3749,1
10,59.68,Month-to-Month,2,1.84,0,0.701,0
24,51.61,Two Year,0,1.79,0,0.105,0
17,50.18,One Year,4,0.92,0,0.4187,0
17,87.11,Two Year,1,1.86,0,0.4328,1
17,20.0,Month-to-Month,2,7.47,0,0.2626,1
38,55.86,Month-to-Month,0,10.54,0,0.1703,1
45,69.51,Two Year,2,8.64,0,0.0822,0
19,98.94,Month-to-Month,2,5.16,0,0.8375,1
9,42.3,Two Year,1,0.5,1,0.2713,0
6,38.89,Two Year,0,25.55,0,0.133,1
72,47.8,One Year,2,1.47,0,0.0141,0
32,79.03,Month-to-Month,0,8.83,0,0.4072,0
44,67.51,One Year,2,19.52,0,0.1056,0
26,36.15,Two Year,1,9.57,0,0.0621,0
7,66.99,Month-to-Month,1,1.97,0,0.7359,0
36,96.03,Month-to-Month,1,3.04,0,0.5738,0
63,70.29,Month-to-Month,2,0.5,1,0.1677,0
21,68.29,Month-to-Month,1,7.59,0,0.5458,1
7,69.49,Two Year,0,7.59,0,0.3569,0
15,73.29,Two Year,2,10.34,1,0.4552,1
45,39.66,Two Year,0,0.5,1,0.0291,0
35,60.36,One Year,1,13.62,1,0.1549,0
52,61.4,One Year,2,10.74,0,0.0627,0
29,55.33,Month-to-Month,5,1.21,0,0.5745,0
41,78.72,One Year,3,3.42,0,0.2511,0
23,52.32,One Year,3,8.14,0,0.2647,0
16,57.8,Two Year,1,5.48,0,0.2244,0
41,39.8,Two Year,3,0.98,0,0.0551,0
45,72.57,Two Year,2,0.73,0,0.1013,0
21,83.84,Two Year,0,12.17,0,0.2676,0
60,57.78,Two Year,2,1.36,0,0.027,0
61,81.15,Month-to-Month,2,1.51,0,0.1948,0
17,62.06,Two Year,0,14.22,0,0.1729,1
18,20.0,One Year,1,7.58,0,0.0916,0
18,63.97,Month-to-Month,2,7.43,0,0.6102,1
27,61.49,Month-to-Month,1,5.22,0,0.3959,0
24,67.06,One Year,2,6.73,0,0.3163,0
14,70.06,Month-to-Month,2,7.37,1,0.7737,1
18,51.32,Month-to-Month,3,27.49,0,0.4842,0
7,94.43,One Year,3,2.02,0,0.8172,1
8,63.68,Two Year,2,1.93,0,0.4251,1
12,61.01,Two Year,2,0.5,1,0.4276,1
72,79.89,Month-to-Month,1,8.59,0,0.0771,0
67,65.37,Month-to-Month,4,6.37,0,0.1247,0
42,116.32,Month-to-Month,2,0.94,0,0.7139,0
21,60.8,Month-to-Month,3,3.63,1,0.6808,1
12,72.04,Month-to-Month,2,1.57,0,0.7659,1
29,50.02,Two Year,1,3.22,0,0.0914,0
37,82.41,One Year,1,24.17,0,0.1814,0
19,71.17,Month-to-Month,0,9.2,0,0.5242,1
36,58.22,Month-to-Month,1,0.5,0,0.2771,0
15,47.55,Month-to-Month,1,2.33,0,0.4736,0
21,38.81,Month-to-Month,2,0.5,0,0.3707,1
26,73.37,Month-to-Month,2,10.04,0,0.5706,1
68,37.26,Two Year,2,5.07,0,0.0076,0
18,91.17,Month-to-Month,1,40.95,0,0.6544,0
37,39.74,Month-to-Month,1,10.58,0,0.1405,0
17,61.43,Month-to-Month,0,5.84,1,0.5663,1
15,47.37,One Year,3,13.07,0,0.313,0
19,65.65,Month-to-Month,4,9.76,0,0.7106,1
30,65.53,Month-to-Month,0,2.24,0,0.3496,0
64,73.9,Month-to-Month,1,6.04,1,0.133,0
21,34.47,One Year,2,6.5,0,0.1517,0
45,49.73,Month-to-Month,1,4.8,0,0.1297,0
70,84.41,Month-to-Month,0,1.58,0,0.0854,0
33,78.17,Month-to-Month,1,2.02,0,0.4623,0
50,20.0,Month-to-Month,3,2.64,0,0.0654,0
19,72.54,Month-to-Month,0,0.5,1,0.6487,0
36,44.35,Month-to-Month,1,19.91,0,0.1468,0
41,53.16,Month-to-Month,0,9.27,0,0.1388,0
13,60.45,Month-to-Month,1,9.36,1,0.6539,1
18,96.15,Month-to-Month,0,6.8,0,0.7515,0
25,44.15,Month-to-Month,1,9.35,0,0.2803,0
20,36.92,Month-to-Month,0,32.08,0,0.1884,0
27,74.01,Two Year,1,3.89,0,0.2125,1
12,64.44,One Year,1,9.97,0,0.3903,1
67,89.14,Two Year,2,3.56,0,0.0507,0
48,57.94,Two Year,1,15.41,0,0.0351,0
72,89.22,Two Year,2,15.62,0,0.0313,0
14,65.33,One Year,2,18.6,1,0.4704,0
37,75.58,One Year,2,0.5,0,0.2407,0
20,97.48,Month-to-Month,3,2.83,0,0.8632,1
15,61.66,Month-to-Month,1,1.15,0,0.5929,0
46,85.89,One Year,1,4.84,0,0.1574,0
30,52.73,Two Year,1,5.47,0,0.0913,0
24,69.55,Month-to-Month,1,2.36,0,0.5263,1
34,36.11,One Year,1,10.28,0,0.0596,0
18,54.91,Month-to-Month,2,2.52,1,0.6229,1
18,43.84,Month-to-Month,1,15.39,0,0.3525,1
20,89.42,Month-to-Month,0,1.56,0,0.691,0
51,99.78,Month-to-Month,0,3.66,0,0.3267,0
49,57.91,Month-to-Month,0,7.79,0,0.1065,0
14,49.54,One Year,1,7.44,0,0.263,1
65,38.72,Two Year,0,0.65,1,0.0085,0
29,70.29,Two Year,1,14.98,0,0.1486,0
36,52.95,Month-to-Month,2,7.29,1,0.3221,0
20,54.03,Two Year,2,16.31,0,0.1775,0
30,97.59,Month-to-Month,1,16.18,0,0.6326,0
15,59.07,Month-to-Month,1,6.32,0,0.5526,0
19,76.73,One Year,0,19.33,1,0.3731,1
44,66.06,Month-to-Month,1,15.09,0,0.193,0
45,37.9,Month-to-Month,0,25.38,0,0.0546,0
37,28.1,Month-to-Month,2,15.2,0,0.1106,0
23,74.75,One Year,2,13.77,0,0.3626,0
14,99.08,Month-to-Month,3,5.07,0,0.9027,1
54,71.3,One Year,1,1.91,0,0.0686,0
47,77.48,One Year,2,19.33,0,0.1239,1
9,46.91,One Year,2,10.26,0,0.344,0
45,85.3,Two Year,0,2.65,0,0.0932,1
24,85.05,Month-to-Month,0,3.34,0,0.5947,0
41,51.08,Month-to-Month,3,9.27,0,0.2334,0
12,75.91,Month-to-Month,0,5.2,0,0.6794,1
20,29.67,Month-to-Month,2,0.68,0,0.313,1
31,79.48,One Year,2,1.22,0,0.3396,1
67,53.55,Month-to-Month,2,10.95,0,0.0528,0
31,40.46,Month-to-Month,1,3.19,0,0.2087,0
50,73.05,One Year,2,5.67,0,0.1084,0
33,29.57,One Year,2,11.64,0,0.0629,0
32,71.85,One Year,0,11.13,0,0.1574,0
38,42.35,Two Year,1,1.46,0,0.0435,0
28,38.07,One Year,1,0.83,0,0.0983,0
44,66.2,One Year,0,7.16,0,0.0755,0
16,61.55,Month-to-Month,0,10.83,0,0.4853,1
29,94.14,Two Year,2,1.29,0,0.3923,1
69,39.3,One Year,0,3.72,0,0.0072,0
51,92.5,Month-to-Month,1,16.34,0,0.2852,0
35,42.25,Month-to-Month,1,23.09,0,0.1431,0
48,83.39,One Year,1,4.84,0,0.1376,0
60,87.12,Two Year,2,0.66,0,0.0705,0
8,71.43,Month-to-Month,1,2.38,0,0.7517,0
25,49.18,Month-to-Month,1,2.12,0,0.3367,1
20,34.54,Two Year,2,2.18,1,0.1498,0
13,25.96,Two Year,1,5.45,0,0.1013,0
72,102.05,Month-to-Month,2,7.0,0,0.1895,0
39,59.06,Month-to-Month,1,1.05,0,0.2394,0
47,42.91,One Year,1,17.61,0,0.0325,0
21,42.14,Month-to-Month,3,7.74,0,0.4421,0
25,68.36,Two Year,1,7.28,0,0.1874,0
29,57.1,Month-to-Month,2,34.92,1,0.3588,0
36,26.61,Month-to-Month,2,7.91,1,0.1625,0
43,82.29,Month-to-Month,0,21.16,0,0.2456,0
10,71.7,Month-to-Month,2,2.7,1,0.8305,1
42,101.8,Month-to-Month,0,2.2,0,0.482,0
26,87.82,Month-to-Month,1,5.81,0,0.6417,0
62,20.0,One Year,1,5.68,0,0.0074,0
55,93.34,Month-to-Month,0,2.05,0,0.2343,0
34,89.15,Two Year,1,9.62,0,0.2115,1
30,50.27,Month-to-Month,1,0.5,0,0.2916,0
25,56.35,One Year,2,9.39,0,0.2245,0
36,73.23,Month-to-Month,1,4.89,0,0.3731,1
54,44.72,Month-to-Month,2,9.34,0,0.0826,0
30,60.15,One Year,1,5.19,0,0.166,1
22,85.0,One Year,1,30.3,0,0.3531,0
30,75.35,One Year,2,3.26,0,0.314,0
34,51.66,One Year,2,32.4,0,0.0896,0
15,85.46,One Year,1,0.54,0,0.5595,1
13,71.06,Month-to-Month,0,9.21,0,0.615,1
22,70.37,Two Year,2,4.84,0,0.284,0
61,54.7,One Year,2,13.81,1,0.037,0
52,64.87,Two Year,1,12.47,0,0.0353,0
11,49.52,Two Year,2,12.88,0,0.2433,1
17,26.19,Month-to-Month,1,0.8,0,0.2729,1
43,59.4,Month-to-Month,0,13.82,0,0.143,0
23,62.56,One Year,2,1.93,0,0.3045,0
37,67.75,One Year,1,0.5,0,0.1565,0
12,89.24,One Year,3,1.96,0,0.7437,1
30,51.95,One Year,2,5.22,0,0.1664,1
28,57.64,Month-to-Month,2,10.84,0,0.3963,0
47,80.32,Month-to-Month,2,1.97,0,0.3484,1
36,49.95,Month-to-Month,1,0.96,0,0.2194,1
32,68.07,One Year,3,8.31,0,0.2755,1
10,56.83,One Year,0,33.03,1,0.2914,0
71,60.13,Month-to-Month,3,7.35,0,0.0698,0
41,80.16,One Year,1,9.4,0,0.1631,1
20,57.53,Month-to-Month,3,6.59,0,0.5941,0
31,80.81,Month-to-Month,0,12.2,0,0.4196,0
24,25.95,One Year,2,29.77,0,0.0726,0
26,36.41,Month-to-Month,1,6.28,0,0.2231,0
52,20.0,One Year,0,4.31,0,0.0103,0
17,41.68,Two Year,3,15.75,0,0.1738,1
42,102.14,Two Year,1,27.98,0,0.1656,0
53,64.65,Month-to-Month,1,1.11,0,0.1434,0
39,50.57,Month-to-Month,2,6.91,0,0.2212,1
27,80.66,One Year,1,12.58,1,0.3738,0
19,83.48,One Year,1,6.1,0,0.466,1
20,40.58,One Year,1,4.21,0,0.1546,0
31,114.96,Month-to-Month,0,8.52,1,0.7696,0
30,70.53,Month-to-Month,4,2.52,0,0.6275,1
45,73.05,One Year,0,3.44,0,0.0948,0
12,74.94,One Year,2,38.91,0,0.4328,0
52,74.9,Month-to-Month,0,8.1,1,0.1982,0
72,52.57,Month-to-Month,1,16.5,0,0.0272,0
28,107.25,One Year,1,13.19,0,0.506,1
26,59.3,Month-to-Month,1,8.45,1,0.4584,0
27,84.15,Month-to-Month,3,14.7,0,0.6747,1
31,55.5,Month-to-Month,3,2.71,0,0.4246,1
25,51.95,Month-to-Month,2,8.11,1,0.4742,0
9,103.04,One Year,1,7.14,0,0.7606,1
27,62.83,Month-to-Month,1,7.79,0,0.4028,1
17,64.32,Month-to-Month,1,1.48,1,0.6625,1
32,70.67,Month-to-Month,2,2.6,0,0.48,0
54,117.04,Month-to-Month,0,2.7,0,0.4232,1
17,108.38,One Year,2,7.37,0,0.7462,1
65,90.68,Month-to-Month,0,28.76,0,0.0936,0
24,120.0,One Year,2,24.64,0,0.6911,0
18,46.11,Month-to-Month,1,2.06,0,0.4104,1
41,78.12,Month-to-Month,2,2.91,0,0.4062,0
23,66.52,Month-to-Month,1,0.5,0,0.5285,0
29,29.62,Month-to-Month,1,4.07,0,0.1689,1
30,74.26,One Year,2,14.4,0,0.2733,1
40,55.18,Month-to-Month,1,19.79,1,0.2117,0
28,95.67,Two Year,0,2.16,0,0.2939,0
27,57.1,Month-to-Month,1,2.47,0,0.3812,1
24,55.96,Month-to-Month,2,2.0,0,0.476,0
38,95.66,Month-to-Month,3,3.45,0,0.6611,0
22,63.69,One Year,2,13.07,0,0.2963,0
55,88.26,Month-to-Month,0,8.33,0,0.1892,0
30,73.49,Month-to-Month,1,12.33,0,0.4367,1
10,73.76,Month-to-Month,3,7.0,0,0.8181,1
34,60.12,Month-to-Month,1,2.38,0,0.3011,0
37,75.04,Two Year,4,2.07,0,0.2425,0
56,62.37,Month-to-Month,4,0.5,0,0.2205,0
19,48.92,One Year,2,12.15,0,0.2288,0
18,62.91,One Year,1,15.02,0,0.2841,0
41,90.76,Month-to-Month,2,11.7,0,0.4904,0
51,75.72,Month-to-Month,0,0.62,0,0.1787,0
19,80.37,One Year,1,11.49,0,0.4185,1
34,65.03,Month-to-Month,1,0.5,0,0.3535,0
28,26.24,Month-to-Month,0,0.89,0,0.1298,0
19,40.57,One Year,0,4.65,0,0.131,0
